eCommerce-Cazadero/ecom-svc-catalog-webapp/env-qa5-backup-230922,503893859,1.0,503893859,503893859
eCommerce-Muir/ws-shopping-app-ios/release-6.7.0,4708860,14.1,4708860,4708860
eCommerce-Muir/ws-shopping-app-ios/TAH-6075,1732559,10.5,3548738,1732558.8333333
eCommerce-Rimo/ecom-app-product/RIMO-5106,1366244,10.0,1549715.2,1366243.7142857
eCommerce-Flatirons/ecom-app-registry/RM-37820,1089768,10.0,1139114.8,1089767.5
eCommerce-Kangto/dp-baselogic/TCE-24550-LATEST,7691452,1.0,7691452,7691452
eCommerce-Muir/ws-shopping-app-ios/develop-feature-pb-brand,6161259,6.6,8683693.2,6161259.25
eCommerce-Kedarnath/dp-sites/develop,5670634,1.0,5670634,5670634
eCommerce-Muir/ws-shopping-app-ios/TAH-6053,527368,10.0,1160198.6,527368.125
eCommerce-Rimo/dp-baselogic/RIMO-5090-23_18,5199795,8.1,5199795,5199795
eCommerce-MontBlanc/dp-sites/RIMO-5033,5118375,1.0,5118375,5118375
eCommerce-Rimo/dp-baselogic/PM-17907-23.18,4884286,5.0,6017269.4,4884286.3333333
eCommerce-MontBlanc/dp-sites/develop,4505571,3.0,4505571,4505571
eCommerce-Rimo/dp-sites/develop,4163799,2.6,4163799,4163799
eCommerce-Denali/dp-sites/denali-wrk-191104,4110883,1.0,4586063,4110883.3333333
eCommerce-Halfdome/dp-sites/hlfd-1716,3953019,3.0,4118607.4,3953018.6666667
eCommerce-Kangto/dp-baselogic/TCE-24550,3718280,1.3,4093775.2,3718280
eCommerce-Rimo/dp-baselogic/RIMO-5125,3636821,4.0,4140686.8,3636821.25
eCommerce-Shasta/dp-baselogic/PM-17686,3611503,1.0,3611503,3611503
eCommerce-Shasta/dp-baselogic/RM-37750,3566248,1.0,3566248,3566248
eCommerce-Fuya/dp-baselogic/PM-17994,3524198,1.5,3788647.6,3524198.5
eCommerce-Kangto/dp-baselogic/ADMIN-REDIRECTS,3482360,1.0,3482360,3482360
eCommerce-Rimo/dp-baselogic/RIMO-5034,3472022,8.0,3637545.4,3472022
eCommerce-Rimo/dp-baselogic/RIMO-5051,3455688,2.7,3655467.6,3455688.5
eCommerce-Rimo/dp-baselogic/PM-17901-23.18,3422400,2.0,3751188.2,3422400.5
eCommerce-Fuya/dp-baselogic/main,3420394,1.0,3767053.8,3420394
eCommerce-Shasta/dp-sites/SHASTA-develop,3411337,2.0,3411337,3411337
eCommerce-Denali/ecom-app-shop/PM-18039-R,3390927,8.3,5311064.2,3390926.7
eCommerce-Muir/ws-shopping-app-ios/release,3346236,2.5,3744004.2,3346236
eCommerce-Marcy/dp-baselogic/fix-PM-17618,3322379,1.0,3322379,3322379
eCommerce-Kangto/dp-baselogic/PM-18066,3311412,2.0,3342078.8,3311412.5
eCommerce-Rimo/dp-baselogic/develop,3274402,6.2,3464176.2,3274402.32
eCommerce-Shasta/dp-baselogic/develop,3201670,1.5,3232296.8,3201669.5
eCommerce-Fuya/dp-baselogic/PM-17996,3172182,1.6,3393002.6,3172182.25
eCommerce-Rimo/dp-baselogic/RIMO-5049,3150076,4.3,3714329,3150075.7272727
eCommerce-Fuya/dp-baselogic/env-qa14,3048906,2.3,2989976.8,3048906.2857143
eCommerce-Denali/ecom-app-shop/PM-18102,3032196,4.0,3032196,3032196
eCommerce-Kedarnath/dp-baselogic/develop,2938548,1.0,2938548,2938548
eCommerce-Rainier/dp-baselogic/PM-15195-2,2932812,2.0,3120829.2,2932812
eCommerce-Kangto/dp-baselogic/TCE-25219,2910824,7.2,3309491.8,2910824
eCommerce-Shasta/dp-baselogic/pm-18060,2890154,3.3,3078313.6,2890153.5
eCommerce-Shasta/dp-baselogic/PM-12920,2885972,4.7,3077099.6,2885972.2
eCommerce-Shasta/dp-baselogic/develop-bkp-5Oct23,2872022,1.0,2872022,2872022
eCommerce-Rimo/dp-baselogic/b2b2-23_18_coverage,2867584,1.7,3108740.4,2867584.5
eCommerce-Rimo/dp-baselogic/RIMO-5034-BR,2867170,1.8,2915353,2867170
eCommerce-Shasta/dp-baselogic/PM-12920-2318,2859618,1.0,2859618,2859618
eCommerce-Rimo/dp-baselogic/RM-38001,2851744,5.9,3014934.8,2851744
eCommerce-Rimo/dp-baselogic/b2b2-changes_coverage,2826762,2.0,2826762,2826762
eCommerce-Denali/ecom-app-shop/PM-18053,2825838,1.7,2972398.2,2825838
eCommerce-Kangto/dp-baselogic/TCE-25219-23-18,2792406,2.0,2811735,2792406
eCommerce-Shasta/dp-baselogic/RM-37750-br,2788064,3.0,2824606.2,2788064
eCommerce-Denali/dp-baselogic/INC003061016-Dev,2783430,3.0,2863456.6,2783430.3333333
eCommerce-Shasta/dp-baselogic/PM-12920-bkp,2774204,1.0,2774204,2774204
eCommerce-Rimo/dp-baselogic/PM-17901-23.16,2720340,1.0,2720340,2720340
eCommerce-Rimo/dp-baselogic/RIMO-5051-23-16-release,2690976,1.0,2690976,2690976
eCommerce-Denali/dp-baselogic/INC003061016,2667245,4.0,2667245,2667245
eCommerce-Halfdome/dp-baselogic/hlfd-1716,2667088,2.0,2710157.6,2667087.5
eCommerce-Rimo/dp-baselogic/RIMO-5135,2639155,3.0,2639155,2639155
eCommerce-Denali/dp-baselogic/denali-wrk-191104,2632309,1.0,2693957.8,2632308.75
eCommerce-Shasta/dp-baselogic/RM-37810,2623325,1.0,2623325,2623325
eCommerce-Muir/ws-shopping-app-ios/release-6.8.0,2609211,1.9,3052250,2609211.4545455
eCommerce-Rimo/web-component-ecom-checkout/RIMO-5050-1,260621,11.0,260621,260621
eCommerce-Rimo/web-component-ecom-checkout/RIMO-5050,255247,13.9,258912.4,255247
eCommerce-Rimo/dp-baselogic/develop_bkup_29Sept2023,2526430,1.0,2526430,2526430
eCommerce-Muir/ws-shopping-app-ios/develop-feature-split-pip,2523434,4.6,2669789,2523434
eCommerce-Kangto/dp-baselogic/TCE-25328-2316,2519476,1.0,2519476,2519476
eCommerce-Calinga/ecom-app-global/RIMO-5130,2515274,1.0,2515274,2515274
eCommerce-Muir/ws-shopping-app-ios/develop,2495499,6.8,2514531.2,2495498.5757576
eCommerce-Muir/ws-shopping-app-ios/release-6.7.1,2341129,5.0,2430108,2341129.3333333
eCommerce-Ishbel/ecom-app-shop/RM-37866-rls,2307192,4.0,2921613,2307191.8571429
eCommerce-Castle/ecom-app-shop/CASL-2533,2306026,2.0,2473016,2306025.5
eCommerce-Calinga/ecom-app-shop/develop,2234684,1.0,2371272.6,2234683.5
eCommerce-Fuya/ecom-app-product/redirect-nla,2221179,1.0,2221179,2221179
eCommerce-Castle/ecom-app-product/RM-37961-16.35.x,2216514,3.0,2216514,2216514
eCommerce-Calinga/ecom-app-product/develop,2179534,1.0,2179534,2179534
eCommerce-Ishbel/ecom-app-product/ISH-2467_feature-bv,2161192,1.0,2161192,2161192
eCommerce-Denali/ecom-app-shop/develop,2146595,3.2,2211964.8,2146595.0333333
eCommerce-Denali/ecom-app-shop/PM-17954-image,2139726,1.0,2139726,2139726
eCommerce-Ishbel/ecom-app-product/ISH-2476_env-qa36,2133467,5.3,2133467,2133467
eCommerce-Rimo/inventory/develop,2114132,1.0,2114132,2114132
eCommerce-Fuya/ecom-app-shop/PM-17994,2102584,2.0,2492346.6,2102584.5
eCommerce-Marcy/ecom-app-shop/TACO-4057-100323,2095746,1.0,2095746,2095746
eCommerce-Castle/ecom-app-product/CASL-2519,2068661,4.4,2236179.2,2068660.6
eCommerce-Ishbel/ecom-app-product/feature-enable-bazaarvoice,2052411,5.1,2267808.4,2052411.2
eCommerce-Kalanka/ecom-svc-customer/RM-37394,2048757,2.0,2048757,2048757
eCommerce-Ramen/ecom-app-shop/develop,2041393,2.3,2330858.6,2041393
eCommerce-Marcy/ecom-app-global/PERF-119,1954533,5.3,2917762.8,1954533.375
eCommerce-Denali/ecom-app-shop/PM-18240-R,1928886,3.0,2480551,1928886
eCommerce-Marcy/ecom-app-product/KIMCHI-2003-update,1925024,1.0,1925024,1925024
eCommerce-Muir/ws-shopping-app-ios/release-to-bedrock,1920532,1.0,1920532,1920532
eCommerce-Ramen/ecom-app-product/release_backup_20thSept23,1914103,1.0,1914103,1914103
eCommerce-Fengari/ecom-svc-customer/develop,1903275,1.0,1903275,1903275
eCommerce-Pinchot/ecom-app-content/qa22-console-logger,1899273,1.0,1899273,1899273
eCommerce-MontBlanc/ecom-app-global/SPIC-155-Logical-revert-for-OpenTelemetry-changes,1897523,1.0,1897523,1897523
eCommerce-Ishbel/ecom-app-product/RM-37839-16.26,1892826,1.0,1892826,1892826
eCommerce-Marcy/ecom-app-shop/TACO-4072-rls,1889021,4.0,1938688,1889021
eCommerce-Castle/ecom-app-shop/bye-bye-pixlee,1885854,5.9,2089297.2,1885854.2857143
eCommerce-Marcy/ecom-app-product/KIMCHI-2273,1880186,3.0,1948889.4,1880185.5
eCommerce-Boyne/ecom-app-product/rm-37884-release-16.35.x,1860106,1.7,1966493,1860106
eCommerce-Denali/ecom-app-shop/split-pip,1859735,3.0,2091242,1859735
eCommerce-Marcy/ecom-app-product/KIMCHI-2192-Open-Telemetry-for-release,1850022,3.4,1987148.4,1850022
eCommerce-Boyne/ecom-app-global/pm-17728-jumbled-images,1848021,1.0,1848021,1848021
eCommerce-Nuptse/ecom-app-shop/SPIC-107,1847052,4.0,1847052,1847052
eCommerce-Denali/ecom-app-shop/DENALI-7337,1817971,2.7,1869769.4,1817971.3333333
eCommerce-Rimo/ecom-svc-catalog-webapp/develop,1812664,3.0,1812664,1812664
eCommerce-Ramen/ecom-app-product/develop,1775372,3.2,1995157.4,1775372
eCommerce-Wallaroo/ecom-app-product/PERF-142,1764868,1.4,1866834.4,1764868
eCommerce-Ishbel/ecom-app-product/ISH-2467,1743698,2.8,1743698,1743698
eCommerce-Ishbel/ecom-app-product/ISH-2447-1,1742927,1.0,1742927,1742927
eCommerce-Denali/inventory/develop,1740856,1.0,2031090,1740856
eCommerce-Ishbel/ecom-app-product/heroimage-override-fix,1731224,1.0,1731224,1731224
eCommerce-Marcy/ecom-app-product/KIMCHI-2003,1721114,1.0,1721114,1721114
eCommerce-Ishbel/ecom-app-product/feature-direct-add-to-cart-yman-copy-10-3-22,1712131,1.0,1712131,1712131
eCommerce-Marcy/ecom-app-product/KIMCHI-2003-graphical-step-attribute-fixes,1708086,3.0,1742926.2,1708086
eCommerce-Flatirons/ecom-app-order-servicing/qa35-develop,1693879,2.5,2262392.8,1693879
eCommerce-Calinga/ecom-app-customer/RM-38002,1686653,2.0,2059524.2,1686653
eCommerce-Ishbel/ecom-app-product/FEATURE-ISH-2428,1686635,4.8,1885997,1686635
eCommerce-Boyne/ecom-app-product/testbranch,1675985,2.0,1675985,1675985
eCommerce-Flatirons/ecom-app-order-servicing/PM-18125,1668566,3.0,2169440.6,1668566
eCommerce-Boyne/vue-component-ecom-product-recommendations/rm-37884,1665383,6.0,1665383,1665383
eCommerce-Castle/ecom-app-product/z-index-issue,1664324,1.0,1664324,1664324
eCommerce-Ishbel/ecom-app-product/feature-direct-atc-yman,1661880,2.0,1661880,1661880
eCommerce-Rimo/ecom-app-product/RM-37794-New,1659248,3.0,1693600.6,1659248.5
eCommerce-Castle/ecom-app-product/PM-18024-release,1655504,2.0,1655504,1655504
eCommerce-Boyne/ecom-app-product/rm-37600,1653969,4.0,1752048.4,1653968.6666667
eCommerce-Castle/ecom-app-shop/deploy-qa57-shop,1639083,3.6,1831265.4,1639082.8
eCommerce-Rimo/ecom-app-product/RM-37794,1634774,6.0,1761743.8,1634773.6666667
eCommerce-Denali/ecom-app-shop/PM-18197,1629590,1.0,1629590,1629590
eCommerce-Ramen/ecom-app-shop/env-qa50,1623816,1.0,1656255.8,1623816.5
eCommerce-Denali/ecom-app-shop/PM-18053-vis-nav,1619055,2.5,1780620.4,1619055
eCommerce-Denali/ecom-app-shop/search-mfe,1614951,4.2,1740232.2,1614951.2
eCommerce-Ishbel/ecom-app-product/regenerate_package-lock,1611892,2.0,1887754.6,1611892
eCommerce-Denali/ecom-app-shop/PM-18039,1611656,1.0,1611656,1611656
eCommerce-Denali/ecom-app-shop/PM-18102-campaign,1604576,1.0,1604576,1604576
eCommerce-Boyne/ecom-app-shop/review-free-shipping-recs,1600618,2.0,1654016.4,1600618.5
eCommerce-Marcy/ecom-app-product/KIMCHI-1946-UPDATE,1599951,4.2,1722064.4,1599950.625
eCommerce-Ramen/ecom-app-phygital/develop,1593127,1.6,1826509.4,1593127
eCommerce-Kangto/inventory/PM-18066,1583053,4.5,1583053,1583053
eCommerce-Marcy/ecom-app-product/1626-availability-fix,1563961,3.0,1764952,1563961
eCommerce-Shasta/ecom-app-shop/PM-18104,1558812,1.0,1558812,1558812
eCommerce-Ishbel/ecom-app-product/feature-enable-bazaarvoice_backup_before_reset_to_release,1557206,1.0,1557206,1557206
eCommerce-Ishbel/ecom-app-product/env-qa36-backup,1546532,1.0,1546532,1546532
eCommerce-Boyne/ecom-app-product/pm-17592-release-16.18.x,1546508,2.0,1555856.6,1546508
eCommerce-Rimo/ecom-app-product/RM-37718,1546030,2.5,1648443,1546030.5
eCommerce-Denali/inventory/DENALI-73331_BR,1539554,1.4,1681794.6,1539554.4
eCommerce-Ishbel/ecom-app-product/ISH-2447,1534328,2.0,1534328,1534328
eCommerce-Denali/inventory/DENALI-7331,1533394,2.2,1675504,1533393.5
eCommerce-Castle/ecom-app-product/PM-18024-qa57,1524637,2.0,1636004,1524636.75
eCommerce-Ramen/ecom-app-product/PM-17976-2316,1523998,4.0,1626667.4,1523998
eCommerce-Castle/ecom-app-product/RM-37963-16.35.x,1523029,2.0,1523029,1523029
eCommerce-Castle/ecom-app-product/PM-18024-release-16.26.x,1516356,1.0,1516356,1516356
eCommerce-Shasta/inventory/HLFD-1701-PC-bkup-18-Sep,1514036,1.0,1514036,1514036
eCommerce-Boyne/ecom-app-product/pm-18020-deploy,1510598,2.0,1510598,1510598
eCommerce-Ramen/ecom-app-product/PM-17976,1500620,6.0,1632946.4,1500620
eCommerce-Muir/ws-shopping-app-ios/develop-feature-pb-brand-SHOPTAB,1500040,3.2,1518308,1500039.5
eCommerce-Rimo/ecom-app-product/RIMO-5067-pip1-hide,1495813,2.0,1577902,1495813
eCommerce-Boyne/ecom-app-product/rm-37884,1492392,3.3,1671151.6,1492391.6666667
eCommerce-Ramen/ecom-app-global/develop,1490487,1.7,1871173,1490487
eCommerce-Denali/ecom-app-shop/PM-18039-R1,1487692,7.0,1550207.4,1487691.5
eCommerce-Shasta/inventory/HLFD-1701-PC,1487187,5.0,1545670.8,1487187
eCommerce-Castle/ecom-app-shop/RM-37944,1480676,2.7,1604660.8,1480676
eCommerce-Fuya/ecom-app-shop/nla-301,1477453,1.0,1477453,1477453
eCommerce-Rimo/ecom-app-product/RIMO-5109,1476396,5.0,1576294.4,1476395.5
eCommerce-Calinga/ecom-app-global/RIMO-5045,1474977,2.0,1668153.6,1474977.3333333
eCommerce-Ramen/ecom-app-order-servicing/develop,1474445,1.6,2372303.2,1474445
eCommerce-Flatirons/ecom-app-customer/catalog-request,1467613,3.6,1854426,1467613.3333333
eCommerce-Castle/ecom-app-product/RM-37963,1465670,3.0,1465670,1465670
eCommerce-Ishbel/ecom-app-product/feature-splitpip-multiguided,1464629,3.3,1807596,1464628.8333333
eCommerce-Flatirons/ecom-app-customer/gift-card-20-sep,1462349,1.7,1484406.2,1462349
eCommerce-Fuya/ecom-app-product/deploy-qa14,1458535,1.3,1617007.6,1458534.6666667
eCommerce-Ishbel/ecom-app-product/RM-37890-rls-16.35.x,1457095,3.0,1817272.8,1457094.75
eCommerce-Ishbel/ecom-app-product/feature-dynamic-messaging-pr,1456428,1.0,1456428,1456428
eCommerce-Fuya/ecom-app-product/FUYA-2278,1453609,2.5,1480115.8,1453609
eCommerce-Rainier/ecom-app-phygital/PM-17828,1448395,3.0,1448395,1448395
eCommerce-Marcy/ecom-app-product/KIMCHI-2192-Open-Telemetry-for-release-16.26.x,1446178,5.2,1540860.6,1446178.125
eCommerce-Denali/ecom-app-global/develop,1441953,1.0,1652631.6,1441952.6
eCommerce-Rimo/ecom-app-product/RIMO-5088,1440138,5.1,1641052.6,1440138.1428571
eCommerce-Boyne/ecom-app-shop/deploy,1439571,1.0,1439571,1439571
eCommerce-Wallaroo/ecom-app-shop/test-codeowners,1421464,1.0,1421464,1421464
eCommerce-Flatirons/stored-value-card-orchestration-service/HLFD-1809,1419018,1.8,1419018,1419018
eCommerce-Kangto/inventory/PM-18066-LATEST,1413086,7.0,1540794.6,1413085.8
eCommerce-Flatirons/ecom-app-shop/revert-opentelemetry-changes,1412379,1.0,1412379,1412379
eCommerce-Boyne/ecom-app-product/pm-18020,1408697,3.0,1475948.2,1408696.6666667
eCommerce-Denali/ecom-app-shop/PM-17899,1408267,1.7,1534860.2,1408266.6666667
eCommerce-Castle/ecom-app-shop/PM-18088,1405932,5.0,1552094.8,1405931.5
eCommerce-Boyne/ecom-app-product/redo-2315-pm-17952,1397640,1.0,1397640,1397640
eCommerce-Boyne/ecom-app-product/review-rm-37600-16.28.x,1396940,1.0,1396940,1396940
eCommerce-Boyne/ecom-app-product/revert-branch,1395817,1.0,1395817,1395817
eCommerce-Denali/ecom-app-shop/PM-18137,1393892,7.0,1393892,1393892
eCommerce-Shasta/inventory/develop_bkp_20Sept23,1392289,1.0,1392289,1392289
eCommerce-Denali/ecom-app-shop/PM-18240,1388719,4.0,1388719,1388719
eCommerce-Fuya/ecom-app-shop/PM-18017,1383651,3.4,1388929.2,1383651
eCommerce-Denali/ecom-app-shop/PM-16139,1383509,3.6,1573854.4,1383509.1111111
eCommerce-Castle/ecom-app-product/deploy-qa57,1383308,2.3,1690427,1383307.8333333
eCommerce-Fuya/ecom-app-product/404-test,1380525,1.0,1380525,1380525
eCommerce-Ishbel/ecom-app-product/splitPip_feature,1380272,2.0,1380272,1380272
eCommerce-Marcy/ecom-app-shop/RM-38088,1371250,2.0,1371250,1371250
eCommerce-Marcy/ecom-app-product/KIMCHI-2261,1368982,3.3,1453816,1368981.6
eCommerce-Denali/inventory/DENALI-7330,1368530,1.5,1368530,1368530
eCommerce-Ramen/ecom-app-customer/develop,1362790,1.5,1865381.4,1362790.5
eCommerce-Flatirons/ecom-app-registry/revert-opentelemetry,1361095,2.5,1390213,1361095
eCommerce-Rimo/ecom-app-product/develop,1356770,3.5,1453984,1356769.5
eCommerce-Ishbel/ecom-app-product/ISH-2456,1352223,2.6,1439774.4,1352223
eCommerce-Denali/inventory/DENALI-7330_Backup,1347334,1.0,1347334,1347334
eCommerce-Kangto/inventory/TCE-25601,1345797,8.0,1391220.2,1345797
eCommerce-Ishbel/ecom-app-product/release_Delay-loaded-component-names,1345487,1.0,1345487,1345487
eCommerce-Rainier/ecom-app-product/e-gift-card,1345010,1.0,1345010,1345010
eCommerce-Castle/ecom-app-product/bye-bye-pixlee,1338743,2.2,1399793.6,1338742.6666667
eCommerce-Calinga/ecom-app-registry/RIMO-5045-21092023,1331041,1.0,1331041,1331041
eCommerce-Ishbel/ecom-app-product/PM-18224,1323199,1.0,1323199,1323199
eCommerce-Fuya/ecom-app-product/main,1306669,1.0,1383705.4,1306669
eCommerce-Flatirons/ecom-app-customer/emailSignupMobileResponsive,1301744,2.0,1301744,1301744
eCommerce-Boyne/ecom-app-product/free-shipping-2317,1300304,1.0,1300304,1300304
eCommerce-Marcy/ecom-app-shop/TACO-4057,1295790,4.0,1332118,1295790.3333333
eCommerce-Denali/ecom-app-shop/PM-18137-R,1294629,2.0,1294629,1294629
eCommerce-Fuya/ecom-app-shop/main,1280831,2.6,1389058.4,1280830.6
eCommerce-Castle/ecom-app-shop/CASL-2532-release,1279794,1.0,1279794,1279794
eCommerce-Castle/ecom-app-shop/RM-37961,1277458,1.0,1277458,1277458
eCommerce-Fuya/ecom-app-shop/deploy-qa14,1268580,4.1,1449959.6,1268580.1
eCommerce-Calinga/ecom-app-global/develop,1267966,4.4,1471145,1267965.9047619
eCommerce-Shasta/inventory/PM-18044,1266687,3.0,1334627.8,1266687
eCommerce-Denali/inventory/DENALI-7331_Cleanup,1266287,1.0,1266287,1266287
eCommerce-Boyne/ecom-app-product/review-pm-18020-16.26.x,1266259,1.0,1266259,1266259
eCommerce-Boyne/ecom-app-shop/split-pip-set,1264584,2.5,1330264.4,1264583.6666667
eCommerce-Denali/ecom-svc-catalog/adding-sub-groups-wrk,1263434,2.0,1291267.4,1263434
eCommerce-Cazadero/ecom-svc-catalog/fix-flag-service-issues-backup-230925,1261788,1.0,1261788,1261788
eCommerce-Ishbel/ecom-app-product/release_belowbuybox-cleanup,1261243,2.0,1275680.2,1261243
eCommerce-Boyne/ecom-app-product/review-revert-branch,1261088,1.0,1261088,1261088
eCommerce-Shasta/ecom-app-product/PM-18104,1260448,4.3,1439693,1260447.6666667
eCommerce-Ishbel/ecom-app-product/RM-37890,1259690,4.0,1433067,1259690.3333333
eCommerce-Ishbel/ecom-app-product/ISH-2436-1,1253171,1.0,1253171,1253171
eCommerce-Flatirons/ecom-app-customer/featuredptomfe,1252448,5.7,1930554.8,1252448
eCommerce-Ishbel/ecom-app-product/ISH-2436-3,1241300,3.0,1321825.6,1241300.5
eCommerce-Castle/ecom-app-shop/CASL-2532,1234950,6.0,1248879.2,1234950.5
eCommerce-Marcy/ecom-app-shop/RM-38070-fix,1230546,3.0,1230546,1230546
eCommerce-Calinga/ecom-app-global/hotfix-23.16,1228203,2.0,1228203,1228203
eCommerce-Shasta/ecom-app-global/develop,1226654,1.7,1561375.4,1226654.3333333
eCommerce-Flatirons/ecom-app-product/reverting-opentelemetry-changes,1224783,1.0,1224783,1224783
eCommerce-Boyne/ecom-app-global/review-pm-17728-jumbled-images,1223639,3.0,1369457.4,1223639.3333333
eCommerce-Boyne/ecom-app-product/review-rm-37600-16.26.x,1221083,1.0,1221083,1221083
eCommerce-Fuya/ecom-app-phygital/PM-17891,1219452,4.2,1616543,1219452.25
eCommerce-Ishbel/ecom-app-product/release_PM-18232,1215458,1.0,1215458,1215458
eCommerce-Nuptse/ecom-svc-app-delivery/logcorrelation_v2,1214638,2.2,1214638,1214638
eCommerce-Rainier/stressed-out/RAIN-eGiftCardOrch,121415,11.8,134824.2,121415.2
eCommerce-Ramen/ecom-app-product/env-qa50,1213483,1.0,1213483,1213483
eCommerce-Ramen/ecom-app-content/mficocelli-patch-1,1212799,1.0,1212799,1212799
eCommerce-Ishbel/ecom-app-product/RM-37956,1209585,1.0,1209585,1209585
eCommerce-Rimo/ecom-app-product/RIMO-5107,1208880,3.0,1324303.2,1208880
eCommerce-Castle/ecom-app-shop/CASL-2532-revert,1206698,2.0,1207237.2,1206697.5
eCommerce-Castle/ecom-app-shop/RM-37855,1204250,1.0,1204250,1204250
eCommerce-Kangto/inventory/TCE-25450,1201038,1.0,1201038,1201038
eCommerce-Rimo/ecom-app-product/develop_bck_5thOct2023,1189473,1.0,1189473,1189473
eCommerce-Fuya/ecom-app-product/nla-301,1187170,2.5,1289732.8,1187170.5
eCommerce-Wallaroo/ecom-app-global/PERF-142,1181202,1.0,1315302.4,1181201.5
eCommerce-Castle/ecom-app-shop/CASL-2532-redux,1180919,1.0,1180919,1180919
eCommerce-Denali/ecom-svc-catalog-webapp/PM-17435,1172507,3.2,1239109.8,1172506.75
eCommerce-Ishbel/ecom-app-product/ISH-2414,1159244,2.5,1200966.4,1159244
eCommerce-Castle/ecom-app-product/RM-37961,1155812,4.0,1155812,1155812
eCommerce-Pinchot/ecom-svc-app-delivery/pinchot-localdev,1154529,1.0,1154529,1154529
eCommerce-Ishbel/ecom-app-product/ISH-2470,1146440,2.0,1157904.6,1146439.5
eCommerce-Flatirons/ecom-app-customer/fix-responsive,1144282,1.0,1144282,1144282
eCommerce-Flatirons/ecom-app-registry/RM-37579,1133805,7.0,1216870.4,1133805
eCommerce-Castle/ecom-app-shop/CASL-2533-qa,1126435,1.0,1126435,1126435
eCommerce-Denali/ecom-svc-catalog-webapp/PM-17435-BR,1118552,1.7,1216828.2,1118551.5
eCommerce-Castle/ecom-app-shop/CASL-2533-release,1117091,1.0,1117091,1117091
eCommerce-Cazadero/ecom-svc-catalog/env-qa5-backup-230922,1116393,1.0,1116393,1116393
eCommerce-Denali/ecom-svc-catalog/DENALI-7391,1103680,3.0,1103680,1103680
eCommerce-MontBlanc/ecom-app-global/PM-17851,1099485,1.7,1099485,1099485
eCommerce-Kangto/ecom-svc-catalog-webapp/TCE-25601,1097061,1.4,1226150.2,1097061.25
eCommerce-Castle/ecom-app-product/PM-18025,1091937,1.0,1091937,1091937
eCommerce-MontBlanc/ecom-app-global/revert-905-MON-1259-Open-Telemetry-for-release,1091875,1.0,1091875,1091875
eCommerce-Marcy/ecom-app-shop/RM-38088-rls,1085872,1.0,1085872,1085872
eCommerce-Cazadero/ecom-svc-catalog-webapp/env-qa5,1082942,3.6,1137222.4,1082941.6
eCommerce-Rainier/pricing-service/RAIN-4504-remove-old-taxes,1079002,2.0,1125843,1079002.5
eCommerce-Cazadero/ecom-svc-catalog/env-qa5,1077621,2.2,1361479,1077620.75
eCommerce-Rainier/pricing-service/RAIN-4504-change-itemTypes,1059831,4.6,1029384.6,1059831
eCommerce-Castle/ecom-app-product/RM-37855-16.35.x,1051830,1.0,1051830,1051830
eCommerce-Castle/ecom-app-product/RM-38084,1050800,1.0,1050800,1050800
eCommerce-Fuya/ecom-app-phygital/main,1045761,1.0,1277358,1045761
eCommerce-Halfdome/loyalty/HLFD-1679-encrypt-decrypt-2,1044145,1.0,1044145,1044145
eCommerce-Flatirons/ecom-svc-customer/HLFD-1770,1043247,3.6,1124102.4,1043247.25
eCommerce-Shasta/wsi-b2b/PM-17973,1025888,4.3,1033382,1025887.6666667
eCommerce-Ishbel/ecom-app-product/release_PM18207,1021370,2.0,1077768,1021369.5
eCommerce-MontBlanc/ecom-app-global/MON-1259-Open-Telemetry-for-release,1019144,1.0,1047210.2,1019144
eCommerce-Flatirons/ecom-svc-customer/develop,1015591,2.0,1015591,1015591
eCommerce-Fuya/ecom-svc-catalog-webapp/env-qa14,1008899,1.0,1197338.2,1008898.6666667
eCommerce-Marcy/ecom-app-global/PERF-140,1006750,1.3,1036553,1006749.5
eCommerce-Shasta/ecom-svc-catalog-webapp/develop_bkp_15Sep23,992624,2.2,1105977.8,992624.33333333
eCommerce-Castle/ecom-app-product/RM-37855,988720,2.0,988720,988720
eCommerce-Boyne/ecom-app-global/rm-37714,988326,1.0,988326,988326
eCommerce-Calinga/ecom-app-global/RIMO-5045-15092023,982431,1.0,982431,982431
eCommerce-Nuptse/platform-svc-session/PK-27,982220,1.0,982220,982220
eCommerce-Denali/ecom-svc-catalog-webapp/denali-dynamic-shop-path-wrk,978107,1.0,978107,978107
eCommerce-Calinga/ecom-app-customer/RIMO-5076-15092023,977828,1.0,977828,977828
eCommerce-Rimo/ecom-svc-catalog-webapp/develop-bkp-21Sept23,977536,1.0,977536,977536
eCommerce-Ramen/ecom-app-content/mficocelli-patch-2,974423,1.0,974423,974423
eCommerce-Flatirons/ecom-app-content/qa35-develop,960166,1.0,960166,960166
eCommerce-Ramen/ecom-app-global/env-qa50,959087,1.0,959087,959087
eCommerce-Kalanka/ecom-app-registry/kal-release-6.2.x,956074,4.0,1240169.2,956074
eCommerce-Marcy/ecom-svc-catalog-webapp/RM-37700,953108,5.9,953108,953108
eCommerce-Marcy/ecom-svc-catalog-webapp/local-test,951101,2.0,951101,951101
eCommerce-Denali/ecom-svc-catalog/develop,950903,2.5,1110835.6,950902.75
eCommerce-Boyne/ecom-app-registry/free-shipping-2317,948834,2.0,995988.2,948834.5
eCommerce-Rimo/ecom-app-global/RM-38002,947816,3.0,947816,947816
eCommerce-Shasta/ecom-svc-catalog-webapp/master,943743,1.0,943743,943743
eCommerce-Boyne/ecom-app-global/free-shipping-2317,928376,1.0,928376,928376
eCommerce-Denali/ecom-app-global/search-mfe,913944,3.2,1005581,913943.83333333
eCommerce-Nuptse/ecom-app-order-servicing/HLFD-1661,910734,1.7,958667.6,910734.5
eCommerce-Flatirons/ecom-svc-customer/feature-email-list,907718,1.0,909338,907718
eCommerce-Kangto/ecom-svc-catalog-webapp/TCE-25450,895441,1.0,895441,895441
eCommerce-Fuya/ecom-app-phygital/deploy-qa14,892192,3.0,1065913.8,892192.33333333
eCommerce-Pinchot/ecom-app-content/MVale-patch-1,890566,2.0,890566,890566
eCommerce-Denali/ecom-svc-catalog/DENALI-7284,890182,3.1,1071858,890182.5
eCommerce-Fuya/ecom-app-global/deploy-qa14,888995,1.0,1042835.4,888994.66666667
eCommerce-Nuptse/datafeeds-app/NUPT-1252,886155,1.0,886155,886155
eCommerce-Kangto/ecom-svc-catalog-webapp/PM-18066,884901,1.0,884901,884901
eCommerce-Boyne/ecom-app-global/deploy,883880,1.0,911242,883880.5
eCommerce-Calinga/ecom-app-registry/develop,881150,1.6,906133,881150.28571429
eCommerce-Fuya/ecom-app-global/main,880016,1.0,1083582,880016.33333333
eCommerce-Nuptse/datafeeds-app/NUPT-CatalogApi-Upgrade-for-PIP-Slice,877590,1.0,1000112,877590.5
eCommerce-Flatirons/vue-component-ecom-account/featuredptomfe,875770,1.0,875770,875770
eCommerce-Castle/vue-component-ecom-shop-by-room/RM-37855,863799,4.2,971274.6,863798.8
eCommerce-Denali/ecom-svc-catalog-webapp/PM-17574,862610,2.0,868158.8,862610
eCommerce-Rainier/ecom-app-order-servicing/PM-17348,848406,4.2,1015224,848405.5
eCommerce-Nuptse/datafeeds-app/develop,848207,1.5,999404.6,848206.75
eCommerce-Tunchu/edam-end-to-end-tests/bvt-integration,846458,5.6,962750,846458.16666667
eCommerce-Shasta/ecom-app-customer/PM-18104,844162,3.0,900029,844161.5
eCommerce-Calinga/ecom-app-order-servicing/RIMO-5076,838176,4.2,934831,838176.14285714
eCommerce-Calinga/ecom-app-registry/RIMO-5045-15092023,833122,1.0,833122,833122
eCommerce-Flatirons/vue-component-ecom-account/phone-28-sep,830049,1.5,830049,830049
eCommerce-Calinga/ecom-app-global/RIMO-5048,825270,1.0,960239.2,825270.25
eCommerce-Kalanka/ecom-app-registry/RM-37394,822247,2.9,726900,822247.18181818
eCommerce-Nuptse/datafeeds-app/NUPT-960-PB-Performance,813666,1.4,847123.4,813666
eCommerce-Ishbel/ecom-app-global/env-qa36,811125,1.0,811125,811125
eCommerce-Denali/ecom-svc-catalog/PM-17435,807097,3.8,884415.6,807097.4
eCommerce-Flatirons/ecom-svc-customer/featur-email-list,802224,4.6,824979.8,802223.71428571
eCommerce-MontBlanc/ecom-svc-registry-webapp/develop,800885,3.2,867937.2,800885.33333333
eCommerce-Boyne/vue-component-ecom-product-recommendations/review-tig-6600-release-4.2.x,799305,2.0,799305,799305
eCommerce-Flatirons/ecom-app-customer/qa35-develop,799090,2.0,799090,799090
eCommerce-Cazadero/ecom-svc-catalog-webapp/gen-pinning-feature,792791,1.7,792791,792791
eCommerce-Fuya/ecom-svc-catalog-webapp/main,791848,1.0,791848,791848
eCommerce-Castle/vue-component-ecom-shop-by-room/atc-button-change,791634,1.0,791634,791634
eCommerce-Shasta/ecom-app-global/SHSTA-8949,788990,3.0,880156.8,788989.85714286
eCommerce-Pinchot/ecom-app-content/PM-18098-origin,765733,3.0,765733,765733
eCommerce-Flatirons/vue-component-ecom-account/email-list-API,764966,1.0,764966,764966
eCommerce-Nuptse/datafeeds-app/NUPT---Catalog-API-upgrade-and-validation-for-slice-PIP,764743,1.0,764743,764743
eCommerce-Boyne/vue-component-ecom-product-recommendations/rm-37884-smlt-style,760086,4.0,760086,760086
eCommerce-Castle/vue-component-ecom-shop-by-room/CASL-2531,758832,4.0,848013.6,758832
eCommerce-Fuya/ecom-svc-catalog/PM-17996-PR,758733,3.0,758733,758733
eCommerce-Boyne/ecom-app-phygital/review-free-shipping-recs,755726,1.0,755726,755726
eCommerce-Flatirons/vue-component-ecom-account/phone-4-oct,749221,1.0,749221,749221
eCommerce-Rainier/ecom-app-order-servicing/PM-15977,748469,2.4,1027733,748468.83333333
eCommerce-Shasta/ecom-app-order-servicing/develop,744028,2.0,798007.8,744028.5
eCommerce-Flatirons/vue-component-ecom-account/gift-card-27-sep,743559,1.0,743559,743559
eCommerce-Nuptse/datafeeds-app/NUPT-1213,740373,1.5,763912.4,740373
eCommerce-Rimo/ecom-svc-account/23.18-fix,735291,3.0,987425.8,735291
eCommerce-Flatirons/ecom-app-customer/email-UI-fix,734692,1.0,734692,734692
eCommerce-Kangto/ecom-svc-catalog/TCE-25601,732996,1.0,732996,732996
eCommerce-Shasta/ecom-svc-catalog/PM-18044,732782,1.0,732782,732782
eCommerce-Denali/ecom-svc-catalog/DENALI-7293-develop,732386,3.6,755184.6,732385.5
eCommerce-Denali/ecom-svc-catalog/denali-split-pip-wrk-copy,727260,1.0,727260,727260
eCommerce-Kangto/ecom-svc-catalog/TCE-25450,727025,1.0,727025,727025
eCommerce-Fuya/ecom-svc-catalog/main,723812,1.0,755731.2,723812.14285714
eCommerce-Castle/vue-component-ecom-shop-by-room/z-index-issue,718951,1.0,718951,718951
eCommerce-Flatirons/ecom-app-order-servicing/config-slow-issue,716179,5.0,867228.6,716179.2
eCommerce-Rainier/ecom-app-order-servicing/claimcodepopup-1,716028,4.2,959856.2,716027.76923077
eCommerce-Calinga/ecom-app-registry/RIMO-5045,715290,1.8,827254.6,715290
eCommerce-Castle/vue-component-ecom-shop-by-room/PM-18025,707077,1.0,784747.6,707077
eCommerce-Kangto/ecom-svc-catalog-webapp/PM-18066-LATEST,705608,1.0,705608,705608
eCommerce-Kalanka/ecom-app-registry/GMTPUAT-1537,704262,1.0,704262,704262
eCommerce-Flatirons/ecom-app-customer/gift-card-27-sep,695781,1.0,695781,695781
eCommerce-Rainier/stored-value-card-orchestration-service/RAIN-4756,694495,3.0,928715.8,694495
eCommerce-Nuptse/datafeeds-app/NUPT-1168,694117,1.0,694117,694117
eCommerce-Castle/vue-component-ecom-shop-by-room/atc-modal,690088,1.0,690088,690088
eCommerce-Denali/ecom-svc-catalog/DENALI-7351,683356,5.5,752093,683356.42857143
eCommerce-Wallaroo/ecom-app-style-guide/staging,682885,1.0,682885,682885
eCommerce-Flatirons/vue-component-ecom-account/defaultCatalog,682559,1.0,682559,682559
eCommerce-Kangto/datafeeds-app/TCE-25328,680148,1.0,680148,680148
eCommerce-MontBlanc/ecom-app-registry/MON-1255-Open-Telemetry-for-release,678422,2.6,728619.6,678422.2
eCommerce-Calinga/ecom-app-global/PM-18204,677651,1.0,677651,677651
eCommerce-Calinga/ecom-app-order-servicing/RIMO-5076-15092023,676376,1.0,676376,676376
eCommerce-Calinga/vue-component-ecom-account/RIMO-5076_2,674537,1.0,674537,674537
eCommerce-Cazadero/ecom-app-product/assortment,674513,1.7,674513,674513
eCommerce-Castle/vue-component-ecom-shop-by-room/CASL-2532-qa,668111,4.3,782340,668111.33333333
eCommerce-Muir/ws-shopping-app-ios/feature-MSHAPP-4171-Update-Colors,666710,1.5,1192386,666709.75
eCommerce-Denali/feed-generator/DENALI-7331_DcToHub_backup,666107,1.0,666107,666107
eCommerce-Calinga/ecom-app-customer/RIMO-5076,664536,3.9,703981,664535.75
eCommerce-Rainier/stored-value-card-orchestration-service/TCE-25952,663106,4.0,814709,663106.5
eCommerce-Fuya/ecom-svc-catalog/PM-17996,656484,7.2,696721,656484.125
eCommerce-Denali/ecom-svc-catalog/DENALI-7351-fix,654782,1.0,654782,654782
eCommerce-Denali/ecom-svc-catalog/DENALI-7284-1,654099,1.7,674471,654098.66666667
eCommerce-Denali/ecom-svc-catalog/PM-17574,652505,1.7,708379.2,652505
eCommerce-Fuya/ecom-app-phygital/PM-15205,651221,3.0,673610.4,651221.33333333
eCommerce-Flatirons/vue-component-ecom-account/vue-26-sep,650389,2.0,650389,650389
eCommerce-Shasta/wsi-b2b/percent_fix,650024,2.0,789140.4,650023.5
eCommerce-Fuya/ecom-svc-catalog/env-qa14,642899,1.0,692585.6,642898.66666667
eCommerce-Pinchot/ecom-app-content/deploy-qa22,641374,2.5,726627.8,641374.25
eCommerce-Calinga/vue-component-ecom-account/RIMO-5076,639692,2.2,694152.2,639692
eCommerce-Denali/ecom-svc-catalog/denali-split-pip-wrk,638084,4.3,706021.4,638084.375
eCommerce-Fuya/ecom-app-content/FUYA-2269,634628,5.0,820719.6,634628.2
eCommerce-Wallaroo/vue-component-ecom-content/PERF-142-v5,634079,1.0,634079,634079
eCommerce-Kalanka/ecom-app-registry/PM-17826,633858,2.8,699220.6,633857.55555556
eCommerce-Denali/ecom-svc-catalog/PM-17435-BR,632149,3.0,659422,632149.16666667
eCommerce-Castle/vue-component-ecom-shop-by-room/RM-37961,627404,1.0,668725.8,627403.5
eCommerce-Boyne/vue-component-ecom-product-recommendations/review-tig-6600-release-4.1.x,622645,1.0,622645,622645
eCommerce-Fuya/ecom-svc-catalog/PM-17996-qa5,622576,1.7,627769,622576
eCommerce-Kalanka/registry-admin/GMTPUAT-1456,622440,3.0,650266,622439.5
eCommerce-Shasta/ecom-app-customer/develop,621324,3.9,675391.8,621324.5
eCommerce-Pinchot/ecom-app-content/PM-18098-dp-app,618041,6.0,769367,618040.66666667
eCommerce-Castle/vue-component-ecom-shop-by-room/deploy-qa57,608820,2.4,675371.8,608820
eCommerce-Shasta/vue-component-ecom-account/SHSTA-8948,608318,6.0,633032,608318
eCommerce-Flatirons/ecom-app-customer/revert-telemetry-23.17,604490,4.0,655187.2,604489.5
eCommerce-Wallaroo/ecom-app-content/PERF-142,604250,2.0,733089.4,604250.5
eCommerce-Denali/ecom-svc-catalog/spli,603564,1.0,603564,603564
eCommerce-MontBlanc/ecom-svc-registry-webapp/develop_29Sept23,603398,1.0,603398,603398
eCommerce-Shasta/ecom-app-customer/RM-37743,603158,2.0,627775,603158.5
eCommerce-Kangto/ecom-svc-catalog/TCE-25219,599084,3.0,599084,599084
eCommerce-Rainier/ecom-app-order-servicing/RM-37860,597487,1.0,597487,597487
eCommerce-Castle/vue-component-ecom-shop-by-room/mobile-price-formatter-error,594237,6.0,649732.4,594236.75
eCommerce-Denali/ecom-svc-catalog/DENALI-7397,592052,1.0,592052,592052
eCommerce-Kangto/ecom-svc-catalog/PM-18066,591305,1.0,591305,591305
eCommerce-Pinchot/ecom-app-content/PIN-1804,590125,4.0,732155.6,590125
eCommerce-Castle/vue-component-ecom-shop-by-room/bye-bye-pixlee,589061,4.6,562705,589060.66666667
eCommerce-Denali/ecom-svc-catalog/DENALI-7395,587156,1.0,604229.4,587155.5
eCommerce-Rainier/ecom-app-order-servicing/RM-37928,586476,2.0,709744.2,586476.5
eCommerce-Denali/ecom-svc-catalog/DENALI-7261,586164,2.0,587776,586163.5
eCommerce-Ramen/vue-component-ecom-navigation/develop,585964,1.7,707188,585963.66666667
eCommerce-Shasta/ecom-app-registry/PM-18104,585049,1.0,585049,585049
eCommerce-Cazadero/ecom-svc-catalog/env-qa5-backup-100423,584625,1.0,584625,584625
eCommerce-Ishbel/vue-component-ecom-quick-add/lint-fix,583822,2.0,641241.2,583821.5
eCommerce-Shasta/wsi-b2b/develop,582665,3.1,668728.2,582665.42857143
eCommerce-Boyne/ecom-app-customer/review-free-shipping-recs,580330,2.0,580330,580330
eCommerce-Ramen/vue-component-ecom-account/develop,573052,3.3,664081.8,573052.33333333
eCommerce-Denali/ecom-svc-catalog/INC003061016,572681,1.0,572681,572681
eCommerce-Shasta/ecom-app-phygital/PM-18104,568996,1.0,568996,568996
eCommerce-Ramen/vue-component-ecom-content/env-qa50,564030,1.7,624776.4,564030.33333333
eCommerce-Rainier/loyalty/develop,562925,1.0,562925,562925
eCommerce-Halfdome/loyalty/HLFD-1678,560230,4.0,661583,560229.83333333
eCommerce-Cazadero/ecom-svc-catalog/flag-service-v2,555259,4.6,592669.4,555259.25
eCommerce-Calinga/ecom-app-registry/RIMO-5045-20092023,552936,1.0,552936,552936
eCommerce-Flatirons/ecom-app-customer/revert-telemetry-23.18,552847,8.0,721215.4,552846.6
eCommerce-Flatirons/ecom-app-order-servicing/reverting-telemetry-changes,551845,6.0,576673.6,551845
eCommerce-Halfdome/loyalty/HLFD-1678-2,548739,2.8,684911,548738.83333333
eCommerce-Denali/feed-generator/DENALI-7331_Bedrock_PR,547864,1.7,741596.2,547863.66666667
eCommerce-Denali/ecom-svc-catalog/DENALI-7391-fix-test,545108,1.0,545108,545108
eCommerce-Castle/vue-component-ecom-shop-by-room/CASL-2532-feature,544800,1.0,567338.2,544799.5
eCommerce-Denali/ecom-svc-catalog/DENALI-7293,544620,5.0,544620,544620
eCommerce-Ishbel/vue-component-ecom-quick-add/ISH-2470,543918,2.0,548601.8,543918.5
eCommerce-Cazadero/ecom-svc-catalog/fix-flag-service-issues,543641,3.3,582291,543640.66666667
eCommerce-Shasta/ecom-svc-catalog/HLFD-1701-PC,543242,1.0,543242,543242
eCommerce-Rainier/stored-value-card-orchestration-service/RAIN-4548-backup,541886,1.0,541886,541886
eCommerce-Flatirons/vue-component-ecom-account/reverting-telemetry,541296,4.3,590845,541295.5
eCommerce-Marcy/vue-component-ecom-product-price/canada-develop,538375,1.0,758676,538375.25
eCommerce-Flatirons/vue-component-ecom-favorites/test-case-fix,534238,2.6,534238,534238
eCommerce-Kangto/ecom-svc-catalog/PM-18066-LATEST,533928,1.0,533928,533928
eCommerce-Boyne/ecom-app-registry/free-shipping,532470,4.0,557485.8,532470
eCommerce-Rainier/stored-value-card-orchestration-service/RAIN-4641,528519,3.0,617638.8,528519
eCommerce-Marcy/ecom-svc-catalog/local-test,528433,2.0,528433,528433
eCommerce-Shasta/wsi-b2b/PM-17969,528330,1.7,569366,528330
eCommerce-Denali/ecom-svc-catalog/DENALI-7350,526575,2.0,530784.6,526575
eCommerce-Pinchot/ecom-app-content/PM-18098-appUri,526226,2.0,538763.2,526226.5
eCommerce-Shasta/vue-component-ecom-account/SHSTA-8948-review,526048,3.7,553784,526047.83333333
eCommerce-Ramen/ecom-app-content/env-qa50,526027,2.0,587323.2,526027.25
eCommerce-Boyne/vue-component-ecom-product-recommendations/tig-6600-release-4.1.x,521338,3.4,524702.2,521338
eCommerce-Denali/ecom-svc-catalog/denali-collections-work,520176,1.0,520176,520176
eCommerce-Marcy/vue-component-ecom-product-recommendations/canada-develop,517380,1.5,626887.6,517379.5
eCommerce-Rainier/ecom-app-order-servicing/claimcodepopup,515371,3.0,515371,515371
eCommerce-Calinga/ecom-app-registry/RM-38002,515063,5.0,541477.4,515063
eCommerce-Flatirons/ecom-app-customer/PM-18125,514867,1.0,514867,514867
eCommerce-Flatirons/ecom-app-customer/joinOurEmailListResponsive,514851,2.5,560221,514851.33333333
eCommerce-Pinchot/ecom-app-content/proxy-timeout,513278,3.4,531935.4,513278.33333333
eCommerce-Rainier/stored-value-card-orchestration-service/TCE-25852,512902,6.8,649352.6,512902
eCommerce-Pinchot/ecom-app-content/PIN-1749-Logging-fixes,511343,3.0,601290,511343.4
eCommerce-Marcy/vue-component-ecom-inline-monopz/qa49,510914,1.0,516026.6,510914
eCommerce-Rimo/ecom-svc-address/develop,509760,1.0,509760,509760
eCommerce-Rimo/ecom-app-order-servicing/RM-38002,506704,3.0,524019.4,506704
eCommerce-Wallaroo/ecom-app-customer/env-qa55,506499,1.0,506499,506499
eCommerce-Flatirons/vue-component-ecom-account/phone-3-oct,505116,1.0,505116,505116
eCommerce-Pinchot/ecom-app-content/PM-18098-ut,503965,1.0,503965,503965
eCommerce-Kalanka/vue-component-ecom-create-registry/kal-release-6.2.x,503572,1.0,596668.6,503572
eCommerce-Ramen/vue-component-ecom-content/mficocelli-patch-1,502529,1.0,502529,502529
eCommerce-Fuya/ecom-app-content/deploy-qa14,500057,2.6,536496.8,500056.66666667
eCommerce-Shasta/credit-card-orchestration-service/uat,498065,1.0,498065,498065
eCommerce-Shasta/ecom-app-content/PM-18104,496948,1.0,496948,496948
eCommerce-Denali/ecom-svc-catalog/denali-dynamic-shop-path-wrk,496916,1.0,496916,496916
eCommerce-Boyne/vue-component-ecom-product-recommendations/review-rm-37884,495637,4.0,495637,495637
eCommerce-Denali/feed-generator/develop,493996,1.8,681882,493996.45454545
eCommerce-Wallaroo/vue-component-ecom-product-recommendations/PERF-142-v4,493740,1.0,493740,493740
eCommerce-Ishbel/vue-component-ecom-quick-add/ISH-2435,493188,6.2,554591.6,493188.5
eCommerce-Rimo/vue-component-ecom-product-recommendations/RIMO-5067-new,486159,1.0,486159,486159
eCommerce-Rimo/ecom-svc-banner/develop,483030,3.0,768045.6,483029.75
eCommerce-Rainier/ecom-svc-order-servicing/RAIN-4746,482215,4.3,502743.8,482215.2
eCommerce-Shasta/ecom-app-customer/SHSTA-8948-8947,479210,1.0,479210,479210
eCommerce-Shasta/ecom-app-order-servicing/PM-18104,477395,1.0,477395,477395
eCommerce-Kalanka/ecom-app-registry/shasta-dev,474728,7.0,474728,474728
eCommerce-Rainier/stored-value-card-orchestration-service/RAIN-4527,474154,7.0,544313.2,474153.97435897
eCommerce-Wallaroo/vue-component-ecom-content/mficocelli-patch-1,469221,1.0,469221,469221
eCommerce-Flatirons/ecom-app-order-servicing/build-slow-ness,469086,2.0,485902.6,469085.5
eCommerce-Kedarnath/loyalty/develop,464845,1.0,464845,464845
eCommerce-Pinchot/ecom-app-content/PM-18098,464616,6.5,606476.2,464615.7
eCommerce-Rainier/ecom-svc-phygital/PM-18022,462391,1.7,764836,462391.33333333
eCommerce-Boyne/vue-component-ecom-content/review-free-shipping-recs,460177,2.0,478051,460177
eCommerce-Ishbel/vue-component-ecom-quick-add/ISH-2433-atc,457990,2.0,457990,457990
eCommerce-Shasta/wsi-b2b/allow_percent_in_email,457677,2.6,458902.2,457677
eCommerce-Muir/ws-shopping-app-ios/bugfix-needle,456813,2.0,662662.8,456813
eCommerce-Rimo/ecom-svc-account/RIMO-5125,453832,5.0,575938.8,453831.8
eCommerce-Rainier/ecom-svc-order-servicing/RAIN-4716,451745,3.0,466595.4,451745
eCommerce-Fuya/ecom-app-content/debug-ttl,451304,1.0,458139,451303.5
eCommerce-Wallaroo/vue-component-ecom-product-recommendations/PERF-142,446605,2.5,468424.2,446605.25
eCommerce-Fuya/ecom-app-content/main,444225,2.7,496899,444224.66666667
eCommerce-Rainier/stored-value-card-orchestration-service/RAIN-4549-1-ready,442222,1.0,442222,442222
eCommerce-Wallaroo/ecom-styles-common/WROO-2028-release,441797,2.0,454632.8,441797
eCommerce-Rainier/stored-value-card-orchestration-service/RAIN-4549-1-backup,440732,1.0,440732,440732
eCommerce-Boyne/web-component-ecom-checkout/rm-37601,440688,9.0,583685,440687.5
eCommerce-Boyne/vue-component-ecom-product-recommendations/freeship-suppress-rvi,438140,3.0,483596.6,438140
eCommerce-Shasta/wsi-b2b/log_fix,437767,3.0,451993.2,437767.33333333
eCommerce-Ishbel/vue-component-ecom-quick-add/ISH-2436,436962,2.0,444859.2,436962
eCommerce-Halfdome/loyalty/HLFD-1679-decrypt-certificate-request,436496,3.8,459246,436495.5
eCommerce-Ishbel/vue-component-ecom-quick-add/ISH-2445,436144,6.0,436144,436144
eCommerce-Ishbel/vue-component-ecom-quick-add/ISH-2433-migrate-services,435818,1.0,435818,435818
eCommerce-Wallaroo/ecom-styles-common/WROO-2028,434073,1.0,434073,434073
eCommerce-Kalanka/vue-component-ecom-create-registry/RM-37394,431765,7.4,497843.8,431764.69230769
eCommerce-Flatirons/ecom-app-order-servicing/reverting-telemetry-changes-23.17,430970,2.6,454129.8,430970
eCommerce-Muir/ws-shopping-app-ios/feature-MSHAPP-1058-navigate-to-lookbook,424320,1.7,672471.2,424319.66666667
eCommerce-Boyne/vue-component-ecom-product-recommendations/rm-37714,423532,1.0,423532,423532
eCommerce-Pinchot/vue-component-ecom-content/remove_express,423375,1.0,424086.6,423375
eCommerce-Rainier/stored-value-card-orchestration-service/e-giftcard-test,422072,5.9,465656.2,422072.5
eCommerce-Wallaroo/ecom-styles-common/staging,421079,2.0,463660.4,421079
eCommerce-Ishbel/vue-component-ecom-curalate/RM-37866-rls,420248,4.0,420248,420248
eCommerce-Rainier/ecom-svc-order-servicing/download-egc,413608,5.7,426085,413608
eCommerce-Kangto/event-notification-service/develop,411892,1.0,411892,411892
eCommerce-Rainier/stored-value-card-orchestration-service/RAIN-4716,411811,1.8,456241.6,411810.75
eCommerce-Ishbel/vue-component-ecom-quick-add/ISH-2414_events-fix,403483,1.0,403483,403483
eCommerce-Boyne/vue-component-ecom-product-recommendations/review-rm-37714,400376,2.0,406403.4,400375.5
eCommerce-Ishbel/vue-component-ecom-modal/RM-38082,398550,4.3,420131,398550.4
eCommerce-Rainier/stored-value-card-orchestration-service/Monthly-Reports-Backup,398253,1.0,398253,398253
eCommerce-Wallaroo/vue-component-ecom-content/PERF-142,396928,3.0,415044.2,396927.5
eCommerce-Flatirons/ecom-app-order-servicing/revert-telemetry-23.18,396038,2.0,405536.6,396038
eCommerce-Denali/feed-generator/DENALI-7279,394018,3.6,530353.6,394018
eCommerce-Calinga/ecom-app-customer/RIMO-5130,393545,1.0,393545,393545
eCommerce-Tunchu/edam-end-to-end-tests/create-dummy-users,391604,1.0,391604,391604
eCommerce-Boyne/ecom-app-content/review-free-shipping-recs,390947,3.0,400353.8,390946.66666667
eCommerce-Shasta/ecom-svc-delivery-estimate/develop,383022,1.0,383022,383022
eCommerce-Denali/feed-generator/DENALI-7390,376349,3.0,436241,376349
eCommerce-MontBlanc/ecom-svc-registry/PM-17894,371933,2.0,439373.6,371933
eCommerce-Calinga/vue-component-ecom-create-registry/RIMO-5045,370930,1.0,409941.8,370930.5
eCommerce-Flatirons/vue-component-ecom-content/reverting-telemetry,368656,1.0,376558.8,368656.5
eCommerce-Rainier/stored-value-card-orchestration-service/RAIN-4548,368341,4.3,368341,368341
eCommerce-Halfdome/loyalty/HLFD-1679-encrypt-decrypt,367810,1.8,367810,367810
eCommerce-Marcy/vue-component-ecom-inline-monopz/PM-17516,367237,4.0,423930.2,367236.66666667
eCommerce-Denali/feed-generator/DENALI-7331_DcToHub,364865,4.5,419409.2,364864.625
eCommerce-Denali/feed-generator/split-pip-phase3-wrk,362703,1.7,487480.8,362703.28571429
eCommerce-Rainier/stored-value-card-orchestration-service/RAIN-4527-copy,358029,1.8,394481.8,358029
eCommerce-Ishbel/vue-component-ecom-quick-add/feature-quickadd,356171,3.1,404967.4,356170.625
eCommerce-Rainier/stored-value-card-orchestration-service/BALANCE-ISSUE,353894,1.0,353894,353894
eCommerce-Rainier/stored-value-card-orchestration-service/RAIN-4503,350601,3.0,350601,350601
eCommerce-Vinson/platform-itpm-relay-connectors/develop,349954,6.0,428563.6,349954
eCommerce-Boyne/vue-component-ecom-product-recommendations/review-rm-37600,347264,3.4,377891.2,347264
eCommerce-Ishbel/vue-component-ecom-quick-add/ISH-2434,342582,6.3,362462.8,342581.75
eCommerce-Muir/ecom-app-checkout/native-app,338337,1.0,338337,338337
eCommerce-Donut/vue-component-ecom-quantity-selector/donut-main,337842,1.0,337842,337842
eCommerce-Fuya/ecom-app-content/temp-test,337589,1.0,337589,337589
eCommerce-Wallaroo/vue-component-ecom-favorites/PERF-142-v6,335160,2.5,335160,335160
eCommerce-Kangto/ecom-svc-delivery-estimate/PM-18066-LATEST,332630,1.0,332630,332630
eCommerce-Ishbel/vue-component-ecom-quick-add/ISH-2446,331617,1.0,331617,331617
eCommerce-Ramen/vue-component-ecom-product-recommendations/RM-37546,326315,4.0,354737.6,326315.33333333
eCommerce-Denali/feed-generator/DENALI-7418,325546,3.4,327818.4,325546.5
eCommerce-Marcy/vue-component-ecom-product-recommendations/RM-37806,321416,4.0,337466,321416
eCommerce-Marcy/vue-component-ecom-product-price/RM-37651,321307,4.1,374806.8,321307.25
eCommerce-Pinchot/ecom-app-content/PM-18098-post,317390,2.0,507824,317390
eCommerce-Wallaroo/vue-component-ecom-favorites/PERF-142,314138,1.7,314138,314138
eCommerce-Ishbel/vue-component-ecom-quick-add/ISH-2444,313598,5.0,313598,313598
eCommerce-Ampato/feed-generator/DENALI-7418,313398,2.0,313398,313398
eCommerce-Rainier/stored-value-card-orchestration-service/RAIN-4754,313057,1.7,329201.6,313056.75
eCommerce-Rimo/web-component-ecom-checkout/bug-fix,312257,8.7,336099.4,312256.66666667
eCommerce-Rainier/stored-value-card-orchestration-service/RAIN-4502-2,311666,2.5,311666,311666
eCommerce-Kangto/ecom-svc-delivery-estimate/PM-18066,310647,1.0,310647,310647
eCommerce-Boyne/vue-component-ecom-product-recommendations/rm-37600,309990,2.7,323252.2,309989.8
eCommerce-Tunchu/enterprise-dam/local-deployment-bedrock-branch,308883,2.0,316430.4,308883
eCommerce-Shasta/ecom-svc-phygital/PM-18022,299781,5.0,341812.8,299781
eCommerce-Queva/ecom-publishing-agent/PM-17645,294030,2.0,359929.8,294030
eCommerce-Fuya/vue-component-ecom-youtube-embed/FUYA-2278,293924,1.8,319977,293924
eCommerce-Boyne/vue-component-ecom-product-recommendations/deploy,291950,1.7,291950,291950
eCommerce-Kangto/ecom-svc-delivery-estimate/TCE-25601,287696,3.2,330693.8,287695.8
eCommerce-Shasta/vue-component-ecom-design-chat/PM-18104,286704,2.0,286704,286704
eCommerce-Ishbel/vue-component-ecom-quick-add/ISH-2433-add-to-cart,286042,2.0,290072.6,286041.5
eCommerce-Boyne/web-component-ecom-checkout/review-rm-37601,285528,3.0,302475.4,285527.5
eCommerce-Tirsuli/jsimageresolve/TIRS-2768-new,283738,2.0,368725.2,283738.5
eCommerce-Kalanka/ecom-svc-registry/can-email-domain,279086,1.0,279086,279086
eCommerce-Denali/feed-generator/RM-37882,278600,2.0,281994,278599.5
eCommerce-Denali/feed-generator/DENALI-7331-1,277613,1.0,277613,277613
eCommerce-Denali/feed-generator/DENALI-7261,275848,3.0,287827.4,275847.66666667
eCommerce-Denali/feed-generator/DENALI-7338-bugfix,275578,2.0,293428,275578
eCommerce-Denali/feed-generator/DENALI-7331,273732,2.0,286405.4,273732.5
eCommerce-Rimo/ecom-svc-banner/INC003049985,267840,9.0,317188.6,267840
eCommerce-Tunchu/enterprise-dam/feature-fix-psd-thumbnail-issue,266628,2.0,266628,266628
eCommerce-Fuya/ecom-sitemap-data-orchestrator/main,264667,2.0,291459.4,264667.4
eCommerce-Kangto/ecom-svc-delivery-estimate/TCE-25219,263475,1.0,263475,263475
eCommerce-Denali/feed-generator/DENALI-7293,263258,3.0,263258,263258
eCommerce-Shasta/ecom-svc-delivery-estimate/bopis-atp-calls,259939,3.0,310993,259938.66666667
eCommerce-Rainier/ecom-svc-banner/rtc-session-fix-removal,257617,1.0,257617,257617
eCommerce-Tunchu/enterprise-dam/TUN-1448,256622,1.0,284407,256622.5
eCommerce-Fuya/ecom-svc-phygital/deploy-qa14,252420,1.0,252420,252420
eCommerce-Kangto/ecom-svc-delivery-estimate/TCE-25450,241626,2.0,243494.2,241625.5
eCommerce-Tirsuli/dp-tools/TIRS-2768-new,240547,1.7,267201.8,240547.33333333
eCommerce-Fuya/ecom-sitemap-data-orchestrator/FUYA-2246,236845,2.6,253845.2,236844.8
eCommerce-Fuya/ecom-sitemap-data-orchestrator/env-intdev,235964,1.7,251793,235964.16666667
eCommerce-Denali/feed-generator/DENALI-7399,233511,1.7,251186.2,233511.33333333
eCommerce-Fuya/ecom-sitemap-data-orchestrator/FUYA-2273,231716,1.0,231716,231716
eCommerce-Rimo/saved-credit-card/develop,227430,1.0,227430,227430
eCommerce-Tirsuli/dp-tools/dynamic-shoppath,215023,2.0,215023,215023
eCommerce-Tirsuli/dp-tools/TIRS-2768-dynamic-shop-path-canregextract,213516,2.0,221340.8,213516.5
eCommerce-Shasta/vue-component-ecom-design-chat/PM-18104-2.3.x,210277,3.0,210277,210277
eCommerce-Rimo/ecom-svc-banner/test-rel-23-16,208041,4.3,245580,208040.9
eCommerce-Dunagiri/ws-registry-app-automation-tests/TAH-5266,206524,1.0,17824,206523.61290323
eCommerce-Queva/ecom-publishing-agent/PM-14834,201790,1.0,213895.6,201790.33333333
eCommerce-Tirsuli/dp-tools/TIRS-2768-synamic-shop-path-canregextract,199499,2.0,223853.6,199499
eCommerce-Muir/ws-shopping-app-ios/feature-MSHAPP-4169-Account-tab-styling,185012,1.0,185012,185012
eCommerce-Muir/ws-shopping-app-ios/Xcode-15-And-iOS-17-Support,183372,2.0,183372,183372
eCommerce-Tirsuli/jsimageresolve/For-Local,181475,1.0,181475,181475
eCommerce-Tirsuli/cq-solr-search/PM-15227-new,181334,2.0,188322,181333.5
eCommerce-Kangto/ecom-svc-delivery-estimate/TCE-25971,181124,3.0,191942.2,181124.5
eCommerce-Rainier/etcd-syncappconfig-job-chart/RAIN-4744,181006,1.0,181006,181006
eCommerce-Muir/ws-shopping-app-ios/feature-MSHAPP-4090-Product-Recs-on-Registry-List,180184,1.0,180184,180184
eCommerce-Muir/ws-shopping-app-ios/feature-MSHAPP-4225-pb-back-to-5-tabs,178740,2.0,179321.2,178739.5
eCommerce-Rimo/ecom-svc-support/develop-pr-review,169670,1.0,169670,169670
eCommerce-Muir/ws-shopping-app-ios/fix-MSHAPP-4240-Nothing-happened-on-click-on-Lear-More,168284,1.0,168284,168284
eCommerce-Kangto/ecom-svc-delivery-estimate/TCE-25935,167747,1.0,167747,167747
eCommerce-Muir/ws-shopping-app-ios/feature-pb-brand-SHOPTAB,167697,1.0,167697,167697
eCommerce-Muir/ws-shopping-app-ios/4135-SK,167413,1.0,167413,167413
eCommerce-Tirsuli/jsimageresolve/TIRS-2768,157969,4.0,157969,157969
eCommerce-Kangto/ecom-svc-delivery-estimate/bopis-atp-calls,156826,1.0,156826,156826
eCommerce-Muir/ws-shopping-app-ios/TAH-6096,153587,3.0,177034,153587.33333333
eCommerce-Muir/ws-shopping-app-ios/fix-MSHAPP-4205-missing-events,148392,1.0,148392,148392
eCommerce-Tirsuli/jsimageresolve/TIRS-2768-dynamic-shop-path,140727,3.0,168446.2,140727.33333333
eCommerce-Muir/ws-shopping-app-ios/feature%252FMSHAPP-3949-WS-Brand,139928,1.0,164935.6,139928.5
eCommerce-Muir/ws-shopping-app-ios/fix-RM-37971-Fix-filters-for-no-products-on-shop-grid,139322,1.0,169286.8,139322.5
eCommerce-Muir/ws-shopping-app-ios/feature-split-pip,138789,4.2,124154,138789.25925926
eCommerce-Tunchu/edam-common-config/feature-add-edam-pack-deserial,133624,2.0,142776.8,133623.5
eCommerce-Muir/ws-shopping-app-ios/fix-MSHAPP-4180-Navigation-Issues-PB-Home,124436,5.0,143125,124436
eCommerce-Muir/ws-shopping-app-ios/replace-rvi-request-to-recommendations-on-profile,117428,2.0,124561,117428.5
eCommerce-Muir/ws-shopping-app-ios/fix-MSHAPP-4168-Update-PB-Logo-Size,115709,1.0,115709,115709
eCommerce-Muir/ws-shopping-app-ios/pm-17756-guided-pip-issue,114752,2.0,119146.2,114751.5
eCommerce-Muir/ws-shopping-app-ios/bugfix-MSHAPP-4210-recs-in-two-rows,113825,2.0,118619,113825
eCommerce-Muir/ws-shopping-app-ios/MSHAPP-4169-SK,110286,1.0,110286,110286
eCommerce-Muir/ws-shopping-app-ios/fix-MSHAPP-3880-category-shop-navigation,109207,1.0,109207,109207
eCommerce-Muir/ws-shopping-app-ios/fix-MSHAPP-4200-update-home-title,109050,1.0,109050,109050
eCommerce-Muir/ws-shopping-app-ios/fix-PM-18055-cart-item-duplicate,107367,4.0,111415.6,107367.25
eCommerce-Rimo/ecom-svc-banner/backup_23_18,106768,1.0,106768,106768
eCommerce-Muir/ws-shopping-app-ios/feature-MSHAPP-4060-Analytics-for-split-products-cart,104196,2.0,108839.6,104196.5
eCommerce-Muir/ws-shopping-app-ios/feature-MSHAPP-4194-Update-PB-registry-content,103396,2.0,104735,103395.5
eCommerce-Muir/ws-shopping-app-ios/featutre-MSHAPP-4223-Update-resources-copy-stage,101747,1.0,107369,101747
eCommerce-Muir/ws-shopping-app-ios/bugfix-MSHAPP-4201-first-item-picked-instead-of-crash,95382,1.0,95382,95382
eCommerce-Muir/ws-shopping-app-ios/fix-MSHAPP-4165-shop-room-animation,94606,1.0,94606,94606
eCommerce-Muir/ws-shopping-app-ios/feature-MSHAPP-4235-second-line-monopz-pip,91243,1.0,91243,91243
eCommerce-Muir/ws-shopping-app-ios/MH4136-SK,90919,2.0,90932.8,90919
eCommerce-Muir/ws-shopping-app-ios/feature-MSHAPP-4011-Consume-marketID-from-config,88672,1.0,88672,88672
eCommerce-Tunchu/edam-common-config/feature-add-deserial-config-update,83740,2.0,115281.2,83739.5
eCommerce-Lhotse/ecommerce-apps/LHOT-3167-DEVELOP,80895,1.0,80895,80895
eCommerce-Rainier/etcd-syncappconfig-job-chart/egc-configs-1,58470,2.0,20915,58470
eCommerce-Tunchu/edam-common-config/feature-fix-edam-filter-free-text-search,34430,2.0,34589.2,34430.5
eCommerce-Pinchot/etcd-syncappconfig-job-chart/PM-18098,33775,1.0,39368.6,33775
eCommerce-Rainier/etcd-syncappconfig-job-chart/RAIN-4779,33173,3.0,33891.2,33173
eCommerce-Rainier/etcd-syncappconfig-job-chart/egc-configs-3,25996,2.3,29179,25995.833333333
eCommerce-Muir/ws-shopping-app-ios/fix-MSHAPP-4234-recommendation-section,7564,1.0,7564,7564
eCommerce-Muir/ws-shopping-app-ios/fix-MSHAPP-4241-updates-related-to-remote-config,6529,1.0,6529,6529
eCommerce-Muir/ws-shopping-app-ios/merge-bedrock-to-muir,5903,1.0,5903,5903
eCommerce-Muir/ws-shopping-app-ios/fix-RM-38076-router-crash-release,5194,1.0,5194,5194
eCommerce-Muir/ws-shopping-app-ios/feature-MSHAPP-3064-PIP-UGC-isEnabled,4828,1.0,4828,4828
eCommerce-Muir/ws-shopping-app-ios/fix-MSHAPP-4245-Update-Styling-of-account-page,3244,3.0,3488,3243.6666666667
