eCommerce-MontBlanc/dp-sites/develop-20092023,20230920021112,1,,failure,950574
eCommerce-MontBlanc/dp-sites/develop,20230920021220,114,,failure,6445975
eCommerce-MontBlanc/dp-sites/develop,20230920083947,115,,success,4505571
eCommerce-MontBlanc/dp-sites/RIMO-5033,20230920021044,1,,success,5118375
eCommerce-MontBlanc/ecom-app-customer/registry-mfe-config,20230904212952,25,,success,985741
eCommerce-MontBlanc/ecom-app-customer/registry-mfe-config,20230904213119,26,,success,1002388
eCommerce-MontBlanc/ecom-app-global/dp-behind-adg-for-GR,20230905202522,90,,success,885169
eCommerce-MontBlanc/ecom-app-global/dp-behind-adg-for-GR,20230905215819,91,,success,956326
eCommerce-MontBlanc/ecom-app-global/dp-behind-adg-for-GR,20230906011529,92,,success,971793
eCommerce-MontBlanc/ecom-app-global/dp-behind-adg-for-GR,20230906031604,93,,success,949883
eCommerce-MontBlanc/ecom-app-global/dp-behind-adg-for-GR,20230910234840,94,,failure,353393
eCommerce-MontBlanc/ecom-app-global/dp-behind-adg-for-GR,20230911000126,95,,failure,342995
eCommerce-MontBlanc/ecom-app-global/dp-behind-adg-for-GR,20230911002253,96,,failure,334174
eCommerce-MontBlanc/ecom-app-global/dp-behind-adg-for-GR,20230911011934,97,,failure,342668
eCommerce-MontBlanc/ecom-app-global/dp-behind-adg-for-GR,20230911021823,98,,failure,398584
eCommerce-MontBlanc/ecom-app-global/dp-behind-adg-for-GR,20230911032010,99,,failure,372276
eCommerce-MontBlanc/ecom-app-global/dp-behind-adg-for-GR,20230911045530,100,,failure,358859
eCommerce-MontBlanc/ecom-app-global/dp-behind-adg-for-GR,20230911055343,101,,failure,347998
eCommerce-MontBlanc/ecom-app-global/dp-behind-adg-for-GR,20230918001051,102,,unstable,937392
eCommerce-MontBlanc/ecom-app-global/dp-behind-adg-for-GR,20230920100713,103,,unstable,2282118
eCommerce-MontBlanc/ecom-app-global/dp-behind-adg-for-GR,20230920102156,104,,unstable,1712362
eCommerce-MontBlanc/ecom-app-global/dp-behind-adg-for-GR,20230920130644,105,,unstable,1674137
eCommerce-MontBlanc/ecom-app-global/dp-behind-adg-for-GR,20230920150009,106,,unstable,2379890
eCommerce-MontBlanc/ecom-app-global/MON-1259-Open-Telemetry-for-release,20230914110743,1,,success,972367
eCommerce-MontBlanc/ecom-app-global/MON-1259-Open-Telemetry-for-release,20230915151917,2,,success,1065921
eCommerce-MontBlanc/ecom-app-global/PM-17851,20230910235132,1,,failure,395103
eCommerce-MontBlanc/ecom-app-global/PM-17851,20230911012339,2,,failure,364386
eCommerce-MontBlanc/ecom-app-global/PM-17851,20230911220145,3,,success,1099485
eCommerce-MontBlanc/ecom-app-global/revert-905-MON-1259-Open-Telemetry-for-release,20230920012546,1,,success,1091875
eCommerce-MontBlanc/ecom-app-global/SPIC-155-Logical-revert-for-OpenTelemetry-changes,20230921020706,1,,success,1897523
eCommerce-MontBlanc/ecom-app-order-servicing/registry-mfe-config,20230904212622,6,,success,753542
eCommerce-MontBlanc/ecom-app-registry/MON-1255-Open-Telemetry-for-release,20230913052327,1,,success,591356
eCommerce-MontBlanc/ecom-app-registry/MON-1255-Open-Telemetry-for-release,20230913093408,2,,success,803746
eCommerce-MontBlanc/ecom-app-registry/MON-1255-Open-Telemetry-for-release,20230913215443,3,,success,634133
eCommerce-MontBlanc/ecom-app-registry/MON-1255-Open-Telemetry-for-release,20230914092330,4,,success,653038
eCommerce-MontBlanc/ecom-app-registry/MON-1255-Open-Telemetry-for-release,20230914092724,5,,success,709838
eCommerce-MontBlanc/ecom-svc-registry/PM-17894,20230929075223,1,,success,484334
eCommerce-MontBlanc/ecom-svc-registry/PM-17894,20230929082946,2,,success,259532
eCommerce-MontBlanc/ecom-svc-registry-webapp/develop,20230928052804,250,,success,756327
eCommerce-MontBlanc/ecom-svc-registry-webapp/develop,20230929105646,251,,failure,519607
eCommerce-MontBlanc/ecom-svc-registry-webapp/develop,20230929110331,252,,success,703985
eCommerce-MontBlanc/ecom-svc-registry-webapp/develop,20230929111753,253,,success,942344
eCommerce-MontBlanc/ecom-svc-registry-webapp/develop_29Sept23,20230929110204,1,,success,603398
eCommerce-MontBlanc/vue-component-ecom-account/RIMO-5076,20230904210219,15,,unstable,579869
eCommerce-MontBlanc/vue-component-ecom-create-registry/RIMO-5076,20230904234716,1,,success,301761
