eCommerce-Marcy/dp-baselogic/fix-PM-17618,20230907230435,1,,failure,1362200
eCommerce-Marcy/dp-baselogic/fix-PM-17618,20230907230544,2,,failure,1401180
eCommerce-Marcy/dp-baselogic/fix-PM-17618,20230907232707,3,,success,2987025
eCommerce-Marcy/dp-baselogic/fix-PM-17618,20230908095746,4,,success,3322379
eCommerce-Marcy/dp-baselogic/fix-PM-17618-2.7.15.x,20230907235721,1,,failure,1161462
eCommerce-Marcy/dp-sites/fix-PM-17618,20230908003846,1,,success,4097407
eCommerce-Marcy/dp-sites/fix-PM-17618-2.6.20.x,20230908004132,1,,success,4624301
eCommerce-Marcy/ecom-app-global/PERF-119,20230920051105,1,,failure,102671
eCommerce-Marcy/ecom-app-global/PERF-119,20230920052151,2,,success,1117881
eCommerce-Marcy/ecom-app-global/PERF-119,20230920052730,3,,success,971018
eCommerce-Marcy/ecom-app-global/PERF-119,20230920054806,4,,success,1240386
eCommerce-Marcy/ecom-app-global/PERF-119,20230920055143,5,,failure,9539
eCommerce-Marcy/ecom-app-global/PERF-119,20230920055332,6,,success,1756401
eCommerce-Marcy/ecom-app-global/PERF-119,20230920060123,7,,success,1475142
eCommerce-Marcy/ecom-app-global/PERF-119,20230921005938,8,,success,3486838
eCommerce-Marcy/ecom-app-global/PERF-119,20230921010106,9,,success,3524451
eCommerce-Marcy/ecom-app-global/PERF-119,20230921161452,10,,success,2064150
eCommerce-Marcy/ecom-app-global/PERF-119,20230921161914,11,,failure,1085077
eCommerce-Marcy/ecom-app-global/PERF-119,20230922045717,12,,failure,838545
eCommerce-Marcy/ecom-app-global/PERF-119,20230922091548,13,,unstable,2512727
eCommerce-Marcy/ecom-app-global/PERF-140,20230908091505,1,,success,886706
eCommerce-Marcy/ecom-app-global/PERF-140,20230912054527,2,,success,989022
eCommerce-Marcy/ecom-app-global/PERF-140,20230913011845,3,,success,935068
eCommerce-Marcy/ecom-app-global/PERF-140,20230915085407,4,,success,1036553
eCommerce-Marcy/ecom-app-global/PERF-140,20230915102117,5,,success,889893
eCommerce-Marcy/ecom-app-global/PERF-140,20230927025838,6,,success,1303255
eCommerce-Marcy/ecom-app-product/1626-availability-fix,20230911105205,1,,success,1898946
eCommerce-Marcy/ecom-app-product/1626-availability-fix,20230911105638,2,,failure,940045
eCommerce-Marcy/ecom-app-product/1626-availability-fix,20230911140449,3,,success,1228976
eCommerce-Marcy/ecom-app-product/KIMCHI-1946-UPDATE,20230908022513,13,,success,1527709
eCommerce-Marcy/ecom-app-product/KIMCHI-1946-UPDATE,20230908024809,14,,success,2246943
eCommerce-Marcy/ecom-app-product/KIMCHI-1946-UPDATE,20230908081640,15,,success,1655935
eCommerce-Marcy/ecom-app-product/KIMCHI-1946-UPDATE,20230908103117,16,,success,1685942
eCommerce-Marcy/ecom-app-product/KIMCHI-1946-UPDATE,20230908173113,17,,success,2058006
eCommerce-Marcy/ecom-app-product/KIMCHI-1946-UPDATE,20230911051125,18,,success,1746146
eCommerce-Marcy/ecom-app-product/KIMCHI-1946-UPDATE,20230911052137,19,,success,1220693
eCommerce-Marcy/ecom-app-product/KIMCHI-1946-UPDATE,20230911060312,20,,success,1443259
eCommerce-Marcy/ecom-app-product/KIMCHI-1946-UPDATE,20230911103055,21,,success,1450254
eCommerce-Marcy/ecom-app-product/KIMCHI-1946-UPDATE,20230911105516,22,,success,1539370
eCommerce-Marcy/ecom-app-product/KIMCHI-1958,20231006172338,1,,failure,548654
eCommerce-Marcy/ecom-app-product/KIMCHI-2003,20230918180129,1,,success,1721114
eCommerce-Marcy/ecom-app-product/KIMCHI-2003-graphical-step-attribute-fixes,20230919161136,1,,failure,914040
eCommerce-Marcy/ecom-app-product/KIMCHI-2003-graphical-step-attribute-fixes,20230920161755,2,,success,1650019
eCommerce-Marcy/ecom-app-product/KIMCHI-2003-graphical-step-attribute-fixes,20230920162815,3,,success,1766153
eCommerce-Marcy/ecom-app-product/KIMCHI-2003-graphical-step-attribute-fixes-2,20230920170125,1,,failure,1022830
eCommerce-Marcy/ecom-app-product/KIMCHI-2003-graphical-step-attribute-fixes-2,20230920171457,2,,failure,1140436
eCommerce-Marcy/ecom-app-product/KIMCHI-2003-update,20230921181303,1,,success,1925024
eCommerce-Marcy/ecom-app-product/KIMCHI-2192-Open-Telemetry-for-release-16.26.x,20230908014130,1,,success,1404993
eCommerce-Marcy/ecom-app-product/KIMCHI-2192-Open-Telemetry-for-release-16.26.x,20230908022148,2,,success,1267364
eCommerce-Marcy/ecom-app-product/KIMCHI-2192-Open-Telemetry-for-release-16.26.x,20230913003708,3,,success,1569039
eCommerce-Marcy/ecom-app-product/KIMCHI-2192-Open-Telemetry-for-release-16.26.x,20230913004415,4,,success,1759325
eCommerce-Marcy/ecom-app-product/KIMCHI-2192-Open-Telemetry-for-release-16.26.x,20230913011530,5,,success,1288895
eCommerce-Marcy/ecom-app-product/KIMCHI-2192-Open-Telemetry-for-release-16.26.x,20230913013409,6,,success,1323952
eCommerce-Marcy/ecom-app-product/KIMCHI-2192-Open-Telemetry-for-release-16.26.x,20230914074008,7,,unstable,1373786
eCommerce-Marcy/ecom-app-product/KIMCHI-2192-Open-Telemetry-for-release-16.26.x,20230914080553,8,,success,1392394
eCommerce-Marcy/ecom-app-product/KIMCHI-2192-Open-Telemetry-for-release-16.26.x,20230914083602,9,,success,1391144
eCommerce-Marcy/ecom-app-product/KIMCHI-2192-Open-Telemetry-for-release-16.26.x,20230914084743,10,,success,1346083
eCommerce-Marcy/ecom-app-product/KIMCHI-2192-Open-Telemetry-for-release-16.26.x,20230914092006,11,,success,1498593
eCommerce-Marcy/ecom-app-product/KIMCHI-2192-Open-Telemetry-for-release-16.26.x,20230914114147,12,,failure,776529
eCommerce-Marcy/ecom-app-product/KIMCHI-2192-Open-Telemetry-for-release,20230908004032,2,,unstable,1577223
eCommerce-Marcy/ecom-app-product/KIMCHI-2192-Open-Telemetry-for-release,20230912082352,3,,success,1831480
eCommerce-Marcy/ecom-app-product/KIMCHI-2192-Open-Telemetry-for-release,20230913021232,4,,success,1879422
eCommerce-Marcy/ecom-app-product/KIMCHI-2192-Open-Telemetry-for-release,20230914091104,5,,success,1697466
eCommerce-Marcy/ecom-app-product/KIMCHI-2192-Open-Telemetry-for-release,20230915041450,6,,success,1423688
eCommerce-Marcy/ecom-app-product/KIMCHI-2192-Open-Telemetry-for-release,20230915075516,7,,success,2418054
eCommerce-Marcy/ecom-app-product/KIMCHI-2261,20230915051305,1,,failure,359786
eCommerce-Marcy/ecom-app-product/KIMCHI-2261,20230915053628,2,,success,1485440
eCommerce-Marcy/ecom-app-product/KIMCHI-2261,20230915072858,3,,success,1445910
eCommerce-Marcy/ecom-app-product/KIMCHI-2261,20230915092455,4,,success,1283393
eCommerce-Marcy/ecom-app-product/KIMCHI-2261,20230918023958,5,,success,1242982
eCommerce-Marcy/ecom-app-product/KIMCHI-2261,20230918053713,6,,success,1387183
eCommerce-Marcy/ecom-app-product/KIMCHI-2273,20230926061723,1,,failure,1118759
eCommerce-Marcy/ecom-app-product/KIMCHI-2273,20230926064757,2,,success,1994692
eCommerce-Marcy/ecom-app-product/KIMCHI-2273,20230926070349,3,,success,1765679
eCommerce-Marcy/ecom-app-shop/RM-38070-fix,20231003120206,1,,failure,596881
eCommerce-Marcy/ecom-app-shop/RM-38070-fix,20231003141152,2,,failure,564738
eCommerce-Marcy/ecom-app-shop/RM-38070-fix,20231003145258,3,,success,1230546
eCommerce-Marcy/ecom-app-shop/RM-38088,20231003144521,1,,success,1371250
eCommerce-Marcy/ecom-app-shop/RM-38088-rls,20231003145425,1,,success,1085872
eCommerce-Marcy/ecom-app-shop/TACO-4057-100323,20231003110618,1,,success,2095746
eCommerce-Marcy/ecom-app-shop/TACO-4057,20231003111621,4,,success,1374896
eCommerce-Marcy/ecom-app-shop/TACO-4057,20231003152345,5,,success,1267951
eCommerce-Marcy/ecom-app-shop/TACO-4057,20231003154354,6,,success,1244524
eCommerce-Marcy/ecom-app-shop/TACO-4072-rls,20230908122914,1,,success,2014772
eCommerce-Marcy/ecom-app-shop/TACO-4072-rls,20230908123147,2,,success,1846343
eCommerce-Marcy/ecom-app-shop/TACO-4072-rls,20230908124221,3,,success,1882314
eCommerce-Marcy/ecom-app-shop/TACO-4072-rls,20230908124340,4,,success,1782009
eCommerce-Marcy/ecom-app-shop/TACO-4072-rls,20230911130730,5,,success,1919667
eCommerce-Marcy/ecom-app-shop/TACO-4072-rls,20230911142757,6,,unstable,1795130
eCommerce-Marcy/ecom-app-shop/TACO-4072-rls,20230911143336,7,,unstable,1749601
eCommerce-Marcy/ecom-app-shop/TACO-4072-rls,20230911151933,8,,unstable,1790069
eCommerce-Marcy/ecom-app-shop/TACO-4122-fix,20230908104241,1,,failure,430466
eCommerce-Marcy/ecom-svc-catalog/local-test,20230922023307,1,,success,528433
eCommerce-Marcy/ecom-svc-catalog/local-test,20230922023637,2,,unstable,1639661
eCommerce-Marcy/ecom-svc-catalog-webapp/local-test,20230922023757,1,,failure,1222071
eCommerce-Marcy/ecom-svc-catalog-webapp/local-test,20230922024020,2,,success,951101
eCommerce-Marcy/ecom-svc-catalog-webapp/preload-cache-test,20230908063658,1,,failure,490458
eCommerce-Marcy/ecom-svc-catalog-webapp/preload-cache-test,20230908064100,2,,failure,765940
eCommerce-Marcy/ecom-svc-catalog-webapp/RM-37700,20230918021514,1,,failure,917633
eCommerce-Marcy/ecom-svc-catalog-webapp/RM-37700,20230918021812,2,,failure,1198062
eCommerce-Marcy/ecom-svc-catalog-webapp/RM-37700,20230918064238,3,,failure,684525
eCommerce-Marcy/ecom-svc-catalog-webapp/RM-37700,20230918071724,4,,failure,891132
eCommerce-Marcy/ecom-svc-catalog-webapp/RM-37700,20230918073655,5,,failure,706227
eCommerce-Marcy/ecom-svc-catalog-webapp/RM-37700,20230918093327,6,,failure,874530
eCommerce-Marcy/ecom-svc-catalog-webapp/RM-37700,20230918095243,7,,failure,1346211
eCommerce-Marcy/ecom-svc-catalog-webapp/RM-37700,20230919232643,8,,success,953108
eCommerce-Marcy/ecom-svc-catalog-webapp/RM-37700,20230919235822,9,,failure,905442
eCommerce-Marcy/vue-component-ecom-inline-monopz/PM-17516,20231004071045,1,,success,443011
eCommerce-Marcy/vue-component-ecom-inline-monopz/PM-17516,20231004071324,2,,failure,128141
eCommerce-Marcy/vue-component-ecom-inline-monopz/PM-17516,20231004073854,3,,success,395309
eCommerce-Marcy/vue-component-ecom-inline-monopz/PM-17516,20231004084148,4,,success,263390
eCommerce-Marcy/vue-component-ecom-inline-monopz/qa49,20231004083730,1,,success,519435
eCommerce-Marcy/vue-component-ecom-inline-monopz/qa49,20231005072808,2,,success,502393
eCommerce-Marcy/vue-component-ecom-inline-monopz/release,20231004064033,1,,aborted,5433
eCommerce-Marcy/vue-component-ecom-inline-monopz/release,20231004081216,2,,aborted,5120
eCommerce-Marcy/vue-component-ecom-inline-monopz/release,20231004082715,3,,aborted,4617
eCommerce-Marcy/vue-component-ecom-product-price/canada-develop,20230918122432,7,,success,274388
eCommerce-Marcy/vue-component-ecom-product-price/canada-develop,20230919144319,8,,success,323844
eCommerce-Marcy/vue-component-ecom-product-price/canada-develop,20230920121844,9,,success,682842
eCommerce-Marcy/vue-component-ecom-product-price/canada-develop,20230922103740,10,,success,872427
eCommerce-Marcy/vue-component-ecom-product-price/RM-37651,20230918122508,1,,success,408090
eCommerce-Marcy/vue-component-ecom-product-price/RM-37651,20230918122828,2,,success,243832
eCommerce-Marcy/vue-component-ecom-product-price/RM-37651,20230926122525,1,,failure,156648
eCommerce-Marcy/vue-component-ecom-product-price/RM-37651,20230926123326,2,,failure,165615
eCommerce-Marcy/vue-component-ecom-product-price/RM-37651,20230926123912,3,,failure,263289
eCommerce-Marcy/vue-component-ecom-product-price/RM-37651,20230926134040,4,,success,271144
eCommerce-Marcy/vue-component-ecom-product-price/RM-37651,20230926134912,5,,success,366699
eCommerce-Marcy/vue-component-ecom-product-price/RM-37651,20230927012458,6,,success,292733
eCommerce-Marcy/vue-component-ecom-product-price/RM-37651,20230927112808,7,,success,380212
eCommerce-Marcy/vue-component-ecom-product-price/RM-37651,20230927113339,8,,success,315671
eCommerce-Marcy/vue-component-ecom-product-price/RM-37651,20230927131839,9,,success,292077
eCommerce-Marcy/vue-component-ecom-product-recommendations/canada-develop,20230918091606,1,,failure,14151
eCommerce-Marcy/vue-component-ecom-product-recommendations/canada-develop,20230919144308,2,,success,334866
eCommerce-Marcy/vue-component-ecom-product-recommendations/canada-develop,20230920120817,3,,failure,43527
eCommerce-Marcy/vue-component-ecom-product-recommendations/canada-develop,20230920121450,4,,success,699893
eCommerce-Marcy/vue-component-ecom-product-recommendations/release,20230918091544,1,,aborted,6864
eCommerce-Marcy/vue-component-ecom-product-recommendations/release-4.1.x,20230918091544,1,,aborted,13909
eCommerce-Marcy/vue-component-ecom-product-recommendations/release-4.2.x,20230918091544,1,,aborted,10133
eCommerce-Marcy/vue-component-ecom-product-recommendations/release-5.1.x,20230918091544,1,,aborted,7620
eCommerce-Marcy/vue-component-ecom-product-recommendations/release-6.1.x,20230918091545,1,,aborted,9252
eCommerce-Marcy/vue-component-ecom-product-recommendations/release-6.1.xx,20230918091545,1,,aborted,12388
eCommerce-Marcy/vue-component-ecom-product-recommendations/revert-2-review-tig-2460-update-component-for-shop,20230918091545,1,,failure,100451
eCommerce-Marcy/vue-component-ecom-product-recommendations/RM-37806,20230918123109,1,,success,348166
eCommerce-Marcy/vue-component-ecom-product-recommendations/RM-37806,20230918164549,2,,failure,23148
eCommerce-Marcy/vue-component-ecom-product-recommendations/RM-37806,20230918164700,3,,failure,12895
eCommerce-Marcy/vue-component-ecom-product-recommendations/RM-37806,20230918164843,4,,success,294666
