eCommerce-Queva/ecom-cloud-content-management/esre-page-publish-scheduler,20230920114610,2,,failure,96050
eCommerce-Queva/ecom-cloud-content-management/esre-page-publish-scheduler,20230920150921,3,,failure,243161
eCommerce-Queva/ecom-cloud-content-management/esre-page-publish-scheduler,20230922181230,4,,failure,225913
eCommerce-Queva/ecom-cloud-content-management/esre-page-publish-scheduler,20230925092506,5,,failure,127703
eCommerce-Queva/ecom-cloud-content-management/esre-page-publish-scheduler,20230925162300,6,,failure,404638
eCommerce-Queva/ecom-cloud-content-management/esre-page-publish-scheduler,20230926094853,7,,failure,400612
eCommerce-Queva/ecom-cloud-content-management/esre-page-publish-scheduler,20230926183106,8,,failure,430784
eCommerce-Queva/ecom-cloud-content-management/esre-page-publish-scheduler,20230926183405,9,,failure,454560
eCommerce-Queva/ecom-cloud-content-management/esre-page-publish-scheduler,20231001172103,10,,failure,96893
eCommerce-Queva/ecom-cloud-content-management/esre-page-publish-scheduler,20231001172454,11,,failure,56139
eCommerce-Queva/ecom-cloud-content-management/esre-page-publish-scheduler,20231002124752,12,,failure,466973
eCommerce-Queva/ecom-cloud-content-management/esre-page-publish-scheduler,20231002134002,13,,failure,441308
eCommerce-Queva/ecom-cloud-content-management/esre-page-publish-scheduler,20231002155137,14,,failure,90754
eCommerce-Queva/ecom-cloud-content-management/esre-page-publish-scheduler,20231003094713,15,,failure,93176
eCommerce-Queva/ecom-cloud-content-management/esre-page-publish-scheduler,20231003095041,16,,failure,55625
eCommerce-Queva/ecom-cloud-content-management/esre-page-publish-scheduler,20231003145311,17,,failure,507961
eCommerce-Queva/ecom-cloud-content-management/esre-page-publish-scheduler,20231004132617,18,,failure,88542
eCommerce-Queva/ecom-cloud-content-management/esre-page-publish-scheduler,20231004134449,19,,failure,422460
eCommerce-Queva/ecom-cloud-content-management/PM-17750,20230915182211,1,,failure,311204
eCommerce-Queva/ecom-cloud-content-management/PM-18019,20230912091833,1,,failure,396321
eCommerce-Queva/ecom-cloud-content-management/PM-18019,20230912092808,2,,failure,909128
eCommerce-Queva/ecom-cloud-content-management/PM-18019,20230912102931,3,,failure,384132
eCommerce-Queva/ecom-cloud-content-management/PM-18226,20231005102147,1,,failure,458481
eCommerce-Queva/ecom-cloud-content-management/PM-18226,20231005105915,2,,failure,502318
eCommerce-Queva/ecom-cloud-content-management/PM-18226,20231005114936,3,,failure,519545
eCommerce-Queva/ecom-cloud-content-management/PM-18226,20231005131221,4,,failure,492718
eCommerce-Queva/ecom-cloud-content-management/PM-18226,20231005153016,5,,failure,497644
eCommerce-Queva/ecom-publishing-agent/PM-14834,20230928155139,3,,success,217408
eCommerce-Queva/ecom-publishing-agent/PM-14834,20230929072218,4,,success,208627
eCommerce-Queva/ecom-publishing-agent/PM-14834,20231004074738,5,,success,179336
eCommerce-Queva/ecom-publishing-agent/PM-17645,20231003133950,1,,success,403863
eCommerce-Queva/ecom-publishing-agent/PM-17645,20231003163145,2,,success,184197
