eCommerce-Pinchot/ecom-app-content/deploy-qa22,20230914091955,465,,unstable,413457
eCommerce-Pinchot/ecom-app-content/deploy-qa22,20230920110135,466,,unstable,864131
eCommerce-Pinchot/ecom-app-content/deploy-qa22,20230920134312,467,,unstable,675716
eCommerce-Pinchot/ecom-app-content/deploy-qa22,20230920162534,468,,unstable,682658
eCommerce-Pinchot/ecom-app-content/deploy-qa22,20230922133354,469,,unstable,606529
eCommerce-Pinchot/ecom-app-content/deploy-qa22,20230926112223,470,,unstable,667074
eCommerce-Pinchot/ecom-app-content/deploy-qa22,20230926114611,471,,unstable,642142
eCommerce-Pinchot/ecom-app-content/deploy-qa22,20230926150437,472,,success,594290
eCommerce-Pinchot/ecom-app-content/deploy-qa22,20230926163630,473,,success,647824
eCommerce-Pinchot/ecom-app-content/deploy-qa22,20230927113156,474,,success,568705
eCommerce-Pinchot/ecom-app-content/deploy-qa22,20230927152201,475,,success,653408
eCommerce-Pinchot/ecom-app-content/deploy-qa22,20230928080735,476,,success,794727
eCommerce-Pinchot/ecom-app-content/deploy-qa22,20230928104009,477,,success,775441
eCommerce-Pinchot/ecom-app-content/deploy-qa22,20231003133145,478,,success,495822
eCommerce-Pinchot/ecom-app-content/deploy-qa22,20231004090104,479,,success,600777
eCommerce-Pinchot/ecom-app-content/MVale-patch-1,20230920131956,1,,failure,232106
eCommerce-Pinchot/ecom-app-content/MVale-patch-1,20230920132743,2,,success,890566
eCommerce-Pinchot/ecom-app-content/PIN-1749-Logging-fixes,20230914082413,1,,success,384324
eCommerce-Pinchot/ecom-app-content/PIN-1749-Logging-fixes,20230915112918,2,,success,435037
eCommerce-Pinchot/ecom-app-content/PIN-1749-Logging-fixes,20230920060830,3,,failure,168402
eCommerce-Pinchot/ecom-app-content/PIN-1749-Logging-fixes,20230920063347,4,,success,374771
eCommerce-Pinchot/ecom-app-content/PIN-1749-Logging-fixes,20230920123043,5,,success,547955
eCommerce-Pinchot/ecom-app-content/PIN-1749-Logging-fixes,20230920124935,6,,success,814630
eCommerce-Pinchot/ecom-app-content/PIN-1804,20230928084201,1,,failure,365399
eCommerce-Pinchot/ecom-app-content/PIN-1804,20230928091522,2,,success,672608
eCommerce-Pinchot/ecom-app-content/PIN-1804,20230928101342,3,,success,771854
eCommerce-Pinchot/ecom-app-content/PIN-1804,20230928111745,4,,success,325913
eCommerce-Pinchot/ecom-app-content/PM-18098,20230920103056,1,,failure,145446
eCommerce-Pinchot/ecom-app-content/PM-18098,20230920104753,2,,success,619297
eCommerce-Pinchot/ecom-app-content/PM-18098,20230920153742,3,,failure,382676
eCommerce-Pinchot/ecom-app-content/PM-18098,20230920154917,4,,failure,241635
eCommerce-Pinchot/ecom-app-content/PM-18098,20230920160623,5,,success,774127
eCommerce-Pinchot/ecom-app-content/PM-18098,20230926152631,6,,success,303224
eCommerce-Pinchot/ecom-app-content/PM-18098,20230926153430,7,,failure,193195
eCommerce-Pinchot/ecom-app-content/PM-18098,20230926153936,8,,success,315005
eCommerce-Pinchot/ecom-app-content/PM-18098,20230926162851,9,,success,354928
eCommerce-Pinchot/ecom-app-content/PM-18098,20230926163354,10,,success,464267
eCommerce-Pinchot/ecom-app-content/PM-18098,20230927095416,11,,success,392146
eCommerce-Pinchot/ecom-app-content/PM-18098,20230928102748,12,,success,423672
eCommerce-Pinchot/ecom-app-content/PM-18098,20230928102940,13,,success,396220
eCommerce-Pinchot/ecom-app-content/PM-18098,20230928103250,14,,success,603271
eCommerce-Pinchot/ecom-app-content/PM-18098-appUri,20230926161932,1,,success,505332
eCommerce-Pinchot/ecom-app-content/PM-18098-appUri,20230926162137,2,,success,547121
eCommerce-Pinchot/ecom-app-content/PM-18098-dp-app,20230927105452,1,,success,376605
eCommerce-Pinchot/ecom-app-content/PM-18098-dp-app,20230927110517,2,,success,502870
eCommerce-Pinchot/ecom-app-content/PM-18098-dp-app,20230927111710,3,,success,500837
eCommerce-Pinchot/ecom-app-content/PM-18098-dp-app,20230927150544,4,,success,767887
eCommerce-Pinchot/ecom-app-content/PM-18098-dp-app,20230927150704,5,,success,769367
eCommerce-Pinchot/ecom-app-content/PM-18098-dp-app,20230927150815,6,,success,790678
eCommerce-Pinchot/ecom-app-content/PM-18098-origin,20230922124634,1,,failure,248405
eCommerce-Pinchot/ecom-app-content/PM-18098-origin,20230922130713,2,,failure,162294
eCommerce-Pinchot/ecom-app-content/PM-18098-origin,20230922131550,3,,success,765733
eCommerce-Pinchot/ecom-app-content/PM-18098-post,20230926094722,1,,success,0
eCommerce-Pinchot/ecom-app-content/PM-18098-post,20230926112957,2,,success,634780
eCommerce-Pinchot/ecom-app-content/PM-18098-ut,20230926145128,1,,success,503965
eCommerce-Pinchot/ecom-app-content/proxy-timeout,20231003131133,1,,success,477264
eCommerce-Pinchot/ecom-app-content/proxy-timeout,20231004071150,2,,failure,492628
eCommerce-Pinchot/ecom-app-content/proxy-timeout,20231004071613,3,,failure,321999
eCommerce-Pinchot/ecom-app-content/proxy-timeout,20231004084435,4,,success,534535
eCommerce-Pinchot/ecom-app-content/proxy-timeout,20231004085017,5,,success,528036
eCommerce-Pinchot/ecom-app-content/qa22-console-logger,20231005171834,1,,success,1899273
eCommerce-Pinchot/ecom-svc-app-delivery/pinchot-localdev,20230908134742,1,,success,1154529
eCommerce-Pinchot/etcd-syncappconfig-job-chart/PM-18098,20230921112933,1,,success,29636
eCommerce-Pinchot/etcd-syncappconfig-job-chart/PM-18098,20230926101855,2,,success,45857
eCommerce-Pinchot/etcd-syncappconfig-job-chart/PM-18098,20230928080530,3,,success,25832
eCommerce-Pinchot/vue-component-ecom-content/remove_express,20230925070752,1,,success,424561
eCommerce-Pinchot/vue-component-ecom-content/remove_express,20230926075346,2,,success,422189
