eCommerce-Rainier/dp-baselogic/develop,20230911001647,61,,failure,2122359
eCommerce-Rainier/dp-baselogic/PM-15195-2,20231003111407,4,,success,3246174
eCommerce-Rainier/dp-baselogic/PM-15195-2,20231003135747,5,,success,2619450
eCommerce-Rainier/dp-baselogic/release,20230909021312,282,,aborted,26590
eCommerce-Rainier/dp-sites/develop,20230911002109,317,,failure,2086725
eCommerce-Rainier/dp-sites/develop,20230912002554,318,,unstable,4556170
eCommerce-Rainier/dp-sites/develop,20230921034247,319,,failure,2404132
eCommerce-Rainier/dp-sites/develop,20230921044337,320,,unstable,4233614
eCommerce-Rainier/dp-sites/develop,20230925060429,321,,failure,3687281
eCommerce-Rainier/dp-sites/develop,20230925214325,322,,unstable,4242220
eCommerce-Rainier/dp-sites/develop,20231004090009,323,,unstable,5294492
eCommerce-Rainier/dp-sites/develop,20231005001238,324,,unstable,4331083
eCommerce-Rainier/dp-sites/develop,20231006021225,325,,aborted,87267
eCommerce-Rainier/dp-sites/develop,20231006021548,326,,unstable,4111175
eCommerce-Rainier/dp-sites/release,20230909060114,96,,aborted,9344
eCommerce-Rainier/ecom-app-content/release,20231004222547,2,,aborted,6695
eCommerce-Rainier/ecom-app-order-servicing/claimcodepopup-1,20230912001259,1,,success,517390
eCommerce-Rainier/ecom-app-order-servicing/claimcodepopup-1,20230912014058,2,,success,475744
eCommerce-Rainier/ecom-app-order-servicing/claimcodepopup-1,20230917214708,3,,success,460909
eCommerce-Rainier/ecom-app-order-servicing/claimcodepopup-1,20230917215233,4,,success,492397
eCommerce-Rainier/ecom-app-order-servicing/claimcodepopup-1,20230917220444,5,,success,462727
eCommerce-Rainier/ecom-app-order-servicing/claimcodepopup-1,20230918015224,6,,success,437897
eCommerce-Rainier/ecom-app-order-servicing/claimcodepopup-1,20230919233205,7,,success,632876
eCommerce-Rainier/ecom-app-order-servicing/claimcodepopup-1,20230921045414,10,,aborted,707197
eCommerce-Rainier/ecom-app-order-servicing/claimcodepopup-1,20230921045735,11,,aborted,570282
eCommerce-Rainier/ecom-app-order-servicing/claimcodepopup-1,20230921050712,12,,failure,1647627
eCommerce-Rainier/ecom-app-order-servicing/claimcodepopup-1,20230921085733,13,,success,674180
eCommerce-Rainier/ecom-app-order-servicing/claimcodepopup-1,20230921225656,14,,failure,519774
eCommerce-Rainier/ecom-app-order-servicing/claimcodepopup-1,20230921230738,15,,failure,394325
eCommerce-Rainier/ecom-app-order-servicing/claimcodepopup-1,20230921234254,16,,failure,1029932
eCommerce-Rainier/ecom-app-order-servicing/claimcodepopup-1,20230922000612,17,,failure,1293665
eCommerce-Rainier/ecom-app-order-servicing/claimcodepopup-1,20230922021352,18,,success,1091855
eCommerce-Rainier/ecom-app-order-servicing/claimcodepopup-1,20230922025230,19,,success,1367563
eCommerce-Rainier/ecom-app-order-servicing/claimcodepopup-1,20230925001725,20,,failure,27544
eCommerce-Rainier/ecom-app-order-servicing/claimcodepopup-1,20230925003351,21,,success,877145
eCommerce-Rainier/ecom-app-order-servicing/claimcodepopup-1,20230925013914,22,,success,802681
eCommerce-Rainier/ecom-app-order-servicing/claimcodepopup-1,20230925034718,23,,success,1014997
eCommerce-Rainier/ecom-app-order-servicing/claimcodepopup,20230908000817,3,,failure,158762
eCommerce-Rainier/ecom-app-order-servicing/claimcodepopup,20230908001524,4,,failure,151646
eCommerce-Rainier/ecom-app-order-servicing/claimcodepopup,20230908002220,5,,success,517691
eCommerce-Rainier/ecom-app-order-servicing/claimcodepopup,20230911020649,6,,failure,163899
eCommerce-Rainier/ecom-app-order-servicing/claimcodepopup,20230911025430,7,,failure,447802
eCommerce-Rainier/ecom-app-order-servicing/claimcodepopup,20230911035049,8,,success,515371
eCommerce-Rainier/ecom-app-order-servicing/PM-15977,20230917214458,1,,success,621538
eCommerce-Rainier/ecom-app-order-servicing/PM-15977,20230917220524,2,,success,621308
eCommerce-Rainier/ecom-app-order-servicing/PM-15977,20230918003128,3,,success,524401
eCommerce-Rainier/ecom-app-order-servicing/PM-15977,20230918091207,4,,failure,178482
eCommerce-Rainier/ecom-app-order-servicing/PM-15977,20230918091614,5,,success,578819
eCommerce-Rainier/ecom-app-order-servicing/PM-15977,20230920093124,6,,success,1117014
eCommerce-Rainier/ecom-app-order-servicing/PM-15977,20230920093236,7,,success,1027733
eCommerce-Rainier/ecom-app-order-servicing/PM-17348,20230922050251,1,,failure,416534
eCommerce-Rainier/ecom-app-order-servicing/PM-17348,20230922051923,2,,success,1399911
eCommerce-Rainier/ecom-app-order-servicing/PM-17348,20230922052142,3,,failure,570280
eCommerce-Rainier/ecom-app-order-servicing/PM-17348,20230928095106,4,,success,651971
eCommerce-Rainier/ecom-app-order-servicing/PM-17348,20230928095321,5,,success,488918
eCommerce-Rainier/ecom-app-order-servicing/PM-17348,20230928100248,6,,success,625691
eCommerce-Rainier/ecom-app-order-servicing/PM-17348,20230928101723,7,,success,1015224
eCommerce-Rainier/ecom-app-order-servicing/PM-17348,20230928101819,8,,success,908718
eCommerce-Rainier/ecom-app-order-servicing/RAIN-4691,20230911025325,3,,failure,143894
eCommerce-Rainier/ecom-app-order-servicing/RAIN-4691,20230911044609,4,,failure,10610
eCommerce-Rainier/ecom-app-order-servicing/RAIN-4691,20230911044631,5,,unstable,876586
eCommerce-Rainier/ecom-app-order-servicing/RAIN-4691,20230911044652,6,,unstable,837455
eCommerce-Rainier/ecom-app-order-servicing/RAIN-4691,20230911044754,7,,unstable,805041
eCommerce-Rainier/ecom-app-order-servicing/RAIN-4691,20230911050627,8,,unstable,558673
eCommerce-Rainier/ecom-app-order-servicing/RAIN-4691,20230911054306,9,,unstable,559264
eCommerce-Rainier/ecom-app-order-servicing/RAIN-4691,20230912052706,10,,failure,148143
eCommerce-Rainier/ecom-app-order-servicing/RAIN-4691,20230912052828,11,,unstable,619629
eCommerce-Rainier/ecom-app-order-servicing/RAIN-4691,20230913022858,15,,failure,225490
eCommerce-Rainier/ecom-app-order-servicing/RAIN-4691,20230913041048,16,,failure,242643
eCommerce-Rainier/ecom-app-order-servicing/RAIN-4691,20230913050552,17,,unstable,528318
eCommerce-Rainier/ecom-app-order-servicing/RAIN-4691,20230913055518,18,,unstable,656733
eCommerce-Rainier/ecom-app-order-servicing/RAIN-4691,20230913060721,19,,unstable,530431
eCommerce-Rainier/ecom-app-order-servicing/RAIN-4691,20230913062710,20,,unstable,648725
eCommerce-Rainier/ecom-app-order-servicing/RAIN-4691,20230913063451,21,,unstable,573808
eCommerce-Rainier/ecom-app-order-servicing/RAIN-4691,20230913094838,22,,unstable,562739
eCommerce-Rainier/ecom-app-order-servicing/RAIN-4691,20230913100439,23,,failure,165202
eCommerce-Rainier/ecom-app-order-servicing/RAIN-4691,20230913101148,24,,unstable,634025
eCommerce-Rainier/ecom-app-order-servicing/release,20230915112931,8,,aborted,7390
eCommerce-Rainier/ecom-app-order-servicing/release,20230927235142,9,,aborted,8855
eCommerce-Rainier/ecom-app-order-servicing/RM-37860,20230919230235,1,,success,597487
eCommerce-Rainier/ecom-app-order-servicing/RM-37928,20230924235820,1,,success,796761
eCommerce-Rainier/ecom-app-order-servicing/RM-37928,20230924235924,2,,success,651733
eCommerce-Rainier/ecom-app-order-servicing/RM-37928,20230928095033,3,,success,453549
eCommerce-Rainier/ecom-app-order-servicing/RM-37928,20230928100228,4,,success,443863
eCommerce-Rainier/ecom-app-phygital/PM-17828,20230925035825,1,,success,1448395
eCommerce-Rainier/ecom-app-phygital/PM-17828,20230925042339,2,,aborted,1897795
eCommerce-Rainier/ecom-app-phygital/PM-17828,20230925045521,3,,failure,931137
eCommerce-Rainier/ecom-app-phygital/release-1.11.x,20230925031711,1,,aborted,17020
eCommerce-Rainier/ecom-app-phygital/release-1.17.x,20230925031712,1,,aborted,30274
eCommerce-Rainier/ecom-app-phygital/release-1.20.x,20230925031712,1,,aborted,25095
eCommerce-Rainier/ecom-app-phygital/release-1.21.x,20230925031712,1,,aborted,20060
eCommerce-Rainier/ecom-app-phygital/release-1.6.x,20230925031713,1,,aborted,31587
eCommerce-Rainier/ecom-app-phygital/release,20230925031711,1,,aborted,25472
eCommerce-Rainier/ecom-app-phygital/release-2.11.x,20230925031713,1,,aborted,17022
eCommerce-Rainier/ecom-app-phygital/release-2.21.x,20230925031714,1,,aborted,54783
eCommerce-Rainier/ecom-app-phygital/release-2.23.x,20230925031715,1,,aborted,49161
eCommerce-Rainier/ecom-app-phygital/release-2.3.x,20230925031715,1,,aborted,35492
eCommerce-Rainier/ecom-app-phygital/revert-112-GMTPUAT-42-CA-store-page,20230925031715,1,,failure,123747
eCommerce-Rainier/ecom-app-product/e-gift-card,20231005000534,1,,success,1345010
eCommerce-Rainier/ecom-app-product/release,20231005000436,4,,aborted,14696
eCommerce-Rainier/ecom-svc-banner/rtc-session-fix-removal,20230919133915,1,,success,257617
eCommerce-Rainier/ecom-svc-order-servicing/download-egc,20230911224212,145,,unstable,422889
eCommerce-Rainier/ecom-svc-order-servicing/download-egc,20230912002115,146,,success,392813
eCommerce-Rainier/ecom-svc-order-servicing/download-egc,20230912002209,147,,success,434403
eCommerce-Rainier/ecom-svc-order-servicing/download-egc,20230912002350,148,,unstable,473611
eCommerce-Rainier/ecom-svc-order-servicing/download-egc,20230912002437,149,,unstable,736539
eCommerce-Rainier/ecom-svc-order-servicing/download-egc,20230912002612,150,,unstable,852857
eCommerce-Rainier/ecom-svc-order-servicing/download-egc,20230912041957,151,,unstable,319834
eCommerce-Rainier/ecom-svc-order-servicing/download-egc,20230912060036,152,,unstable,317247
eCommerce-Rainier/ecom-svc-order-servicing/download-egc,20230919220335,153,,unstable,553188
eCommerce-Rainier/ecom-svc-order-servicing/RAIN-4716,20230911021956,1,,success,442800
eCommerce-Rainier/ecom-svc-order-servicing/RAIN-4716,20230911022041,2,,success,482459
eCommerce-Rainier/ecom-svc-order-servicing/RAIN-4716,20230911022322,3,,success,429976
eCommerce-Rainier/ecom-svc-order-servicing/RAIN-4746,20230911221933,1,,failure,11735
eCommerce-Rainier/ecom-svc-order-servicing/RAIN-4746,20230911222011,2,,success,449532
eCommerce-Rainier/ecom-svc-order-servicing/RAIN-4746,20230911222144,3,,success,418826
eCommerce-Rainier/ecom-svc-order-servicing/RAIN-4746,20230911224259,4,,success,399570
eCommerce-Rainier/ecom-svc-order-servicing/RAIN-4746,20230911224333,5,,success,427557
eCommerce-Rainier/ecom-svc-order-servicing/RAIN-4746,20230912005636,6,,success,715591
eCommerce-Rainier/ecom-svc-order-servicing/release,20230911231949,6,,aborted,5465
eCommerce-Rainier/ecom-svc-phygital/PM-18022,20230910231633,1,,success,232283
eCommerce-Rainier/ecom-svc-phygital/PM-18022,20230911002907,2,,success,237634
eCommerce-Rainier/ecom-svc-phygital/PM-18022,20230911030326,3,,success,764836
eCommerce-Rainier/ecom-svc-phygital/PM-18022,20230919225918,4,,success,321972
eCommerce-Rainier/ecom-svc-phygital/PM-18022,20230919232345,5,,success,248327
eCommerce-Rainier/ecom-svc-phygital/PM-18022,20230920042549,6,,success,969296
eCommerce-Rainier/ecom-svc-phygital/release,20230910231554,1,,aborted,6068
eCommerce-Rainier/etcd-syncappconfig-job-chart/egc-configs-1,20230911101944,7,,success,15644
eCommerce-Rainier/etcd-syncappconfig-job-chart/egc-configs-1,20230911102137,8,,success,14188
eCommerce-Rainier/etcd-syncappconfig-job-chart/egc-configs-1,20230911102753,9,,success,15570
eCommerce-Rainier/etcd-syncappconfig-job-chart/egc-configs-1,20230918064746,10,,success,20915
eCommerce-Rainier/etcd-syncappconfig-job-chart/egc-configs-1,20230920070214,11,,success,15626
eCommerce-Rainier/etcd-syncappconfig-job-chart/egc-configs-1,20230922093028,12,,success,268877
eCommerce-Rainier/etcd-syncappconfig-job-chart/egc-configs-3,20230911223046,1,,success,26835
eCommerce-Rainier/etcd-syncappconfig-job-chart/egc-configs-3,20230911224213,2,,success,23937
eCommerce-Rainier/etcd-syncappconfig-job-chart/egc-configs-3,20230914020101,3,,success,29179
eCommerce-Rainier/etcd-syncappconfig-job-chart/egc-configs-3,20230914020913,4,,success,21270
eCommerce-Rainier/etcd-syncappconfig-job-chart/egc-configs-3,20230914021940,5,,success,20112
eCommerce-Rainier/etcd-syncappconfig-job-chart/egc-configs-3,20230919221853,6,,success,34642
eCommerce-Rainier/etcd-syncappconfig-job-chart/RAIN-4744,20230914013037,1,,success,181006
eCommerce-Rainier/etcd-syncappconfig-job-chart/RAIN-4779,20230925031133,1,,success,31976
eCommerce-Rainier/etcd-syncappconfig-job-chart/RAIN-4779,20230925031852,2,,success,34370
eCommerce-Rainier/etcd-syncappconfig-job-chart/RAIN-4779,20230925033206,3,,failure,44123
eCommerce-Rainier/etcd-syncappconfig-job-chart/release,20230911101346,2,,aborted,4650
eCommerce-Rainier/gizmotron/RAIN-4579,20230920012040,1,,failure,582549
eCommerce-Rainier/gizmotron/RAIN-4579,20230920012239,2,,failure,398146
eCommerce-Rainier/gizmotron/RAIN-4579,20230920052925,3,,failure,568765
eCommerce-Rainier/gizmotron/RAIN-4579,20230921053213,4,,failure,465062
eCommerce-Rainier/gizmotron/RAIN-4579,20230921053325,5,,failure,1003742
eCommerce-Rainier/gizmotron/RAIN-4579,20230921230615,6,,failure,577806
eCommerce-Rainier/gizmotron/RAIN-4579,20230921230741,7,,failure,423584
eCommerce-Rainier/gizmotron/RAIN-4579,20230921233821,8,,failure,575829
eCommerce-Rainier/gizmotron/RAIN-4579,20230921233854,9,,failure,290912
eCommerce-Rainier/gizmotron/RAIN-4579,20230922080910,10,,failure,127227
eCommerce-Rainier/gizmotron/RAIN-4579,20230922081009,11,,failure,358162
eCommerce-Rainier/gizmotron/RAIN-4579,20230922214141,12,,failure,538056
eCommerce-Rainier/gizmotron/RAIN-4579,20230922214221,13,,failure,446466
eCommerce-Rainier/gizmotron/RAIN-4579,20230927102511,14,,failure,341948
eCommerce-Rainier/gizmotron/RAIN-4579,20230927102548,15,,failure,352988
eCommerce-Rainier/gizmotron/RAIN-4579,20231003041158,16,,failure,350163
eCommerce-Rainier/gizmotron/RAIN-4759,20230928005439,1,,failure,549859
eCommerce-Rainier/gizmotron/RAIN-4759,20230930004003,2,,failure,413904
eCommerce-Rainier/gizmotron/RAIN-4759,20231003040756,3,,failure,471656
eCommerce-Rainier/gizmotron/RAIN-4759,20231003040910,4,,failure,270712
eCommerce-Rainier/loyalty/develop,20230928100117,1,,success,562925
eCommerce-Rainier/pricing-service/RAIN-4504-change-itemTypes,20230914084330,61,,unstable,885834
eCommerce-Rainier/pricing-service/RAIN-4504-change-itemTypes,20230914144525,62,,success,926594
eCommerce-Rainier/pricing-service/RAIN-4504-change-itemTypes,20230914152744,63,,success,976446
eCommerce-Rainier/pricing-service/RAIN-4504-change-itemTypes,20230918081928,64,,success,798437
eCommerce-Rainier/pricing-service/RAIN-4504-change-itemTypes,20230918102900,65,,success,813728
eCommerce-Rainier/pricing-service/RAIN-4504-change-itemTypes,20230918105209,66,,success,958938
eCommerce-Rainier/pricing-service/RAIN-4504-change-itemTypes,20230918114918,67,,success,959848
eCommerce-Rainier/pricing-service/RAIN-4504-change-itemTypes,20230918120644,68,,success,1551078
eCommerce-Rainier/pricing-service/RAIN-4504-change-itemTypes,20230918130351,69,,success,1064677
eCommerce-Rainier/pricing-service/RAIN-4504-change-itemTypes,20230918142746,70,,success,889814
eCommerce-Rainier/pricing-service/RAIN-4504-change-itemTypes,20230919094512,71,,success,955369
eCommerce-Rainier/pricing-service/RAIN-4504-change-itemTypes,20230920144214,72,,success,890067
eCommerce-Rainier/pricing-service/RAIN-4504-change-itemTypes,20230921074736,73,,success,2055094
eCommerce-Rainier/pricing-service/RAIN-4504-change-itemTypes,20230921082234,74,,success,937713
eCommerce-Rainier/pricing-service/RAIN-4504-remove-old-taxes,20230920141026,1,,success,1157070
eCommerce-Rainier/pricing-service/RAIN-4504-remove-old-taxes,20230920160917,2,,success,1000935
eCommerce-Rainier/stored-value-card-orchestration-service/BALANCE-ISSUE,20231003093601,1,,success,353894
eCommerce-Rainier/stored-value-card-orchestration-service/develop,20231004232427,2,,unstable,538058
eCommerce-Rainier/stored-value-card-orchestration-service/e-giftcard-test,20230908004540,18,,unstable,358161
eCommerce-Rainier/stored-value-card-orchestration-service/e-giftcard-test,20230908004651,19,,unstable,374728
eCommerce-Rainier/stored-value-card-orchestration-service/e-giftcard-test,20230908022601,20,,unstable,381354
eCommerce-Rainier/stored-value-card-orchestration-service/e-giftcard-test,20230908025333,21,,unstable,738314
eCommerce-Rainier/stored-value-card-orchestration-service/e-giftcard-test,20230908030608,22,,unstable,413386
eCommerce-Rainier/stored-value-card-orchestration-service/e-giftcard-test,20230908065523,23,,unstable,405571
eCommerce-Rainier/stored-value-card-orchestration-service/e-giftcard-test,20230908072846,24,,unstable,331386
eCommerce-Rainier/stored-value-card-orchestration-service/e-giftcard-test,20230908092012,25,,failure,233110
eCommerce-Rainier/stored-value-card-orchestration-service/e-giftcard-test,20230908092420,26,,unstable,490402
eCommerce-Rainier/stored-value-card-orchestration-service/e-giftcard-test,20230908122433,27,,unstable,330003
eCommerce-Rainier/stored-value-card-orchestration-service/e-giftcard-test,20230911015245,37,,failure,268970
eCommerce-Rainier/stored-value-card-orchestration-service/e-giftcard-test,20230911020053,38,,failure,139009
eCommerce-Rainier/stored-value-card-orchestration-service/e-giftcard-test,20230911020712,39,,failure,220548
eCommerce-Rainier/stored-value-card-orchestration-service/e-giftcard-test,20230911021650,40,,failure,177371
eCommerce-Rainier/stored-value-card-orchestration-service/e-giftcard-test,20230911022123,41,,failure,162987
eCommerce-Rainier/stored-value-card-orchestration-service/e-giftcard-test,20230911023454,42,,failure,212184
eCommerce-Rainier/stored-value-card-orchestration-service/e-giftcard-test,20230911024027,43,,failure,146897
eCommerce-Rainier/stored-value-card-orchestration-service/e-giftcard-test,20230911024334,44,,failure,156695
eCommerce-Rainier/stored-value-card-orchestration-service/e-giftcard-test,20230911024635,45,,unstable,302904
eCommerce-Rainier/stored-value-card-orchestration-service/e-giftcard-test,20230911035627,46,,unstable,474551
eCommerce-Rainier/stored-value-card-orchestration-service/e-giftcard-test,20230912041729,47,,unstable,347817
eCommerce-Rainier/stored-value-card-orchestration-service/e-giftcard-test,20230913044635,48,,failure,140704
eCommerce-Rainier/stored-value-card-orchestration-service/e-giftcard-test,20230913050051,49,,unstable,479258
eCommerce-Rainier/stored-value-card-orchestration-service/e-giftcard-test,20230913112506,50,,unstable,363228
eCommerce-Rainier/stored-value-card-orchestration-service/e-giftcard-test,20230918023641,51,,failure,142530
eCommerce-Rainier/stored-value-card-orchestration-service/e-giftcard-test,20230918024637,52,,success,349433
eCommerce-Rainier/stored-value-card-orchestration-service/e-giftcard-test,20230926001639,53,,unstable,443763
eCommerce-Rainier/stored-value-card-orchestration-service/e-giftcard-test,20230926052038,54,,unstable,372024
eCommerce-Rainier/stored-value-card-orchestration-service/e-giftcard-test,20230927015423,55,,unstable,409100
eCommerce-Rainier/stored-value-card-orchestration-service/e-giftcard-test,20230927024641,56,,unstable,522802
eCommerce-Rainier/stored-value-card-orchestration-service/e-giftcard-test,20230928025213,57,,success,494712
eCommerce-Rainier/stored-value-card-orchestration-service/e-giftcard-test,20230929052235,58,,unstable,327590
eCommerce-Rainier/stored-value-card-orchestration-service/e-giftcard-test-bkp,20230911025050,1,,failure,128267
eCommerce-Rainier/stored-value-card-orchestration-service/egiftcard-testing,20230907231133,5,,failure,188095
eCommerce-Rainier/stored-value-card-orchestration-service/egiftcard-testing,20230907231401,6,,failure,272357
eCommerce-Rainier/stored-value-card-orchestration-service/egiftcard-testing,20230907231952,7,,failure,211748
eCommerce-Rainier/stored-value-card-orchestration-service/egiftcard-testing,20230908004254,8,,failure,145182
eCommerce-Rainier/stored-value-card-orchestration-service/Monthly-Reports-Backup,20230918023958,1,,success,398253
eCommerce-Rainier/stored-value-card-orchestration-service/origin1%252Fsvc-orchestration-sit,20230929032045,1,,failure,62161
eCommerce-Rainier/stored-value-card-orchestration-service/RAIN-4502,20230908015334,37,,failure,210324
eCommerce-Rainier/stored-value-card-orchestration-service/RAIN-4502,20230908033236,38,,failure,406671
eCommerce-Rainier/stored-value-card-orchestration-service/RAIN-4502,20230908034849,39,,unstable,576408
eCommerce-Rainier/stored-value-card-orchestration-service/RAIN-4502,20230908040413,40,,unstable,807342
eCommerce-Rainier/stored-value-card-orchestration-service/RAIN-4502,20230908044350,41,,unstable,454489
eCommerce-Rainier/stored-value-card-orchestration-service/RAIN-4502,20230911072556,42,,unstable,282809
eCommerce-Rainier/stored-value-card-orchestration-service/RAIN-4502,20230911074510,43,,unstable,279249
eCommerce-Rainier/stored-value-card-orchestration-service/RAIN-4502,20230911075904,44,,unstable,637840
eCommerce-Rainier/stored-value-card-orchestration-service/RAIN-4502,20230911221929,45,,unstable,618494
eCommerce-Rainier/stored-value-card-orchestration-service/RAIN-4502,20230911235526,46,,failure,264200
eCommerce-Rainier/stored-value-card-orchestration-service/RAIN-4502,20230912223913,47,,unstable,347718
eCommerce-Rainier/stored-value-card-orchestration-service/RAIN-4502,20230914220926,48,,unstable,470769
eCommerce-Rainier/stored-value-card-orchestration-service/RAIN-4502,20230918052929,49,,unstable,421472
eCommerce-Rainier/stored-value-card-orchestration-service/RAIN-4502,20230918170838,50,,unstable,362031
eCommerce-Rainier/stored-value-card-orchestration-service/RAIN-4502,20230918171523,51,,unstable,332067
eCommerce-Rainier/stored-value-card-orchestration-service/RAIN-4502,20230918172709,52,,unstable,456671
eCommerce-Rainier/stored-value-card-orchestration-service/RAIN-4502,20230918173022,53,,unstable,504509
eCommerce-Rainier/stored-value-card-orchestration-service/RAIN-4502,20230918173429,54,,unstable,328074
eCommerce-Rainier/stored-value-card-orchestration-service/RAIN-4502,20230920092754,55,,failure,162541
eCommerce-Rainier/stored-value-card-orchestration-service/RAIN-4502,20230921000745,56,,unstable,565428
eCommerce-Rainier/stored-value-card-orchestration-service/RAIN-4502,20230921023224,57,,unstable,650309
eCommerce-Rainier/stored-value-card-orchestration-service/RAIN-4502,20230921023339,58,,unstable,583511
eCommerce-Rainier/stored-value-card-orchestration-service/RAIN-4502,20230921111226,59,,unstable,525497
eCommerce-Rainier/stored-value-card-orchestration-service/RAIN-4502-2,20230912014242,1,,success,311666
eCommerce-Rainier/stored-value-card-orchestration-service/RAIN-4502-2,20230912014639,2,,unstable,313930
eCommerce-Rainier/stored-value-card-orchestration-service/RAIN-4502-2,20230912020554,3,,unstable,414257
eCommerce-Rainier/stored-value-card-orchestration-service/RAIN-4502-2,20230915033504,4,,unstable,307506
eCommerce-Rainier/stored-value-card-orchestration-service/RAIN-4503,20230907230929,7,,failure,188634
eCommerce-Rainier/stored-value-card-orchestration-service/RAIN-4503,20230911034722,8,,failure,159436
eCommerce-Rainier/stored-value-card-orchestration-service/RAIN-4503,20230911063914,9,,unstable,277047
eCommerce-Rainier/stored-value-card-orchestration-service/RAIN-4503,20230911070441,10,,success,350601
eCommerce-Rainier/stored-value-card-orchestration-service/RAIN-4527,20230907232806,95,,failure,160190
eCommerce-Rainier/stored-value-card-orchestration-service/RAIN-4527,20230908065146,96,,failure,82336
eCommerce-Rainier/stored-value-card-orchestration-service/RAIN-4527,20230908065824,97,,failure,6984
eCommerce-Rainier/stored-value-card-orchestration-service/RAIN-4527,20230908065948,98,,success,436056
eCommerce-Rainier/stored-value-card-orchestration-service/RAIN-4527,20230908070800,99,,success,309244
eCommerce-Rainier/stored-value-card-orchestration-service/RAIN-4527,20230910221512,100,,failure,215624
eCommerce-Rainier/stored-value-card-orchestration-service/RAIN-4527,20230910222251,101,,failure,167390
eCommerce-Rainier/stored-value-card-orchestration-service/RAIN-4527,20230910223138,102,,success,256347
eCommerce-Rainier/stored-value-card-orchestration-service/RAIN-4527,20230910232735,103,,success,307134
eCommerce-Rainier/stored-value-card-orchestration-service/RAIN-4527,20230910233153,104,,success,373316
eCommerce-Rainier/stored-value-card-orchestration-service/RAIN-4527,20230912041018,105,,failure,356638
eCommerce-Rainier/stored-value-card-orchestration-service/RAIN-4527,20230912041112,106,,success,483269
eCommerce-Rainier/stored-value-card-orchestration-service/RAIN-4527,20230912055306,107,,failure,360251
eCommerce-Rainier/stored-value-card-orchestration-service/RAIN-4527,20230912055330,108,,failure,393542
eCommerce-Rainier/stored-value-card-orchestration-service/RAIN-4527,20230912080527,109,,success,332786
eCommerce-Rainier/stored-value-card-orchestration-service/RAIN-4527,20230912222028,110,,success,382318
eCommerce-Rainier/stored-value-card-orchestration-service/RAIN-4527,20230912222434,111,,success,447494
eCommerce-Rainier/stored-value-card-orchestration-service/RAIN-4527,20230912222534,112,,success,417319
eCommerce-Rainier/stored-value-card-orchestration-service/RAIN-4527,20230913002125,114,,success,341489
eCommerce-Rainier/stored-value-card-orchestration-service/RAIN-4527,20230913051525,115,,success,401066
eCommerce-Rainier/stored-value-card-orchestration-service/RAIN-4527,20230913065046,116,,failure,132855
eCommerce-Rainier/stored-value-card-orchestration-service/RAIN-4527,20230913065317,117,,success,261476
eCommerce-Rainier/stored-value-card-orchestration-service/RAIN-4527,20230913065655,118,,success,268035
eCommerce-Rainier/stored-value-card-orchestration-service/RAIN-4527,20230913102350,119,,failure,121344
eCommerce-Rainier/stored-value-card-orchestration-service/RAIN-4527,20230913102702,120,,success,295958
eCommerce-Rainier/stored-value-card-orchestration-service/RAIN-4527,20230913102744,121,,success,316355
eCommerce-Rainier/stored-value-card-orchestration-service/RAIN-4527,20230913104411,122,,success,290964
eCommerce-Rainier/stored-value-card-orchestration-service/RAIN-4527,20230913111756,123,,success,314234
eCommerce-Rainier/stored-value-card-orchestration-service/RAIN-4527,20230914061335,124,,failure,174775
eCommerce-Rainier/stored-value-card-orchestration-service/RAIN-4527,20230914063010,125,,unstable,465111
eCommerce-Rainier/stored-value-card-orchestration-service/RAIN-4527,20230914063852,126,,success,590307
eCommerce-Rainier/stored-value-card-orchestration-service/RAIN-4527,20230914095618,127,,success,408461
eCommerce-Rainier/stored-value-card-orchestration-service/RAIN-4527,20230915012302,128,,failure,235873
eCommerce-Rainier/stored-value-card-orchestration-service/RAIN-4527,20230915040310,129,,success,1829874
eCommerce-Rainier/stored-value-card-orchestration-service/RAIN-4527,20230915073620,130,,success,427072
eCommerce-Rainier/stored-value-card-orchestration-service/RAIN-4527,20230918021859,131,,failure,349116
eCommerce-Rainier/stored-value-card-orchestration-service/RAIN-4527,20230918023037,132,,success,395735
eCommerce-Rainier/stored-value-card-orchestration-service/RAIN-4527,20230920002127,133,,success,439129
eCommerce-Rainier/stored-value-card-orchestration-service/RAIN-4527,20230920030719,134,,unstable,950382
eCommerce-Rainier/stored-value-card-orchestration-service/RAIN-4527,20230920033443,135,,success,772803
eCommerce-Rainier/stored-value-card-orchestration-service/RAIN-4527,20230920092248,136,,success,315659
eCommerce-Rainier/stored-value-card-orchestration-service/RAIN-4527,20230920092841,137,,success,273679
eCommerce-Rainier/stored-value-card-orchestration-service/RAIN-4527,20230920123601,138,,unstable,425044
eCommerce-Rainier/stored-value-card-orchestration-service/RAIN-4527,20230920124957,139,,success,332976
eCommerce-Rainier/stored-value-card-orchestration-service/RAIN-4527,20230922065915,140,,success,469385
eCommerce-Rainier/stored-value-card-orchestration-service/RAIN-4527,20230922075351,141,,success,746810
eCommerce-Rainier/stored-value-card-orchestration-service/RAIN-4527,20230922075522,142,,success,420608
eCommerce-Rainier/stored-value-card-orchestration-service/RAIN-4527,20230922084529,143,,success,1063346
eCommerce-Rainier/stored-value-card-orchestration-service/RAIN-4527,20230924224643,145,,failure,532523
eCommerce-Rainier/stored-value-card-orchestration-service/RAIN-4527,20230924225852,146,,success,537130
eCommerce-Rainier/stored-value-card-orchestration-service/RAIN-4527,20230925002918,147,,success,411780
eCommerce-Rainier/stored-value-card-orchestration-service/RAIN-4527,20230925003000,148,,success,380024
eCommerce-Rainier/stored-value-card-orchestration-service/RAIN-4527,20230925003047,149,,failure,4357
eCommerce-Rainier/stored-value-card-orchestration-service/RAIN-4527,20230925003148,150,,success,399775
eCommerce-Rainier/stored-value-card-orchestration-service/RAIN-4527,20230925080219,151,,success,699089
eCommerce-Rainier/stored-value-card-orchestration-service/RAIN-4527,20230927035131,152,,success,788415
eCommerce-Rainier/stored-value-card-orchestration-service/RAIN-4527,20230927100627,153,,failure,258775
eCommerce-Rainier/stored-value-card-orchestration-service/RAIN-4527,20230927103740,154,,success,555088
eCommerce-Rainier/stored-value-card-orchestration-service/RAIN-4527-copy,20230908064336,1,,failure,151174
eCommerce-Rainier/stored-value-card-orchestration-service/RAIN-4527-copy,20230908073709,2,,success,398471
eCommerce-Rainier/stored-value-card-orchestration-service/RAIN-4527-copy,20230910223139,3,,success,318958
eCommerce-Rainier/stored-value-card-orchestration-service/RAIN-4527-copy,20230912221947,4,,success,452215
eCommerce-Rainier/stored-value-card-orchestration-service/RAIN-4527-copy,20230913073059,5,,failure,127947
eCommerce-Rainier/stored-value-card-orchestration-service/RAIN-4527-copy,20230913073521,6,,success,263296
eCommerce-Rainier/stored-value-card-orchestration-service/RAIN-4527-copy,20230913075833,7,,success,354569
eCommerce-Rainier/stored-value-card-orchestration-service/RAIN-4527-copy,20230914233417,8,,failure,190761
eCommerce-Rainier/stored-value-card-orchestration-service/RAIN-4527-copy,20230924224321,9,,success,378525
eCommerce-Rainier/stored-value-card-orchestration-service/RAIN-4527-copy,20230925002758,10,,success,340169
eCommerce-Rainier/stored-value-card-orchestration-service/RAIN-4548,20230908000555,9,,unstable,408022
eCommerce-Rainier/stored-value-card-orchestration-service/RAIN-4548,20230908002722,10,,failure,125223
eCommerce-Rainier/stored-value-card-orchestration-service/RAIN-4548,20230912033806,11,,failure,273476
eCommerce-Rainier/stored-value-card-orchestration-service/RAIN-4548,20230913003754,12,,unstable,360331
eCommerce-Rainier/stored-value-card-orchestration-service/RAIN-4548,20230913044512,13,,failure,185591
eCommerce-Rainier/stored-value-card-orchestration-service/RAIN-4548,20230913045032,14,,unstable,395259
eCommerce-Rainier/stored-value-card-orchestration-service/RAIN-4548,20230915035940,15,,unstable,640027
eCommerce-Rainier/stored-value-card-orchestration-service/RAIN-4548,20230915041046,16,,unstable,498207
eCommerce-Rainier/stored-value-card-orchestration-service/RAIN-4548,20230917201952,17,,failure,172988
eCommerce-Rainier/stored-value-card-orchestration-service/RAIN-4548,20230917202521,18,,failure,157308
eCommerce-Rainier/stored-value-card-orchestration-service/RAIN-4548,20230917202806,19,,failure,97282
eCommerce-Rainier/stored-value-card-orchestration-service/RAIN-4548,20230921151445,20,,failure,1191925
eCommerce-Rainier/stored-value-card-orchestration-service/RAIN-4548,20230921155540,21,,unstable,745513
eCommerce-Rainier/stored-value-card-orchestration-service/RAIN-4548,20230921160818,22,,unstable,524516
eCommerce-Rainier/stored-value-card-orchestration-service/RAIN-4548,20230921164211,23,,unstable,423710
eCommerce-Rainier/stored-value-card-orchestration-service/RAIN-4548,20230921170619,24,,unstable,438358
eCommerce-Rainier/stored-value-card-orchestration-service/RAIN-4548,20230921171711,25,,success,368341
eCommerce-Rainier/stored-value-card-orchestration-service/RAIN-4548-backup,20230921140717,1,,success,541886
eCommerce-Rainier/stored-value-card-orchestration-service/RAIN-4549-1,20230907231655,34,,failure,247196
eCommerce-Rainier/stored-value-card-orchestration-service/RAIN-4549-1,20230912222512,35,,unstable,357189
eCommerce-Rainier/stored-value-card-orchestration-service/RAIN-4549-1,20230914055739,36,,failure,289671
eCommerce-Rainier/stored-value-card-orchestration-service/RAIN-4549-1,20230914062059,37,,failure,263015
eCommerce-Rainier/stored-value-card-orchestration-service/RAIN-4549-1,20230914075759,38,,failure,180606
eCommerce-Rainier/stored-value-card-orchestration-service/RAIN-4549-1,20230914103011,39,,unstable,361285
eCommerce-Rainier/stored-value-card-orchestration-service/RAIN-4549-1,20230914104613,40,,unstable,325225
eCommerce-Rainier/stored-value-card-orchestration-service/RAIN-4549-1,20230915032926,41,,unstable,359763
eCommerce-Rainier/stored-value-card-orchestration-service/RAIN-4549-1,20230915040754,42,,unstable,573907
eCommerce-Rainier/stored-value-card-orchestration-service/RAIN-4549-1,20230920124338,43,,failure,124226
eCommerce-Rainier/stored-value-card-orchestration-service/RAIN-4549-1,20230920221816,44,,failure,223156
eCommerce-Rainier/stored-value-card-orchestration-service/RAIN-4549-1,20230920234655,45,,failure,85558
eCommerce-Rainier/stored-value-card-orchestration-service/RAIN-4549-1,20230921002116,46,,failure,160506
eCommerce-Rainier/stored-value-card-orchestration-service/RAIN-4549-1,20230921050516,47,,unstable,1487421
eCommerce-Rainier/stored-value-card-orchestration-service/RAIN-4549-1,20230921063823,48,,failure,933966
eCommerce-Rainier/stored-value-card-orchestration-service/RAIN-4549-1,20230921070300,49,,unstable,440866
eCommerce-Rainier/stored-value-card-orchestration-service/RAIN-4549-1,20230921073004,50,,unstable,390184
eCommerce-Rainier/stored-value-card-orchestration-service/RAIN-4549-1,20230921105813,51,,unstable,404244
eCommerce-Rainier/stored-value-card-orchestration-service/RAIN-4549-1,20230921114323,52,,unstable,408198
eCommerce-Rainier/stored-value-card-orchestration-service/RAIN-4549-1,20230921121849,53,,unstable,471080
eCommerce-Rainier/stored-value-card-orchestration-service/RAIN-4549-1,20230921125711,54,,unstable,477054
eCommerce-Rainier/stored-value-card-orchestration-service/RAIN-4549-1,20230921133215,55,,failure,671737
eCommerce-Rainier/stored-value-card-orchestration-service/RAIN-4549-1-backup,20230920123554,1,,success,440732
eCommerce-Rainier/stored-value-card-orchestration-service/RAIN-4549-1-ready,20230921124557,1,,success,442222
eCommerce-Rainier/stored-value-card-orchestration-service/RAIN-4641,20230912213721,31,,success,692110
eCommerce-Rainier/stored-value-card-orchestration-service/RAIN-4641,20230912214511,32,,success,505932
eCommerce-Rainier/stored-value-card-orchestration-service/RAIN-4641,20230912215407,33,,success,387515
eCommerce-Rainier/stored-value-card-orchestration-service/RAIN-4716,20230907232517,9,,failure,126391
eCommerce-Rainier/stored-value-card-orchestration-service/RAIN-4716,20230907232950,10,,failure,237257
eCommerce-Rainier/stored-value-card-orchestration-service/RAIN-4716,20230907233217,11,,failure,162115
eCommerce-Rainier/stored-value-card-orchestration-service/RAIN-4716,20230908055415,12,,success,304041
eCommerce-Rainier/stored-value-card-orchestration-service/RAIN-4716,20230908055543,13,,failure,237752
eCommerce-Rainier/stored-value-card-orchestration-service/RAIN-4716,20230911000345,14,,success,422502
eCommerce-Rainier/stored-value-card-orchestration-service/RAIN-4716,20230911000516,15,,success,506851
eCommerce-Rainier/stored-value-card-orchestration-service/RAIN-4716,20230912035532,16,,success,413849
eCommerce-Rainier/stored-value-card-orchestration-service/RAIN-4754,20230913044135,1,,success,312858
eCommerce-Rainier/stored-value-card-orchestration-service/RAIN-4754,20230913044747,2,,success,277994
eCommerce-Rainier/stored-value-card-orchestration-service/RAIN-4754,20230915042626,3,,unstable,319181
eCommerce-Rainier/stored-value-card-orchestration-service/RAIN-4754,20230917203401,4,,success,338117
eCommerce-Rainier/stored-value-card-orchestration-service/RAIN-4754,20230917211040,5,,success,323258
eCommerce-Rainier/stored-value-card-orchestration-service/RAIN-4754,20230921155016,6,,failure,485373
eCommerce-Rainier/stored-value-card-orchestration-service/RAIN-4756,20230915020314,1,,success,1246059
eCommerce-Rainier/stored-value-card-orchestration-service/RAIN-4756,20230915040727,2,,success,452701
eCommerce-Rainier/stored-value-card-orchestration-service/RAIN-4756,20230915041322,3,,success,384725
eCommerce-Rainier/stored-value-card-orchestration-service/RAIN-4798,20231003101806,1,,failure,239744
eCommerce-Rainier/stored-value-card-orchestration-service/release,20230915020308,8,,aborted,4605
eCommerce-Rainier/stored-value-card-orchestration-service/release,20230921211753,9,,aborted,5300
eCommerce-Rainier/stored-value-card-orchestration-service/release,20230924230404,10,,aborted,7983
eCommerce-Rainier/stored-value-card-orchestration-service/release,20230924233430,11,,aborted,6477
eCommerce-Rainier/stored-value-card-orchestration-service/release,20230924234544,12,,aborted,14442
eCommerce-Rainier/stored-value-card-orchestration-service/release,20230924235248,13,,aborted,5459
eCommerce-Rainier/stored-value-card-orchestration-service/release,20231003092831,14,,aborted,5049
eCommerce-Rainier/stored-value-card-orchestration-service/release,20231003110649,15,,aborted,4701
eCommerce-Rainier/stored-value-card-orchestration-service/svc-orchestration-sit,20230929032243,1,,failure,150114
eCommerce-Rainier/stored-value-card-orchestration-service/TCE-25852,20230927051029,10,,success,365939
eCommerce-Rainier/stored-value-card-orchestration-service/TCE-25852,20230927105808,11,,success,311732
eCommerce-Rainier/stored-value-card-orchestration-service/TCE-25852,20230928010006,12,,failure,328282
eCommerce-Rainier/stored-value-card-orchestration-service/TCE-25852,20230928015514,13,,failure,456966
eCommerce-Rainier/stored-value-card-orchestration-service/TCE-25852,20230928021305,14,,failure,193939
eCommerce-Rainier/stored-value-card-orchestration-service/TCE-25852,20230928022844,15,,failure,221347
eCommerce-Rainier/stored-value-card-orchestration-service/TCE-25852,20230928023658,16,,failure,182007
eCommerce-Rainier/stored-value-card-orchestration-service/TCE-25852,20230928025830,17,,failure,377840
eCommerce-Rainier/stored-value-card-orchestration-service/TCE-25852,20230928025941,18,,success,1074473
eCommerce-Rainier/stored-value-card-orchestration-service/TCE-25852,20230928092019,19,,success,299464
eCommerce-Rainier/stored-value-card-orchestration-service/TCE-25952,20230927023620,1,,success,581029
eCommerce-Rainier/stored-value-card-orchestration-service/TCE-25952,20230927024128,2,,success,406575
eCommerce-Rainier/stored-value-card-orchestration-service/TCE-25952,20230927025022,3,,success,743901
eCommerce-Rainier/stored-value-card-orchestration-service/TCE-25952,20230927031357,4,,success,920921
eCommerce-Rainier/stressed-out/RAIN-eGiftCardOrch,20230908063825,74,,failure,67426
eCommerce-Rainier/stressed-out/RAIN-eGiftCardOrch,20230908063854,75,,failure,114360
eCommerce-Rainier/stressed-out/RAIN-eGiftCardOrch,20230908064228,76,,failure,67134
eCommerce-Rainier/stressed-out/RAIN-eGiftCardOrch,20230908064349,77,,failure,62183
eCommerce-Rainier/stressed-out/RAIN-eGiftCardOrch,20230920031005,78,,failure,166462
eCommerce-Rainier/stressed-out/RAIN-eGiftCardOrch,20230920031354,79,,failure,112040
eCommerce-Rainier/stressed-out/RAIN-eGiftCardOrch,20230920031720,80,,failure,197219
eCommerce-Rainier/stressed-out/RAIN-eGiftCardOrch,20230920031805,81,,failure,176700
eCommerce-Rainier/stressed-out/RAIN-eGiftCardOrch,20230920032315,82,,success,88510
eCommerce-Rainier/stressed-out/RAIN-eGiftCardOrch,20230920032507,83,,success,113817
eCommerce-Rainier/stressed-out/RAIN-eGiftCardOrch,20230920032803,84,,success,204777
eCommerce-Rainier/stressed-out/RAIN-eGiftCardOrch,20230920033642,85,,failure,261726
eCommerce-Rainier/stressed-out/RAIN-eGiftCardOrch,20230920034341,86,,failure,251147
eCommerce-Rainier/stressed-out/RAIN-eGiftCardOrch,20230920034841,87,,failure,134468
eCommerce-Rainier/stressed-out/RAIN-eGiftCardOrch,20230920040001,88,,aborted,11384
eCommerce-Rainier/stressed-out/RAIN-eGiftCardOrch,20230920040037,89,,failure,224853
eCommerce-Rainier/stressed-out/RAIN-eGiftCardOrch,20230920040706,90,,failure,161164
eCommerce-Rainier/stressed-out/RAIN-eGiftCardOrch,20230920041252,91,,failure,712408
eCommerce-Rainier/stressed-out/RAIN-eGiftCardOrch,20230920044402,92,,failure,103467100
eCommerce-Rainier/stressed-out/RAIN-eGiftCardOrch,20231003034732,93,,failure,164984
eCommerce-Rainier/stressed-out/RAIN-eGiftCardOrch,20231003034859,94,,failure,156486
eCommerce-Rainier/stressed-out/RAIN-eGiftCardOrch,20231003034931,95,,failure,145180
eCommerce-Rainier/stressed-out/RAIN-eGiftCardOrch,20231003035227,96,,success,82636
eCommerce-Rainier/stressed-out/RAIN-eGiftCardOrch,20231003035643,97,,failure,98742
eCommerce-Rainier/stressed-out/RAIN-eGiftCardOrch,20231003041758,98,,aborted,489526
eCommerce-Rainier/stressed-out/RAIN-eGiftCardOrch,20231003042652,99,,failure,96716
eCommerce-Rainier/stressed-out/RAIN-eGiftCardOrch,20231003042946,100,,success,117336
eCommerce-Rainier/stressed-out/RAIN-eGiftCardOrch,20231003043514,101,,aborted,244474
eCommerce-Rainier/stressed-out/RAIN-eGiftCardOrch,20231003043929,102,,failure,86679
eCommerce-Rainier/web-component-ecom-order/release,20230908042409,13,,aborted,4233
eCommerce-Rainier/web-component-ecom-order/release,20230908042834,14,,aborted,12174
eCommerce-Rainier/web-component-ecom-order/release,20230908050539,15,,aborted,5800
eCommerce-Rainier/web-component-ecom-order/release,20230908050659,16,,aborted,6216
eCommerce-Rainier/web-component-ecom-order/release,20230908051255,17,,aborted,8527
eCommerce-Rainier/web-component-ecom-order/release,20230908051828,18,,aborted,6293
eCommerce-Rainier/web-component-ecom-order/release,20230908052211,19,,aborted,6797
eCommerce-Rainier/web-component-ecom-order/release,20230908052842,20,,aborted,4679
eCommerce-Rainier/web-component-ecom-order/release,20230908053222,21,,aborted,5805
eCommerce-Rainier/web-component-ecom-order/release,20230908053716,22,,aborted,3949
