eCommerce-Arvon/ecom-svc-cart/feature-use-retail-price,20230831070206,1,,success,233639
eCommerce-Arvon/ecom-svc-catalog/feature-mdm-retail-price,20230831070053,1,,success,366957
eCommerce-Arvon/cart-checkout/develop,20200520150009,6,,success,427907
eCommerce-Arvon/cart-checkout/release,20200312090225,1,,aborted,11080
eCommerce-Arvon/datafeeds-app/develop,20200424121600,4,,unstable,281081
eCommerce-Arvon/dp-baselogic/abtest-url-params,20200504083627,1,,success,2053595
eCommerce-Arvon/dp-baselogic/arv-2202-fix-msrp-display-logic,20191108093324,3,,success,2042466
eCommerce-Arvon/dp-baselogic/develop,20200504103933,34,,success,2025820
eCommerce-Arvon/dp-baselogic/feature-ARV1906-test-lane,20191125065621,4,,unstable,2342492
eCommerce-Arvon/dp-baselogic/feature-ARV2039-ab-url-params,20191125091206,11,,success,2829399
eCommerce-Arvon/dp-baselogic/feature-ARV2102,20191125073404,6,,success,2350404
eCommerce-Arvon/dp-baselogic/fix-time-zone-unit-tests,20200211143015,1,,success,2800204
eCommerce-Arvon/dp-baselogic/release-2.5.49.x,20200503115838,1,,aborted,22847
eCommerce-Arvon/dp-baselogic/targeting-unit-test,20190807165013,1,,unstable,3325165
eCommerce-Arvon/dp-components/arvon-wrk-190128,20190414171548,2,,success,368480
eCommerce-Arvon/dp-components/develop,20190821101958,6,,success,170549
eCommerce-Arvon/dp-components/release,20190414171524,2,,success,272249
eCommerce-Arvon/dp-foundation/develop,20190823065130,9,,success,287993
eCommerce-Arvon/dp-sites/arv-2202-fix-msrp-display-logic,20191209193627,6,,success,2098831
eCommerce-Arvon/dp-sites/develop,20200504111838,51,,success,2890751
eCommerce-Arvon/dp-sites/feature-add-appsetting-defaults-for-ccpa-button-and-links,20200216192638,19,,success,2847417
eCommerce-Arvon/dp-sites/feature-mdm-retail-price,20200421060628,8,,success,2778482
eCommerce-Arvon/dp-sites/release-2.4.42.x,20200504092427,1,,aborted,7658
eCommerce-Arvon/ecom-svc-cart/develop,20200317080808,1,,success,95621
eCommerce-Arvon/ecom-svc-cart/feature-mdm-retail-price,20200331082325,2,,success,89470
eCommerce-Arvon/ecom-svc-cart/feature-use-retail-price,20230831070206,1,,success,233639
eCommerce-Arvon/ecom-svc-catalog/develop,20200317080827,1,,success,155444
eCommerce-Arvon/ecom-svc-catalog/feature-mdm-retail-price,20230831070053,1,,success,366957
eCommerce-Arvon/ecom-svc-checkout/develop,20200317080848,1,,success,297273
eCommerce-Arvon/ecom-svc-experimentation/feature-url-params,20200506114537,2,,success,510371
eCommerce-Arvon/ecom-svc-experimentation/release,20200506112201,1,,aborted,6473
eCommerce-Arvon/ecom-svc-support/develop,20200317085554,1,,success,75483
eCommerce-Arvon/ecom-svc-support/feature-mdm-retail-price,20200403073211,3,,success,82232
eCommerce-Arvon/experimentation-service/develop,20201027072244,354,,success,1524958
eCommerce-Arvon/experimentation-service/merge1,20230128063434,1,,failure,123130
eCommerce-Arvon/favorites-service/develop,20200302231422,8,,success,291796
eCommerce-Arvon/js-ecom-tools/release,20181016110010,2,,success,34084
eCommerce-Arvon/loyalty/develop,20200214094524,1,,success,257982
eCommerce-Arvon/loyalty/feature-loyalty-delete,20200218114113,3,,success,183813
eCommerce-Arvon/loyalty/release,20200129074740,2,,aborted,4296
eCommerce-Arvon/loyalty/release-1.3.43.x,20200109131919,1,,aborted,9479
eCommerce-Arvon/loyalty/testing-loyalty-delete,20200210074327,4,,failure,22593
eCommerce-Arvon/oauth-client/release,20190114161513,1,,success,66792
eCommerce-Arvon/oauth-server/develop,20200306075812,29,,success,114584
eCommerce-Arvon/privacy-ecom-processor/develop,20200429135209,72,,success,370268
eCommerce-Arvon/profile/develop,20200130045721,4,,success,90642
eCommerce-Arvon/profile/release,20200106081005,3,,aborted,2574
eCommerce-Arvon/profile/snapshotTest,20200325064546,1,,success,79140
eCommerce-Arvon/registry/release,20200213081354,2,,aborted,5850
eCommerce-Arvon/registry/release-1.2.22-hotfix,20200115133704,1,,aborted,12536
eCommerce-Arvon/registry/release-1.2.47-hotfix,20200115133704,1,,aborted,12528
eCommerce-Arvon/saved-credit-card/feature-case-insensitive-delete,20200226083942,2,,success,64894
eCommerce-Arvon/saved-credit-card/fix-bump-child-pom-versions,20200226084510,1,,success,91355
eCommerce-Arvon/saved-credit-card/release,20200226084341,2,,aborted,5875
eCommerce-Arvon/stressed-out/associate-tests,20190513075511,1,,success,9425
eCommerce-Arvon/stressed-out/develop,20190513075512,2,,success,7977
eCommerce-Arvon/stressed-out/release,20190503123518,1,,failure,814733
eCommerce-Arvon/user-service/develop,20200305085134,8,,unstable,95177
eCommerce-Arvon/user-service/feature-add-delete-user,20200206100539,6,,success,103137
eCommerce-Arvon/user-service/feature-add-get-user-details,20200106094752,2,,success,74045
eCommerce-Arvon/user-service/fix-remove-dead-table,20200225095527,1,,success,966079
eCommerce-Arvon/user-service/fix-sonar-leaks,20200310131728,2,,success,253835
eCommerce-Arvon/web-component-ecom-experimentation/develop,20190813150322,9,,success,48928
eCommerce-Arvon/web-component-ecom-experimentation/feature-migrate-to-jest,20191022094834,1,,failure,19463
eCommerce-Arvon/web-component-ecom-experimentation/release,20190510103616,10,,success,41941
eCommerce-Arvon/web-component-ecom-product/develop,20190805062803,1,,success,354553
eCommerce-Arvon/web-component-ecom-pwa/ARV-749,20180516044901,4,,failure,7827726
eCommerce-Arvon/web-component-ecom-pwa/ARV-803,20180502120046,3,,failure,8708398
eCommerce-Arvon/web-component-ecom-pwa/develop,20180824090931,33,,success,49923
eCommerce-Arvon/web-component-ecom-pwa/hotfix-3.2,20180528051828,5,,failure,2447877
eCommerce-Arvon/web-component-ecom-pwa/test4mike,20180503073613,1,,failure,7822945
eCommerce-Arvon/web-component-ecom-search/PM-9370-sale-price-special-case,20191008082926,1,,success,63921
eCommerce-Arvon/web-component-ecom-search/release,20191008103755,14,,success,59710
eCommerce-Arvon/web-component-ecom-search/release-1.0.x,20190812062041,1,,success,1079978
eCommerce-Arvon/web-component-ecom-search/release-1.8.3.1,20190812062041,1,,success,992107
eCommerce-Arvon/web-component-ecom-search/release-2.0,20190812062041,1,,success,1081286
eCommerce-Arvon/web-component-ecom-search/release-2.0.4,20190812062041,1,,success,992227
eCommerce-Arvon/web-component-ecom-search/release-2.2.x,20190812062041,1,,success,997992
eCommerce-Arvon/web-component-ecom-search/release-3.2.x,20190812062041,1,,success,1011246
eCommerce-Arvon/web-component-ecom-search/release-3.5.x,20190812062041,1,,success,1010785
eCommerce-Arvon/web-component-ecom-search/release-4.5.x,20190812062041,1,,success,991861
eCommerce-Arvon/cart-checkout/develop,20200520150009,6,,success,427907
eCommerce-Arvon/cart-checkout/release,20200312090225,1,,aborted,11080
eCommerce-Arvon/datafeeds-app/develop,20200424121600,4,,unstable,281081
eCommerce-Arvon/dp-baselogic/abtest-url-params,20200504083627,1,,success,2053595
eCommerce-Arvon/dp-baselogic/arv-2202-fix-msrp-display-logic,20191108093324,3,,success,2042466
eCommerce-Arvon/dp-baselogic/develop,20200504103933,34,,success,2025820
eCommerce-Arvon/dp-baselogic/feature-ARV1906-test-lane,20191125065621,4,,unstable,2342492
eCommerce-Arvon/dp-baselogic/feature-ARV2039-ab-url-params,20191125091206,11,,success,2829399
eCommerce-Arvon/dp-baselogic/feature-ARV2102,20191125073404,6,,success,2350404
eCommerce-Arvon/dp-baselogic/fix-time-zone-unit-tests,20200211143015,1,,success,2800204
eCommerce-Arvon/dp-baselogic/release-2.5.49.x,20200503115838,1,,aborted,22847
eCommerce-Arvon/dp-baselogic/targeting-unit-test,20190807165013,1,,unstable,3325165
eCommerce-Arvon/dp-components/arvon-wrk-190128,20190414171548,2,,success,368480
eCommerce-Arvon/dp-components/develop,20190821101958,6,,success,170549
eCommerce-Arvon/dp-components/release,20190414171524,2,,success,272249
eCommerce-Arvon/dp-foundation/develop,20190823065130,9,,success,287993
eCommerce-Arvon/dp-sites/arv-2202-fix-msrp-display-logic,20191209193627,6,,success,2098831
eCommerce-Arvon/dp-sites/develop,20200504111838,51,,success,2890751
eCommerce-Arvon/dp-sites/feature-add-appsetting-defaults-for-ccpa-button-and-links,20200216192638,19,,success,2847417
eCommerce-Arvon/dp-sites/feature-mdm-retail-price,20200421060628,8,,success,2778482
eCommerce-Arvon/dp-sites/release-2.4.42.x,20200504092427,1,,aborted,7658
eCommerce-Arvon/ecom-svc-cart/develop,20200317080808,1,,success,95621
eCommerce-Arvon/ecom-svc-cart/feature-mdm-retail-price,20200331082325,2,,success,89470
eCommerce-Arvon/ecom-svc-cart/feature-use-retail-price,20230831070206,1,,success,233639
eCommerce-Arvon/ecom-svc-catalog/develop,20200317080827,1,,success,155444
eCommerce-Arvon/ecom-svc-catalog/feature-mdm-retail-price,20230831070053,1,,success,366957
eCommerce-Arvon/ecom-svc-checkout/develop,20200317080848,1,,success,297273
eCommerce-Arvon/ecom-svc-experimentation/feature-url-params,20200506114537,2,,success,510371
eCommerce-Arvon/ecom-svc-experimentation/release,20200506112201,1,,aborted,6473
eCommerce-Arvon/ecom-svc-support/develop,20200317085554,1,,success,75483
eCommerce-Arvon/ecom-svc-support/feature-mdm-retail-price,20200403073211,3,,success,82232
eCommerce-Arvon/experimentation-service/develop,20201027072244,354,,success,1524958
eCommerce-Arvon/experimentation-service/merge1,20230128063434,1,,failure,123130
eCommerce-Arvon/favorites-service/develop,20200302231422,8,,success,291796
eCommerce-Arvon/js-ecom-tools/release,20181016110010,2,,success,34084
eCommerce-Arvon/loyalty/develop,20200214094524,1,,success,257982
eCommerce-Arvon/loyalty/feature-loyalty-delete,20200218114113,3,,success,183813
eCommerce-Arvon/loyalty/release,20200129074740,2,,aborted,4296
eCommerce-Arvon/loyalty/release-1.3.43.x,20200109131919,1,,aborted,9479
eCommerce-Arvon/loyalty/testing-loyalty-delete,20200210074327,4,,failure,22593
eCommerce-Arvon/oauth-client/release,20190114161513,1,,success,66792
eCommerce-Arvon/oauth-server/develop,20200306075812,29,,success,114584
eCommerce-Arvon/privacy-ecom-processor/develop,20200429135209,72,,success,370268
eCommerce-Arvon/profile/develop,20200130045721,4,,success,90642
eCommerce-Arvon/profile/release,20200106081005,3,,aborted,2574
eCommerce-Arvon/profile/snapshotTest,20200325064546,1,,success,79140
eCommerce-Arvon/registry/release,20200213081354,2,,aborted,5850
eCommerce-Arvon/registry/release-1.2.22-hotfix,20200115133704,1,,aborted,12536
eCommerce-Arvon/registry/release-1.2.47-hotfix,20200115133704,1,,aborted,12528
eCommerce-Arvon/saved-credit-card/feature-case-insensitive-delete,20200226083942,2,,success,64894
eCommerce-Arvon/saved-credit-card/fix-bump-child-pom-versions,20200226084510,1,,success,91355
eCommerce-Arvon/saved-credit-card/release,20200226084341,2,,aborted,5875
eCommerce-Arvon/stressed-out/associate-tests,20190513075511,1,,success,9425
eCommerce-Arvon/stressed-out/develop,20190513075512,2,,success,7977
eCommerce-Arvon/stressed-out/release,20190503123518,1,,failure,814733
eCommerce-Arvon/user-service/develop,20200305085134,8,,unstable,95177
eCommerce-Arvon/user-service/feature-add-delete-user,20200206100539,6,,success,103137
eCommerce-Arvon/user-service/feature-add-get-user-details,20200106094752,2,,success,74045
eCommerce-Arvon/user-service/fix-remove-dead-table,20200225095527,1,,success,966079
eCommerce-Arvon/user-service/fix-sonar-leaks,20200310131728,2,,success,253835
eCommerce-Arvon/web-component-ecom-experimentation/develop,20190813150322,9,,success,48928
eCommerce-Arvon/web-component-ecom-experimentation/feature-migrate-to-jest,20191022094834,1,,failure,19463
eCommerce-Arvon/web-component-ecom-experimentation/release,20190510103616,10,,success,41941
eCommerce-Arvon/web-component-ecom-product/develop,20190805062803,1,,success,354553
eCommerce-Arvon/web-component-ecom-pwa/ARV-749,20180516044901,4,,failure,7827726
eCommerce-Arvon/web-component-ecom-pwa/ARV-803,20180502120046,3,,failure,8708398
eCommerce-Arvon/web-component-ecom-pwa/develop,20180824090931,33,,success,49923
eCommerce-Arvon/web-component-ecom-pwa/hotfix-3.2,20180528051828,5,,failure,2447877
eCommerce-Arvon/web-component-ecom-pwa/test4mike,20180503073613,1,,failure,7822945
eCommerce-Arvon/web-component-ecom-search/PM-9370-sale-price-special-case,20191008082926,1,,success,63921
eCommerce-Arvon/web-component-ecom-search/release,20191008103755,14,,success,59710
eCommerce-Arvon/web-component-ecom-search/release-1.0.x,20190812062041,1,,success,1079978
eCommerce-Arvon/web-component-ecom-search/release-1.8.3.1,20190812062041,1,,success,992107
eCommerce-Arvon/web-component-ecom-search/release-2.0,20190812062041,1,,success,1081286
eCommerce-Arvon/web-component-ecom-search/release-2.0.4,20190812062041,1,,success,992227
eCommerce-Arvon/web-component-ecom-search/release-2.2.x,20190812062041,1,,success,997992
eCommerce-Arvon/web-component-ecom-search/release-3.2.x,20190812062041,1,,success,1011246
eCommerce-Arvon/web-component-ecom-search/release-3.5.x,20190812062041,1,,success,1010785
eCommerce-Arvon/web-component-ecom-search/release-4.5.x,20190812062041,1,,success,991861
eCommerce-Arvon/web-component-ecom-search/RM-18301-fix-mdm-regular-pricetype-range,20191001095447,1,,failure,317107
eCommerce-Arvon/cart-checkout/develop,20200520150009,6,,success,427907
eCommerce-Arvon/cart-checkout/release,20200312090225,1,,aborted,11080
eCommerce-Arvon/datafeeds-app/develop,20200424121600,4,,unstable,281081
eCommerce-Arvon/dp-baselogic/abtest-url-params,20200504083627,1,,success,2053595
eCommerce-Arvon/dp-baselogic/arv-2202-fix-msrp-display-logic,20191108093324,3,,success,2042466
eCommerce-Arvon/dp-baselogic/develop,20200504103933,34,,success,2025820
eCommerce-Arvon/dp-baselogic/feature-ARV1906-test-lane,20191125065621,4,,unstable,2342492
eCommerce-Arvon/dp-baselogic/feature-ARV2039-ab-url-params,20191125091206,11,,success,2829399
eCommerce-Arvon/dp-baselogic/feature-ARV2102,20191125073404,6,,success,2350404
eCommerce-Arvon/dp-baselogic/fix-time-zone-unit-tests,20200211143015,1,,success,2800204
eCommerce-Arvon/dp-baselogic/release-2.5.49.x,20200503115838,1,,aborted,22847
eCommerce-Arvon/dp-baselogic/targeting-unit-test,20190807165013,1,,unstable,3325165
eCommerce-Arvon/dp-components/arvon-wrk-190128,20190414171548,2,,success,368480
eCommerce-Arvon/dp-components/develop,20190821101958,6,,success,170549
eCommerce-Arvon/dp-components/release,20190414171524,2,,success,272249
eCommerce-Arvon/dp-foundation/develop,20190823065130,9,,success,287993
eCommerce-Arvon/dp-sites/arv-2202-fix-msrp-display-logic,20191209193627,6,,success,2098831
eCommerce-Arvon/dp-sites/develop,20200504111838,51,,success,2890751
eCommerce-Arvon/dp-sites/feature-add-appsetting-defaults-for-ccpa-button-and-links,20200216192638,19,,success,2847417
eCommerce-Arvon/dp-sites/feature-mdm-retail-price,20200421060628,8,,success,2778482
eCommerce-Arvon/dp-sites/release-2.4.42.x,20200504092427,1,,aborted,7658
eCommerce-Arvon/ecom-svc-cart/develop,20200317080808,1,,success,95621
eCommerce-Arvon/ecom-svc-cart/feature-mdm-retail-price,20200331082325,2,,success,89470
eCommerce-Arvon/ecom-svc-cart/feature-use-retail-price,20230831070206,1,,success,233639
eCommerce-Arvon/ecom-svc-catalog/develop,20200317080827,1,,success,155444
eCommerce-Arvon/ecom-svc-catalog/feature-mdm-retail-price,20230831070053,1,,success,366957
eCommerce-Arvon/ecom-svc-checkout/develop,20200317080848,1,,success,297273
eCommerce-Arvon/ecom-svc-experimentation/feature-url-params,20200506114537,2,,success,510371
eCommerce-Arvon/ecom-svc-experimentation/release,20200506112201,1,,aborted,6473
eCommerce-Arvon/ecom-svc-support/develop,20200317085554,1,,success,75483
eCommerce-Arvon/ecom-svc-support/feature-mdm-retail-price,20200403073211,3,,success,82232
eCommerce-Arvon/experimentation-service/develop,20201027072244,354,,success,1524958
eCommerce-Arvon/experimentation-service/merge1,20230128063434,1,,failure,123130
eCommerce-Arvon/favorites-service/develop,20200302231422,8,,success,291796
eCommerce-Arvon/js-ecom-tools/release,20181016110010,2,,success,34084
eCommerce-Arvon/loyalty/develop,20200214094524,1,,success,257982
eCommerce-Arvon/loyalty/feature-loyalty-delete,20200218114113,3,,success,183813
eCommerce-Arvon/loyalty/release,20200129074740,2,,aborted,4296
eCommerce-Arvon/loyalty/release-1.3.43.x,20200109131919,1,,aborted,9479
eCommerce-Arvon/loyalty/testing-loyalty-delete,20200210074327,4,,failure,22593
eCommerce-Arvon/oauth-client/release,20190114161513,1,,success,66792
eCommerce-Arvon/oauth-server/develop,20200306075812,29,,success,114584
eCommerce-Arvon/privacy-ecom-processor/develop,20200429135209,72,,success,370268
eCommerce-Arvon/profile/develop,20200130045721,4,,success,90642
eCommerce-Arvon/profile/release,20200106081005,3,,aborted,2574
eCommerce-Arvon/profile/snapshotTest,20200325064546,1,,success,79140
eCommerce-Arvon/registry/release,20200213081354,2,,aborted,5850
eCommerce-Arvon/registry/release-1.2.22-hotfix,20200115133704,1,,aborted,12536
eCommerce-Arvon/registry/release-1.2.47-hotfix,20200115133704,1,,aborted,12528
eCommerce-Arvon/saved-credit-card/feature-case-insensitive-delete,20200226083942,2,,success,64894
eCommerce-Arvon/saved-credit-card/fix-bump-child-pom-versions,20200226084510,1,,success,91355
eCommerce-Arvon/saved-credit-card/release,20200226084341,2,,aborted,5875
eCommerce-Arvon/stressed-out/associate-tests,20190513075511,1,,success,9425
eCommerce-Arvon/stressed-out/develop,20190513075512,2,,success,7977
eCommerce-Arvon/stressed-out/release,20190503123518,1,,failure,814733
eCommerce-Arvon/user-service/develop,20200305085134,8,,unstable,95177
eCommerce-Arvon/user-service/feature-add-delete-user,20200206100539,6,,success,103137
eCommerce-Arvon/user-service/feature-add-get-user-details,20200106094752,2,,success,74045
eCommerce-Arvon/user-service/fix-remove-dead-table,20200225095527,1,,success,966079
eCommerce-Arvon/user-service/fix-sonar-leaks,20200310131728,2,,success,253835
eCommerce-Arvon/web-component-ecom-experimentation/develop,20190813150322,9,,success,48928
eCommerce-Arvon/web-component-ecom-experimentation/feature-migrate-to-jest,20191022094834,1,,failure,19463
eCommerce-Arvon/web-component-ecom-experimentation/release,20190510103616,10,,success,41941
eCommerce-Arvon/web-component-ecom-product/develop,20190805062803,1,,success,354553
eCommerce-Arvon/web-component-ecom-pwa/ARV-749,20180516044901,4,,failure,7827726
eCommerce-Arvon/web-component-ecom-pwa/ARV-803,20180502120046,3,,failure,8708398
eCommerce-Arvon/web-component-ecom-pwa/develop,20180824090931,33,,success,49923
eCommerce-Arvon/web-component-ecom-pwa/hotfix-3.2,20180528051828,5,,failure,2447877
eCommerce-Arvon/web-component-ecom-pwa/test4mike,20180503073613,1,,failure,7822945
eCommerce-Arvon/web-component-ecom-search/PM-9370-sale-price-special-case,20191008082926,1,,success,63921
eCommerce-Arvon/web-component-ecom-search/release,20191008103755,14,,success,59710
eCommerce-Arvon/web-component-ecom-search/release-1.0.x,20190812062041,1,,success,1079978
eCommerce-Arvon/web-component-ecom-search/release-1.8.3.1,20190812062041,1,,success,992107
eCommerce-Arvon/web-component-ecom-search/release-2.0,20190812062041,1,,success,1081286
eCommerce-Arvon/web-component-ecom-search/release-2.0.4,20190812062041,1,,success,992227
eCommerce-Arvon/web-component-ecom-search/release-2.2.x,20190812062041,1,,success,997992
eCommerce-Arvon/web-component-ecom-search/release-3.2.x,20190812062041,1,,success,1011246
eCommerce-Arvon/web-component-ecom-search/release-3.5.x,20190812062041,1,,success,1010785
eCommerce-Arvon/web-component-ecom-search/release-4.5.x,20190812062041,1,,success,991861
eCommerce-Arvon/web-component-ecom-search/RM-18301-fix-mdm-regular-pricetype-range,20191001095447,1,,failure,317107
eCommerce-Arvon/cart-checkout/develop,20200520150009,6,,success,427907
eCommerce-Arvon/cart-checkout/release,20200312090225,1,,aborted,11080
eCommerce-Arvon/datafeeds-app/develop,20200424121600,4,,unstable,281081
eCommerce-Arvon/dp-baselogic/abtest-url-params,20200504083627,1,,success,2053595
eCommerce-Arvon/dp-baselogic/arv-2202-fix-msrp-display-logic,20191108093324,3,,success,2042466
eCommerce-Arvon/dp-baselogic/develop,20200504103933,34,,success,2025820
eCommerce-Arvon/dp-baselogic/feature-ARV1906-test-lane,20191125065621,4,,unstable,2342492
eCommerce-Arvon/dp-baselogic/feature-ARV2039-ab-url-params,20191125091206,11,,success,2829399
eCommerce-Arvon/dp-baselogic/feature-ARV2102,20191125073404,6,,success,2350404
eCommerce-Arvon/dp-baselogic/fix-time-zone-unit-tests,20200211143015,1,,success,2800204
eCommerce-Arvon/dp-baselogic/release-2.5.49.x,20200503115838,1,,aborted,22847
eCommerce-Arvon/dp-baselogic/targeting-unit-test,20190807165013,1,,unstable,3325165
eCommerce-Arvon/dp-components/arvon-wrk-190128,20190414171548,2,,success,368480
eCommerce-Arvon/dp-components/develop,20190821101958,6,,success,170549
eCommerce-Arvon/dp-components/release,20190414171524,2,,success,272249
eCommerce-Arvon/dp-foundation/develop,20190823065130,9,,success,287993
eCommerce-Arvon/dp-sites/arv-2202-fix-msrp-display-logic,20191209193627,6,,success,2098831
eCommerce-Arvon/dp-sites/develop,20200504111838,51,,success,2890751
eCommerce-Arvon/dp-sites/feature-add-appsetting-defaults-for-ccpa-button-and-links,20200216192638,19,,success,2847417
eCommerce-Arvon/dp-sites/feature-mdm-retail-price,20200421060628,8,,success,2778482
eCommerce-Arvon/dp-sites/release-2.4.42.x,20200504092427,1,,aborted,7658
eCommerce-Arvon/ecom-svc-cart/develop,20200317080808,1,,success,95621
eCommerce-Arvon/ecom-svc-cart/feature-mdm-retail-price,20200331082325,2,,success,89470
eCommerce-Arvon/ecom-svc-cart/feature-use-retail-price,20230831070206,1,,success,233639
eCommerce-Arvon/ecom-svc-catalog/develop,20200317080827,1,,success,155444
eCommerce-Arvon/ecom-svc-catalog/feature-mdm-retail-price,20230831070053,1,,success,366957
eCommerce-Arvon/ecom-svc-checkout/develop,20200317080848,1,,success,297273
eCommerce-Arvon/ecom-svc-experimentation/feature-url-params,20200506114537,2,,success,510371
eCommerce-Arvon/ecom-svc-experimentation/release,20200506112201,1,,aborted,6473
eCommerce-Arvon/ecom-svc-support/develop,20200317085554,1,,success,75483
eCommerce-Arvon/ecom-svc-support/feature-mdm-retail-price,20200403073211,3,,success,82232
eCommerce-Arvon/experimentation-service/develop,20201027072244,354,,success,1524958
eCommerce-Arvon/experimentation-service/merge1,20230128063434,1,,failure,123130
eCommerce-Arvon/favorites-service/develop,20200302231422,8,,success,291796
eCommerce-Arvon/js-ecom-tools/release,20181016110010,2,,success,34084
eCommerce-Arvon/loyalty/develop,20200214094524,1,,success,257982
eCommerce-Arvon/loyalty/feature-loyalty-delete,20200218114113,3,,success,183813
eCommerce-Arvon/loyalty/release,20200129074740,2,,aborted,4296
eCommerce-Arvon/loyalty/release-1.3.43.x,20200109131919,1,,aborted,9479
eCommerce-Arvon/loyalty/testing-loyalty-delete,20200210074327,4,,failure,22593
eCommerce-Arvon/oauth-client/release,20190114161513,1,,success,66792
eCommerce-Arvon/oauth-server/develop,20200306075812,29,,success,114584
eCommerce-Arvon/privacy-ecom-processor/develop,20200429135209,72,,success,370268
eCommerce-Arvon/profile/develop,20200130045721,4,,success,90642
eCommerce-Arvon/profile/release,20200106081005,3,,aborted,2574
eCommerce-Arvon/profile/snapshotTest,20200325064546,1,,success,79140
eCommerce-Arvon/registry/release,20200213081354,2,,aborted,5850
eCommerce-Arvon/registry/release-1.2.22-hotfix,20200115133704,1,,aborted,12536
eCommerce-Arvon/registry/release-1.2.47-hotfix,20200115133704,1,,aborted,12528
eCommerce-Arvon/saved-credit-card/feature-case-insensitive-delete,20200226083942,2,,success,64894
eCommerce-Arvon/saved-credit-card/fix-bump-child-pom-versions,20200226084510,1,,success,91355
eCommerce-Arvon/saved-credit-card/release,20200226084341,2,,aborted,5875
eCommerce-Arvon/stressed-out/associate-tests,20190513075511,1,,success,9425
eCommerce-Arvon/stressed-out/develop,20190513075512,2,,success,7977
eCommerce-Arvon/stressed-out/release,20190503123518,1,,failure,814733
eCommerce-Arvon/user-service/develop,20200305085134,8,,unstable,95177
eCommerce-Arvon/user-service/feature-add-delete-user,20200206100539,6,,success,103137
eCommerce-Arvon/user-service/feature-add-get-user-details,20200106094752,2,,success,74045
eCommerce-Arvon/user-service/fix-remove-dead-table,20200225095527,1,,success,966079
eCommerce-Arvon/user-service/fix-sonar-leaks,20200310131728,2,,success,253835
eCommerce-Arvon/web-component-ecom-experimentation/develop,20190813150322,9,,success,48928
eCommerce-Arvon/web-component-ecom-experimentation/feature-migrate-to-jest,20191022094834,1,,failure,19463
eCommerce-Arvon/web-component-ecom-experimentation/release,20190510103616,10,,success,41941
eCommerce-Arvon/web-component-ecom-product/develop,20190805062803,1,,success,354553
eCommerce-Arvon/web-component-ecom-pwa/ARV-749,20180516044901,4,,failure,7827726
eCommerce-Arvon/web-component-ecom-pwa/ARV-803,20180502120046,3,,failure,8708398
eCommerce-Arvon/web-component-ecom-pwa/develop,20180824090931,33,,success,49923
eCommerce-Arvon/web-component-ecom-pwa/hotfix-3.2,20180528051828,5,,failure,2447877
eCommerce-Arvon/web-component-ecom-pwa/test4mike,20180503073613,1,,failure,7822945
eCommerce-Arvon/web-component-ecom-search/PM-9370-sale-price-special-case,20191008082926,1,,success,63921
eCommerce-Arvon/web-component-ecom-search/release,20191008103755,14,,success,59710
eCommerce-Arvon/web-component-ecom-search/release-1.0.x,20190812062041,1,,success,1079978
eCommerce-Arvon/web-component-ecom-search/release-1.8.3.1,20190812062041,1,,success,992107
eCommerce-Arvon/web-component-ecom-search/release-2.0,20190812062041,1,,success,1081286
eCommerce-Arvon/web-component-ecom-search/release-2.0.4,20190812062041,1,,success,992227
eCommerce-Arvon/web-component-ecom-search/release-2.2.x,20190812062041,1,,success,997992
eCommerce-Arvon/web-component-ecom-search/release-3.2.x,20190812062041,1,,success,1011246
eCommerce-Arvon/web-component-ecom-search/release-3.5.x,20190812062041,1,,success,1010785
eCommerce-Arvon/web-component-ecom-search/release-4.5.x,20190812062041,1,,success,991861
eCommerce-Arvon/web-component-ecom-search/RM-18301-fix-mdm-regular-pricetype-range,20191001095447,1,,failure,317107
eCommerce-Arvon/cart-checkout/develop,20200520150009,6,,success,427907
eCommerce-Arvon/cart-checkout/release,20200312090225,1,,aborted,11080
eCommerce-Arvon/datafeeds-app/develop,20200424121600,4,,unstable,281081
eCommerce-Arvon/dp-baselogic/abtest-url-params,20200504083627,1,,success,2053595
eCommerce-Arvon/dp-baselogic/arv-2202-fix-msrp-display-logic,20191108093324,3,,success,2042466
eCommerce-Arvon/dp-baselogic/develop,20200504103933,34,,success,2025820
eCommerce-Arvon/dp-baselogic/feature-ARV1906-test-lane,20191125065621,4,,unstable,2342492
eCommerce-Arvon/dp-baselogic/feature-ARV2039-ab-url-params,20191125091206,11,,success,2829399
eCommerce-Arvon/dp-baselogic/feature-ARV2102,20191125073404,6,,success,2350404
eCommerce-Arvon/dp-baselogic/fix-time-zone-unit-tests,20200211143015,1,,success,2800204
eCommerce-Arvon/dp-baselogic/release-2.5.49.x,20200503115838,1,,aborted,22847
eCommerce-Arvon/dp-baselogic/targeting-unit-test,20190807165013,1,,unstable,3325165
eCommerce-Arvon/dp-components/arvon-wrk-190128,20190414171548,2,,success,368480
eCommerce-Arvon/dp-components/develop,20190821101958,6,,success,170549
eCommerce-Arvon/dp-components/release,20190414171524,2,,success,272249
eCommerce-Arvon/dp-foundation/develop,20190823065130,9,,success,287993
eCommerce-Arvon/dp-sites/arv-2202-fix-msrp-display-logic,20191209193627,6,,success,2098831
eCommerce-Arvon/dp-sites/develop,20200504111838,51,,success,2890751
eCommerce-Arvon/dp-sites/feature-add-appsetting-defaults-for-ccpa-button-and-links,20200216192638,19,,success,2847417
eCommerce-Arvon/dp-sites/feature-mdm-retail-price,20200421060628,8,,success,2778482
eCommerce-Arvon/dp-sites/release-2.4.42.x,20200504092427,1,,aborted,7658
eCommerce-Arvon/ecom-svc-cart/develop,20200317080808,1,,success,95621
eCommerce-Arvon/ecom-svc-cart/feature-mdm-retail-price,20200331082325,2,,success,89470
eCommerce-Arvon/ecom-svc-cart/feature-use-retail-price,20230831070206,1,,success,233639
eCommerce-Arvon/ecom-svc-catalog/develop,20200317080827,1,,success,155444
eCommerce-Arvon/ecom-svc-catalog/feature-mdm-retail-price,20230831070053,1,,success,366957
eCommerce-Arvon/ecom-svc-checkout/develop,20200317080848,1,,success,297273
eCommerce-Arvon/ecom-svc-experimentation/feature-url-params,20200506114537,2,,success,510371
eCommerce-Arvon/ecom-svc-experimentation/release,20200506112201,1,,aborted,6473
eCommerce-Arvon/ecom-svc-support/develop,20200317085554,1,,success,75483
eCommerce-Arvon/ecom-svc-support/feature-mdm-retail-price,20200403073211,3,,success,82232
eCommerce-Arvon/experimentation-service/develop,20201027072244,354,,success,1524958
eCommerce-Arvon/experimentation-service/merge1,20230128063434,1,,failure,123130
eCommerce-Arvon/favorites-service/develop,20200302231422,8,,success,291796
eCommerce-Arvon/js-ecom-tools/release,20181016110010,2,,success,34084
eCommerce-Arvon/loyalty/develop,20200214094524,1,,success,257982
eCommerce-Arvon/loyalty/feature-loyalty-delete,20200218114113,3,,success,183813
eCommerce-Arvon/loyalty/release,20200129074740,2,,aborted,4296
eCommerce-Arvon/loyalty/release-1.3.43.x,20200109131919,1,,aborted,9479
eCommerce-Arvon/loyalty/testing-loyalty-delete,20200210074327,4,,failure,22593
eCommerce-Arvon/oauth-client/release,20190114161513,1,,success,66792
eCommerce-Arvon/oauth-server/develop,20200306075812,29,,success,114584
eCommerce-Arvon/privacy-ecom-processor/develop,20200429135209,72,,success,370268
eCommerce-Arvon/profile/develop,20200130045721,4,,success,90642
eCommerce-Arvon/profile/release,20200106081005,3,,aborted,2574
eCommerce-Arvon/profile/snapshotTest,20200325064546,1,,success,79140
eCommerce-Arvon/registry/release,20200213081354,2,,aborted,5850
eCommerce-Arvon/registry/release-1.2.22-hotfix,20200115133704,1,,aborted,12536
eCommerce-Arvon/registry/release-1.2.47-hotfix,20200115133704,1,,aborted,12528
eCommerce-Arvon/saved-credit-card/feature-case-insensitive-delete,20200226083942,2,,success,64894
eCommerce-Arvon/saved-credit-card/fix-bump-child-pom-versions,20200226084510,1,,success,91355
eCommerce-Arvon/saved-credit-card/release,20200226084341,2,,aborted,5875
eCommerce-Arvon/stressed-out/associate-tests,20190513075511,1,,success,9425
eCommerce-Arvon/stressed-out/develop,20190513075512,2,,success,7977
eCommerce-Arvon/stressed-out/release,20190503123518,1,,failure,814733
eCommerce-Arvon/user-service/develop,20200305085134,8,,unstable,95177
eCommerce-Arvon/user-service/feature-add-delete-user,20200206100539,6,,success,103137
eCommerce-Arvon/user-service/feature-add-get-user-details,20200106094752,2,,success,74045
eCommerce-Arvon/user-service/fix-remove-dead-table,20200225095527,1,,success,966079
eCommerce-Arvon/user-service/fix-sonar-leaks,20200310131728,2,,success,253835
eCommerce-Arvon/web-component-ecom-experimentation/develop,20190813150322,9,,success,48928
eCommerce-Arvon/web-component-ecom-experimentation/feature-migrate-to-jest,20191022094834,1,,failure,19463
eCommerce-Arvon/web-component-ecom-experimentation/release,20190510103616,10,,success,41941
eCommerce-Arvon/web-component-ecom-product/develop,20190805062803,1,,success,354553
eCommerce-Arvon/web-component-ecom-pwa/ARV-749,20180516044901,4,,failure,7827726
eCommerce-Arvon/web-component-ecom-pwa/ARV-803,20180502120046,3,,failure,8708398
eCommerce-Arvon/web-component-ecom-pwa/develop,20180824090931,33,,success,49923
eCommerce-Arvon/web-component-ecom-pwa/hotfix-3.2,20180528051828,5,,failure,2447877
eCommerce-Arvon/web-component-ecom-pwa/test4mike,20180503073613,1,,failure,7822945
eCommerce-Arvon/web-component-ecom-search/PM-9370-sale-price-special-case,20191008082926,1,,success,63921
eCommerce-Arvon/web-component-ecom-search/release,20191008103755,14,,success,59710
eCommerce-Arvon/web-component-ecom-search/release-1.0.x,20190812062041,1,,success,1079978
eCommerce-Arvon/web-component-ecom-search/release-1.8.3.1,20190812062041,1,,success,992107
eCommerce-Arvon/web-component-ecom-search/release-2.0,20190812062041,1,,success,1081286
eCommerce-Arvon/web-component-ecom-search/release-2.0.4,20190812062041,1,,success,992227
eCommerce-Arvon/web-component-ecom-search/release-2.2.x,20190812062041,1,,success,997992
eCommerce-Arvon/web-component-ecom-search/release-3.2.x,20190812062041,1,,success,1011246
eCommerce-Arvon/web-component-ecom-search/release-3.5.x,20190812062041,1,,success,1010785
eCommerce-Arvon/web-component-ecom-search/release-4.5.x,20190812062041,1,,success,991861
eCommerce-Arvon/web-component-ecom-search/RM-18301-fix-mdm-regular-pricetype-range,20191001095447,1,,failure,317107
