eCommerce-Tirsuli/cq-solr-search/PM-15227-new,20230910221225,1,,success,192981
eCommerce-Tirsuli/cq-solr-search/PM-15227-new,20230910221444,2,,success,169686
eCommerce-Tirsuli/cq-solr-search/release,20230910220932,6,,aborted,5587
eCommerce-Tirsuli/dp-tools/dynamic-shoppath,20230920100929,1,,failure,78633
eCommerce-Tirsuli/dp-tools/dynamic-shoppath,20230920101047,2,,success,215023
eCommerce-Tirsuli/dp-tools/release,20230910215622,11,,aborted,4422
eCommerce-Tirsuli/dp-tools/release,20230920100849,12,,aborted,4749
eCommerce-Tirsuli/dp-tools/TIRS-2768-dynamic-shop-path-canregextract,20230911062341,1,,success,200476
eCommerce-Tirsuli/dp-tools/TIRS-2768-dynamic-shop-path-canregextract,20230911062405,2,,success,226557
eCommerce-Tirsuli/dp-tools/TIRS-2768-new,20230915073734,1,,success,249731
eCommerce-Tirsuli/dp-tools/TIRS-2768-new,20230915073826,2,,success,193062
eCommerce-Tirsuli/dp-tools/TIRS-2768-new,20230919223601,3,,success,278849
eCommerce-Tirsuli/dp-tools/TIRS-2768-synamic-shop-path-canregextract,20230910215742,1,,success,158908
eCommerce-Tirsuli/dp-tools/TIRS-2768-synamic-shop-path-canregextract,20230910220343,2,,success,240090
eCommerce-Tirsuli/jsimageresolve/For-Local,20230910214344,7,,success,181475
eCommerce-Tirsuli/jsimageresolve/TIRS-2768,20230910214526,1,,success,157969
eCommerce-Tirsuli/jsimageresolve/TIRS-2768-dynamic-shop-path,20230910214725,1,,success,101757
eCommerce-Tirsuli/jsimageresolve/TIRS-2768-dynamic-shop-path,20230910215007,2,,success,119044
eCommerce-Tirsuli/jsimageresolve/TIRS-2768-dynamic-shop-path,20230910215421,3,,success,201381
eCommerce-Tirsuli/jsimageresolve/TIRS-2768-new,20230915073507,1,,success,425383
eCommerce-Tirsuli/jsimageresolve/TIRS-2768-new,20230915073550,2,,success,142094
