eCommerce-Boyne/ecom-app-content/review-free-shipping-recs,20230915080155,1,,success,383540
eCommerce-Boyne/ecom-app-content/review-free-shipping-recs,20230915105629,2,,success,411563
eCommerce-Boyne/ecom-app-content/review-free-shipping-recs,20230915110243,3,,success,377737
eCommerce-Boyne/ecom-app-customer/review-free-shipping-recs,20230915071239,1,,failure,29471
eCommerce-Boyne/ecom-app-customer/review-free-shipping-recs,20230915073433,2,,success,580330
eCommerce-Boyne/ecom-app-global/deploy,20230913133714,108,,success,929483
eCommerce-Boyne/ecom-app-global/deploy,20230919080856,109,,success,838278
eCommerce-Boyne/ecom-app-global/free-shipping-2317,20230915065048,1,,success,928376
eCommerce-Boyne/ecom-app-global/pm-17728-jumbled-images,20230920081857,1,,success,1848021
eCommerce-Boyne/ecom-app-global/review-pm-17728-jumbled-images,20230920075422,1,,success,1205469
eCommerce-Boyne/ecom-app-global/review-pm-17728-jumbled-images,20230920084038,2,,success,1478783
eCommerce-Boyne/ecom-app-global/review-pm-17728-jumbled-images,20230925063651,3,,failure,558080
eCommerce-Boyne/ecom-app-global/review-pm-17728-jumbled-images,20230925072302,4,,failure,210875
eCommerce-Boyne/ecom-app-global/review-pm-17728-jumbled-images,20230925072613,5,,failure,598566
eCommerce-Boyne/ecom-app-global/review-pm-17728-jumbled-images,20230925072818,6,,failure,233464
eCommerce-Boyne/ecom-app-global/review-pm-17728-jumbled-images,20230927062035,7,,success,986666
eCommerce-Boyne/ecom-app-global/rm-37714,20230913142018,1,,success,988326
eCommerce-Boyne/ecom-app-phygital/review-free-shipping-recs,20230915070139,1,,success,755726
eCommerce-Boyne/ecom-app-product/cleanup-xrvi-code-smell-16.26.x,20230908095247,1,,failure,640242
eCommerce-Boyne/ecom-app-product/cleanup-xrvi-code-smell,20230908095055,1,,failure,1189092
eCommerce-Boyne/ecom-app-product/deploy,20230908150916,362,,unstable,1276512
eCommerce-Boyne/ecom-app-product/deploy,20230912125955,388,,failure,658364
eCommerce-Boyne/ecom-app-product/deploy,20230912131728,389,,unstable,1681905
eCommerce-Boyne/ecom-app-product/deploy,20230912142038,390,,failure,694103
eCommerce-Boyne/ecom-app-product/deploy,20230912144646,391,,failure,622560
eCommerce-Boyne/ecom-app-product/deploy,20230912145756,392,,failure,723715
eCommerce-Boyne/ecom-app-product/deploy,20230912153217,393,,unstable,1516593
eCommerce-Boyne/ecom-app-product/deploy,20230913063245,394,,unstable,1292623
eCommerce-Boyne/ecom-app-product/deploy,20230913081110,395,,unstable,1736582
eCommerce-Boyne/ecom-app-product/deploy,20230913102105,396,,unstable,1717073
eCommerce-Boyne/ecom-app-product/deploy,20230913114052,397,,unstable,1747787
eCommerce-Boyne/ecom-app-product/free-shipping-2317,20230915070651,1,,success,1300304
eCommerce-Boyne/ecom-app-product/pm-17592-release-16.18.x,20230908063135,2,,success,1562089
eCommerce-Boyne/ecom-app-product/pm-17592-release-16.18.x,20230908064130,3,,success,1530927
eCommerce-Boyne/ecom-app-product/pm-18020,20230913071013,1,,success,1400944
eCommerce-Boyne/ecom-app-product/pm-18020,20230913071356,2,,success,1299195
eCommerce-Boyne/ecom-app-product/pm-18020,20230913074233,3,,success,1525951
eCommerce-Boyne/ecom-app-product/pm-18020-deploy,20230912060729,1,,failure,1054933
eCommerce-Boyne/ecom-app-product/pm-18020-deploy,20230912105548,2,,success,1510598
eCommerce-Boyne/ecom-app-product/redo-2315-pm-17952,20230911083354,1,,success,1397640
eCommerce-Boyne/ecom-app-product/revert-branch,20230908142857,1,,success,1395817
eCommerce-Boyne/ecom-app-product/review-pm-18020-16.26.x,20230911062655,1,,success,1266259
eCommerce-Boyne/ecom-app-product/review-pm-18020-16.26.x,20230913101314,2,,failure,1079007
eCommerce-Boyne/ecom-app-product/review-revert-branch,20230908142955,1,,success,1261088
eCommerce-Boyne/ecom-app-product/review-rm-37600-16.26.x,20230908190512,1,,success,1221083
eCommerce-Boyne/ecom-app-product/review-rm-37600-16.28.x,20230908190512,1,,success,1396940
eCommerce-Boyne/ecom-app-product/rm-37600,20230912004407,4,,success,1874550
eCommerce-Boyne/ecom-app-product/rm-37600,20230912062907,5,,failure,779440
eCommerce-Boyne/ecom-app-product/rm-37600,20230912065210,6,,success,1519060
eCommerce-Boyne/ecom-app-product/rm-37600,20230912091512,7,,success,1568296
eCommerce-Boyne/ecom-app-product/rm-37884,20230922135819,1,,success,1927736
eCommerce-Boyne/ecom-app-product/rm-37884,20230925092420,2,,success,1286275
eCommerce-Boyne/ecom-app-product/rm-37884,20230925122528,3,,success,1263164
eCommerce-Boyne/ecom-app-product/rm-37884-release-16.35.x,20230922140420,1,,success,1977327
eCommerce-Boyne/ecom-app-product/rm-37884-release-16.35.x,20230925092438,2,,success,1950242
eCommerce-Boyne/ecom-app-product/rm-37884-release-16.35.x,20230925122715,3,,success,1652749
eCommerce-Boyne/ecom-app-product/testbranch,20230912131434,1,,failure,672640
eCommerce-Boyne/ecom-app-product/testbranch,20230912133203,2,,success,1675985
eCommerce-Boyne/ecom-app-registry/free-shipping,20230918063516,1,,success,574163
eCommerce-Boyne/ecom-app-registry/free-shipping,20230918123755,2,,success,490777
eCommerce-Boyne/ecom-app-registry/free-shipping-2317,20230918062505,1,,success,870245
eCommerce-Boyne/ecom-app-registry/free-shipping-2317,20230918123832,2,,success,1027424
eCommerce-Boyne/ecom-app-shop/deploy,20230928133751,296,,success,1439571
eCommerce-Boyne/ecom-app-shop/fix-recs-version,20230922121131,1,,failure,375430
eCommerce-Boyne/ecom-app-shop/fix-recs-version,20230922121253,2,,failure,1091505
eCommerce-Boyne/ecom-app-shop/fix-recs-version,20230922122248,3,,failure,117136
eCommerce-Boyne/ecom-app-shop/fix-recs-version,20230922122323,4,,failure,930215
eCommerce-Boyne/ecom-app-shop/review-free-shipping-recs,20230915072518,1,,success,1689615
eCommerce-Boyne/ecom-app-shop/review-free-shipping-recs,20230915095226,2,,success,1511622
eCommerce-Boyne/ecom-app-shop/review-split-pip-set,20230926130757,1,,aborted,89452
eCommerce-Boyne/ecom-app-shop/split-pip-set,20230926130741,1,,success,1153996
eCommerce-Boyne/ecom-app-shop/split-pip-set,20230928083237,2,,failure,753253
eCommerce-Boyne/ecom-app-shop/split-pip-set,20230928124234,3,,success,1371812
eCommerce-Boyne/ecom-app-shop/split-pip-set,20230928125008,4,,success,1267943
eCommerce-Boyne/js-ecom-common/JMckenney-patch-1,20230915030002,1,,failure,29374
eCommerce-Boyne/vue-component-ecom-content/review-free-shipping-recs,20230915074749,1,,success,489967
eCommerce-Boyne/vue-component-ecom-content/review-free-shipping-recs,20230915105312,2,,success,430387
eCommerce-Boyne/vue-component-ecom-favorites/install-lock,20230914112714,1,,failure,141851
eCommerce-Boyne/vue-component-ecom-favorites/install-lock,20230914112837,2,,failure,153867
eCommerce-Boyne/vue-component-ecom-product-recommendations/clean-unnecessary-prop,20230920083045,1,,failure,657845
eCommerce-Boyne/vue-component-ecom-product-recommendations/deploy,20230908154406,27,,failure,197061
eCommerce-Boyne/vue-component-ecom-product-recommendations/deploy,20230911131614,28,,failure,203785
eCommerce-Boyne/vue-component-ecom-product-recommendations/deploy,20230911224214,29,,success,291950
eCommerce-Boyne/vue-component-ecom-product-recommendations/freeship-suppress-rvi,20230913074954,1,,success,546971
eCommerce-Boyne/vue-component-ecom-product-recommendations/freeship-suppress-rvi,20230913100805,2,,success,388535
eCommerce-Boyne/vue-component-ecom-product-recommendations/freeship-suppress-rvi,20230913112558,3,,success,378914
eCommerce-Boyne/vue-component-ecom-product-recommendations/release,20230911131004,35,,aborted,6660
eCommerce-Boyne/vue-component-ecom-product-recommendations/release,20230911131413,36,,aborted,4067
eCommerce-Boyne/vue-component-ecom-product-recommendations/release,20230911131456,37,,aborted,4756
eCommerce-Boyne/vue-component-ecom-product-recommendations/review-rm-37600,20230912005224,1,,success,348519
eCommerce-Boyne/vue-component-ecom-product-recommendations/review-rm-37600,20230913084351,2,,success,437632
eCommerce-Boyne/vue-component-ecom-product-recommendations/review-rm-37600,20230913102911,3,,success,306046
eCommerce-Boyne/vue-component-ecom-product-recommendations/review-rm-37600,20230913102941,4,,success,281167
eCommerce-Boyne/vue-component-ecom-product-recommendations/review-rm-37600,20230913112434,5,,success,362956
eCommerce-Boyne/vue-component-ecom-product-recommendations/review-rm-37714,20230913123033,1,,success,410422
eCommerce-Boyne/vue-component-ecom-product-recommendations/review-rm-37714,20230913132055,2,,success,390329
eCommerce-Boyne/vue-component-ecom-product-recommendations/review-rm-37884,20230922115029,1,,success,495637
eCommerce-Boyne/vue-component-ecom-product-recommendations/review-rm-37884,20230922124328,2,,failure,43224
eCommerce-Boyne/vue-component-ecom-product-recommendations/review-rm-37884-release-4.2.x,20230922115655,1,,failure,114686
eCommerce-Boyne/vue-component-ecom-product-recommendations/review-rm-37884-release-4.2.x,20230922124345,2,,failure,30030
eCommerce-Boyne/vue-component-ecom-product-recommendations/review-tig-6600,20230908060548,2,,failure,335074
eCommerce-Boyne/vue-component-ecom-product-recommendations/review-tig-6600-release-4.1.x,20230908085411,1,,success,622645
eCommerce-Boyne/vue-component-ecom-product-recommendations/review-tig-6600-release-4.2.x,20230914083756,1,,failure,274682
eCommerce-Boyne/vue-component-ecom-product-recommendations/review-tig-6600-release-4.2.x,20230914114027,2,,success,799305
eCommerce-Boyne/vue-component-ecom-product-recommendations/rm-37600,20230908134926,1,,failure,93625
eCommerce-Boyne/vue-component-ecom-product-recommendations/rm-37600,20230908135612,2,,failure,145236
eCommerce-Boyne/vue-component-ecom-product-recommendations/rm-37600,20230908141249,3,,success,302109
eCommerce-Boyne/vue-component-ecom-product-recommendations/rm-37600,20230912005128,4,,success,306318
eCommerce-Boyne/vue-component-ecom-product-recommendations/rm-37600,20230913070528,5,,success,322612
eCommerce-Boyne/vue-component-ecom-product-recommendations/rm-37600,20230913071211,6,,success,293097
eCommerce-Boyne/vue-component-ecom-product-recommendations/rm-37600,20230913071848,7,,success,325813
eCommerce-Boyne/vue-component-ecom-product-recommendations/rm-37714,20230913131045,1,,success,423532
eCommerce-Boyne/vue-component-ecom-product-recommendations/rm-37884,20230922114549,1,,failure,312215
eCommerce-Boyne/vue-component-ecom-product-recommendations/rm-37884,20230922122017,2,,success,1665383
eCommerce-Boyne/vue-component-ecom-product-recommendations/rm-37884-smlt-style,20230922114858,1,,failure,148092
eCommerce-Boyne/vue-component-ecom-product-recommendations/rm-37884-smlt-style,20230922115227,2,,failure,50764
eCommerce-Boyne/vue-component-ecom-product-recommendations/rm-37884-smlt-style,20230922121450,3,,failure,303053
eCommerce-Boyne/vue-component-ecom-product-recommendations/rm-37884-smlt-style,20230922122043,4,,success,760086
eCommerce-Boyne/vue-component-ecom-product-recommendations/tig-6600-release-4.1.x,20230908085222,1,,failure,169973
eCommerce-Boyne/vue-component-ecom-product-recommendations/tig-6600-release-4.1.x,20230908091849,2,,failure,172215
eCommerce-Boyne/vue-component-ecom-product-recommendations/tig-6600-release-4.1.x,20230908095324,3,,failure,158767
eCommerce-Boyne/vue-component-ecom-product-recommendations/tig-6600-release-4.1.x,20230908102224,4,,success,526945
eCommerce-Boyne/vue-component-ecom-product-recommendations/tig-6600-release-4.1.x,20230914083944,5,,success,515731
eCommerce-Boyne/web-component-ecom-checkout/review-rm-37601,20230921074954,1,,success,257281
eCommerce-Boyne/web-component-ecom-checkout/review-rm-37601,20230921124559,2,,failure,192129
eCommerce-Boyne/web-component-ecom-checkout/review-rm-37601,20230921132413,3,,success,313774
eCommerce-Boyne/web-component-ecom-checkout/rm-37601,20230921074842,1,,failure,75342
eCommerce-Boyne/web-component-ecom-checkout/rm-37601,20230921075513,2,,failure,165066
eCommerce-Boyne/web-component-ecom-checkout/rm-37601,20230921084300,3,,failure,56948
eCommerce-Boyne/web-component-ecom-checkout/rm-37601,20230921084629,4,,failure,129138
eCommerce-Boyne/web-component-ecom-checkout/rm-37601,20230921090014,5,,success,283368
eCommerce-Boyne/web-component-ecom-checkout/rm-37601,20230921092522,6,,success,490649
eCommerce-Boyne/web-component-ecom-checkout/rm-37601,20230921092950,7,,success,723239
eCommerce-Boyne/web-component-ecom-checkout/rm-37601,20230921112154,8,,failure,71498
eCommerce-Boyne/web-component-ecom-checkout/rm-37601,20230921112832,9,,success,265494
