eCommerce-Ramen/ecom-app-content/env-qa50,20230914015641,1,,success,512338
eCommerce-Ramen/ecom-app-content/env-qa50,20230914060021,2,,success,690177
eCommerce-Ramen/ecom-app-content/env-qa50,20230915081319,3,,success,518754
eCommerce-Ramen/ecom-app-content/env-qa50,20230915085420,4,,success,382840
eCommerce-Ramen/ecom-app-content/mficocelli-patch-1,20230914015535,1,,success,1212799
eCommerce-Ramen/ecom-app-content/mficocelli-patch-2,20230914015536,1,,success,974423
eCommerce-Ramen/ecom-app-content/release-1.10.x,20230914015536,1,,aborted,22809
eCommerce-Ramen/ecom-app-content/release-1.3.x,20230914015537,1,,aborted,11964
eCommerce-Ramen/ecom-app-content/release-1.9.x,20230914015537,1,,aborted,11160
eCommerce-Ramen/ecom-app-content/release,20230914015535,1,,aborted,12043
eCommerce-Ramen/ecom-app-content/release-2.5.x,20230914015538,1,,aborted,14951
eCommerce-Ramen/ecom-app-customer/develop,20230920005923,1,,failure,109393
eCommerce-Ramen/ecom-app-customer/develop,20230920041319,2,,success,2200442
eCommerce-Ramen/ecom-app-customer/develop,20230925105345,3,,success,525139
eCommerce-Ramen/ecom-app-customer/develop,20231002233731,4,,unstable,480536
eCommerce-Ramen/ecom-app-global/develop,20230920005805,1,,success,1671580
eCommerce-Ramen/ecom-app-global/develop,20230920041843,2,,success,2004235
eCommerce-Ramen/ecom-app-global/develop,20230925003546,3,,success,795646
eCommerce-Ramen/ecom-app-global/env-qa50,20230917220238,60,,success,959087
eCommerce-Ramen/ecom-app-order-servicing/develop,20230920005732,1,,success,1000492
eCommerce-Ramen/ecom-app-order-servicing/develop,20230920235244,2,,success,2678716
eCommerce-Ramen/ecom-app-order-servicing/develop,20230925035227,3,,success,1146652
eCommerce-Ramen/ecom-app-order-servicing/develop,20230928033406,4,,success,3960156
eCommerce-Ramen/ecom-app-order-servicing/develop,20230929002241,5,,success,450078
eCommerce-Ramen/ecom-app-order-servicing/develop,20231004070314,6,,success,506797
eCommerce-Ramen/ecom-app-order-servicing/develop,20231004234959,7,,success,578224
eCommerce-Ramen/ecom-app-order-servicing/release,20230920005653,1,,aborted,9717
eCommerce-Ramen/ecom-app-order-servicing/release-3.2.x,20230920005653,1,,aborted,13261
eCommerce-Ramen/ecom-app-order-servicing/release-3.33.x,20230920005653,1,,aborted,10809
eCommerce-Ramen/ecom-app-order-servicing/release-3.45.x,20230920005653,1,,aborted,8719
eCommerce-Ramen/ecom-app-order-servicing/release-4.0.x,20230920005654,1,,aborted,9352
eCommerce-Ramen/ecom-app-order-servicing/release-5.7.x,20230920005654,1,,aborted,9260
eCommerce-Ramen/ecom-app-phygital/develop,20230920010042,1,,success,1418398
eCommerce-Ramen/ecom-app-phygital/develop,20230920042205,2,,success,1890221
eCommerce-Ramen/ecom-app-phygital/develop,20230921022448,3,,success,1571663
eCommerce-Ramen/ecom-app-phygital/develop,20230927035534,4,,success,2360178
eCommerce-Ramen/ecom-app-phygital/develop,20230928023328,5,,success,1261113
eCommerce-Ramen/ecom-app-phygital/develop,20230928224342,6,,success,1371758
eCommerce-Ramen/ecom-app-phygital/develop,20231004050531,7,,success,1278558
eCommerce-Ramen/ecom-app-phygital/release,20230914225405,2,,aborted,6752
eCommerce-Ramen/ecom-app-product/develop,20230920005900,1,,success,2164703
eCommerce-Ramen/ecom-app-product/develop,20230920042007,2,,failure,139385
eCommerce-Ramen/ecom-app-product/develop,20230920042719,3,,failure,579626
eCommerce-Ramen/ecom-app-product/develop,20230920043800,4,,success,2081015
eCommerce-Ramen/ecom-app-product/develop,20230920235205,5,,failure,1059991
eCommerce-Ramen/ecom-app-product/develop,20230921001753,6,,unstable,3144516
eCommerce-Ramen/ecom-app-product/develop,20230922040756,7,,unstable,1626576
eCommerce-Ramen/ecom-app-product/develop,20230925003014,8,,failure,135771
eCommerce-Ramen/ecom-app-product/develop,20230925003442,9,,failure,422444
eCommerce-Ramen/ecom-app-product/develop,20230925014410,10,,success,1731562
eCommerce-Ramen/ecom-app-product/develop,20230925234819,11,,success,1646192
eCommerce-Ramen/ecom-app-product/develop,20230926002230,12,,success,1413677
eCommerce-Ramen/ecom-app-product/develop,20230926023443,13,,success,1473169
eCommerce-Ramen/ecom-app-product/develop,20230929090228,14,,failure,796968
eCommerce-Ramen/ecom-app-product/develop,20230929091720,15,,success,1937919
eCommerce-Ramen/ecom-app-product/develop,20231004021128,16,,success,1637538
eCommerce-Ramen/ecom-app-product/develop,20231004025133,17,,success,1892573
eCommerce-Ramen/ecom-app-product/env-qa50,20230913001608,134,,unstable,1250702
eCommerce-Ramen/ecom-app-product/env-qa50,20230917221353,135,,success,1213483
eCommerce-Ramen/ecom-app-product/PM-17976,20230913001709,1,,success,1280076
eCommerce-Ramen/ecom-app-product/PM-17976,20230913004450,2,,success,1721164
eCommerce-Ramen/ecom-app-product/PM-17976-2316,20230913083215,1,,success,1539271
eCommerce-Ramen/ecom-app-product/PM-17976-2316,20230913094411,2,,success,1378981
eCommerce-Ramen/ecom-app-product/PM-17976-2316,20230913101927,3,,success,1757762
eCommerce-Ramen/ecom-app-product/PM-17976-2316,20230913111857,4,,success,1419978
eCommerce-Ramen/ecom-app-product/release_backup_20thSept23,20230919230802,1,,success,1914103
eCommerce-Ramen/ecom-app-shop/develop,20230920005823,1,,failure,95483
eCommerce-Ramen/ecom-app-shop/develop,20230920041930,2,,success,1878787
eCommerce-Ramen/ecom-app-shop/develop,20230921030520,3,,success,3008966
eCommerce-Ramen/ecom-app-shop/develop,20230925003125,4,,failure,95811
eCommerce-Ramen/ecom-app-shop/develop,20230925014706,5,,success,1820668
eCommerce-Ramen/ecom-app-shop/develop,20230925234932,6,,success,1457151
eCommerce-Ramen/ecom-app-shop/env-qa50,20230913055040,73,,success,1677882
eCommerce-Ramen/ecom-app-shop/env-qa50,20230917220520,74,,success,1569751
eCommerce-Ramen/vue-component-ecom-account/develop,20230929000042,1,,success,510363
eCommerce-Ramen/vue-component-ecom-account/develop,20230929015359,2,,unstable,509054
eCommerce-Ramen/vue-component-ecom-account/develop,20231005032333,3,,failure,221369
eCommerce-Ramen/vue-component-ecom-account/develop,20231005032427,4,,failure,363113
eCommerce-Ramen/vue-component-ecom-account/develop,20231005033225,5,,success,766561
eCommerce-Ramen/vue-component-ecom-account/develop,20231005060751,6,,success,442233
eCommerce-Ramen/vue-component-ecom-account/release,20230929000037,2,,aborted,4247
eCommerce-Ramen/vue-component-ecom-content/env-qa50,20230914023444,1,,success,562053
eCommerce-Ramen/vue-component-ecom-content/env-qa50,20230914053933,2,,success,463446
eCommerce-Ramen/vue-component-ecom-content/env-qa50,20230915005502,3,,success,666592
eCommerce-Ramen/vue-component-ecom-content/mficocelli-patch-1,20230914023447,1,,success,502529
eCommerce-Ramen/vue-component-ecom-content/mshah1-patch-1,20230914023448,1,,failure,238648
eCommerce-Ramen/vue-component-ecom-content/release-1.3.x,20230914023448,1,,aborted,84403
eCommerce-Ramen/vue-component-ecom-content/release,20230914023441,1,,aborted,91132
eCommerce-Ramen/vue-component-ecom-content/release-2.0.x,20230914023451,1,,aborted,79096
eCommerce-Ramen/vue-component-ecom-content/release-5.1.x,20230914023452,1,,aborted,59288
eCommerce-Ramen/vue-component-ecom-content/release-5.x,20230914023454,1,,aborted,121909
eCommerce-Ramen/vue-component-ecom-content/release-6.2.x,20230914023455,1,,aborted,120157
eCommerce-Ramen/vue-component-ecom-navigation/develop,20230927002223,1,,success,405416
eCommerce-Ramen/vue-component-ecom-navigation/develop,20230927042239,2,,success,521485
eCommerce-Ramen/vue-component-ecom-navigation/develop,20230928025608,3,,success,830990
eCommerce-Ramen/vue-component-ecom-navigation/release,20230927002006,1,,aborted,7797
eCommerce-Ramen/vue-component-ecom-product-recommendations/RM-37546,20230912070553,1,,success,302648
eCommerce-Ramen/vue-component-ecom-product-recommendations/RM-37546,20230912070652,2,,failure,6726
eCommerce-Ramen/vue-component-ecom-product-recommendations/RM-37546,20230912070725,3,,success,389464
eCommerce-Ramen/vue-component-ecom-product-recommendations/RM-37546,20230912071432,4,,success,286834
