eCommerce-Dunagiri/ws-registry-app-automation-tests/TAH-5266,20230908160002,436,,success,8167
eCommerce-Dunagiri/ws-registry-app-automation-tests/TAH-5266,20230909160003,437,,success,10015
eCommerce-Dunagiri/ws-registry-app-automation-tests/TAH-5266,20230910160002,438,,success,11161
eCommerce-Dunagiri/ws-registry-app-automation-tests/TAH-5266,20230911160001,439,,success,11259
eCommerce-Dunagiri/ws-registry-app-automation-tests/TAH-5266,20230912160001,440,,success,9881
eCommerce-Dunagiri/ws-registry-app-automation-tests/TAH-5266,20230913160001,441,,success,14090
eCommerce-Dunagiri/ws-registry-app-automation-tests/TAH-5266,20230914160004,442,,success,18981
eCommerce-Dunagiri/ws-registry-app-automation-tests/TAH-5266,20230915160001,443,,success,7882
eCommerce-Dunagiri/ws-registry-app-automation-tests/TAH-5266,20230916160002,444,,success,7377
eCommerce-Dunagiri/ws-registry-app-automation-tests/TAH-5266,20230917160002,445,,success,17824
eCommerce-Dunagiri/ws-registry-app-automation-tests/TAH-5266,20230918160003,446,,success,11214
eCommerce-Dunagiri/ws-registry-app-automation-tests/TAH-5266,20230919160001,447,,success,535720
eCommerce-Dunagiri/ws-registry-app-automation-tests/TAH-5266,20230920160002,448,,success,6936
eCommerce-Dunagiri/ws-registry-app-automation-tests/TAH-5266,20230921160006,449,,success,12131
eCommerce-Dunagiri/ws-registry-app-automation-tests/TAH-5266,20230922160002,450,,success,1472072
eCommerce-Dunagiri/ws-registry-app-automation-tests/TAH-5266,20230923160001,451,,success,2428872
eCommerce-Dunagiri/ws-registry-app-automation-tests/TAH-5266,20230924160002,452,,success,1449440
eCommerce-Dunagiri/ws-registry-app-automation-tests/TAH-5266,20230925160004,453,,success,200228
eCommerce-Dunagiri/ws-registry-app-automation-tests/TAH-5266,20230926160001,454,,success,12033
eCommerce-Dunagiri/ws-registry-app-automation-tests/TAH-5266,20230927160003,455,,success,13757
eCommerce-Dunagiri/ws-registry-app-automation-tests/TAH-5266,20230928160002,456,,success,13129
eCommerce-Dunagiri/ws-registry-app-automation-tests/TAH-5266,20230929160002,457,,success,14447
eCommerce-Dunagiri/ws-registry-app-automation-tests/TAH-5266,20230930160001,458,,success,11948
eCommerce-Dunagiri/ws-registry-app-automation-tests/TAH-5266,20231001160002,459,,success,14741
eCommerce-Dunagiri/ws-registry-app-automation-tests/TAH-5266,20231002160002,460,,success,15255
eCommerce-Dunagiri/ws-registry-app-automation-tests/TAH-5266,20231003160003,461,,success,12864
eCommerce-Dunagiri/ws-registry-app-automation-tests/TAH-5266,20231004160002,462,,success,9932
eCommerce-Dunagiri/ws-registry-app-automation-tests/TAH-5266,20231005160007,463,,success,13964
eCommerce-Dunagiri/ws-registry-app-automation-tests/TAH-5266,20231006160007,464,,success,11185
eCommerce-Dunagiri/ws-registry-app-automation-tests/TAH-5266,20231007160001,465,,success,13877
eCommerce-Dunagiri/ws-registry-app-automation-tests/TAH-5266,20231008160001,466,,success,11850
