eCommerce-Halfdome/dp-baselogic/hlfd-1716,20230908112253,1,,success,2738871
eCommerce-Halfdome/dp-baselogic/hlfd-1716,20230908132559,2,,success,2595304
eCommerce-Halfdome/dp-sites/hlfd-1716,20230908143014,1,,success,4357875
eCommerce-Halfdome/dp-sites/hlfd-1716,20230908160536,2,,success,3741475
eCommerce-Halfdome/dp-sites/hlfd-1716,20230908173654,3,,success,3759706
eCommerce-Halfdome/ecom-svc-catalog-webapp/hlfd-1716,20230907231315,4,,success,856281
eCommerce-Halfdome/loyalty/HLFD-1678,20230912142040,1,,success,369841
eCommerce-Halfdome/loyalty/HLFD-1678,20230912152147,2,,unstable,324385
eCommerce-Halfdome/loyalty/HLFD-1678,20230913122943,4,,failure,211954
eCommerce-Halfdome/loyalty/HLFD-1678,20230913132819,5,,failure,329888
eCommerce-Halfdome/loyalty/HLFD-1678,20230913155348,6,,failure,220383
eCommerce-Halfdome/loyalty/HLFD-1678,20230914163410,7,,unstable,328698
eCommerce-Halfdome/loyalty/HLFD-1678,20230914170822,8,,unstable,465943
eCommerce-Halfdome/loyalty/HLFD-1678,20230914172808,9,,unstable,429044
eCommerce-Halfdome/loyalty/HLFD-1678,20230915102420,10,,unstable,478501
eCommerce-Halfdome/loyalty/HLFD-1678,20230915145705,11,,unstable,398146
eCommerce-Halfdome/loyalty/HLFD-1678,20230915152850,12,,unstable,429467
eCommerce-Halfdome/loyalty/HLFD-1678,20230915154608,13,,unstable,377148
eCommerce-Halfdome/loyalty/HLFD-1678,20230919093053,14,,unstable,384763
eCommerce-Halfdome/loyalty/HLFD-1678,20230919093321,15,,failure,117575
eCommerce-Halfdome/loyalty/HLFD-1678,20230919133058,16,,failure,319415
eCommerce-Halfdome/loyalty/HLFD-1678,20230919133901,17,,unstable,473948
eCommerce-Halfdome/loyalty/HLFD-1678,20230919142149,18,,success,616401
eCommerce-Halfdome/loyalty/HLFD-1678,20230919152033,19,,success,534697
eCommerce-Halfdome/loyalty/HLFD-1678,20230920122024,20,,success,674992
eCommerce-Halfdome/loyalty/HLFD-1678,20230922154213,21,,failure,1989496
eCommerce-Halfdome/loyalty/HLFD-1678,20230922154246,22,,failure,2195453
eCommerce-Halfdome/loyalty/HLFD-1678,20230922191147,23,,success,503865
eCommerce-Halfdome/loyalty/HLFD-1678,20230925153700,24,,failure,140424
eCommerce-Halfdome/loyalty/HLFD-1678,20230925153909,25,,success,661583
eCommerce-Halfdome/loyalty/HLFD-1678-2,20230925154131,1,,success,678114
eCommerce-Halfdome/loyalty/HLFD-1678-2,20230925154206,2,,success,684911
eCommerce-Halfdome/loyalty/HLFD-1678-2,20230925154256,3,,success,705931
eCommerce-Halfdome/loyalty/HLFD-1678-2,20230925155331,4,,success,539667
eCommerce-Halfdome/loyalty/HLFD-1678-2,20231002171856,5,,success,337667
eCommerce-Halfdome/loyalty/HLFD-1678-2,20231004152039,6,,failure,144545
eCommerce-Halfdome/loyalty/HLFD-1678-2,20231004152507,7,,success,346143
eCommerce-Halfdome/loyalty/HLFD-1678-2,20231005110240,8,,unstable,444803
eCommerce-Halfdome/loyalty/HLFD-1679-decrypt-certificate-request,20230908173405,8,,failure,156202
eCommerce-Halfdome/loyalty/HLFD-1679-decrypt-certificate-request,20230908174432,9,,failure,167351
eCommerce-Halfdome/loyalty/HLFD-1679-decrypt-certificate-request,20230908181706,10,,failure,190640
eCommerce-Halfdome/loyalty/HLFD-1679-decrypt-certificate-request,20230908225146,11,,failure,190547
eCommerce-Halfdome/loyalty/HLFD-1679-decrypt-certificate-request,20230910160621,12,,failure,199061
eCommerce-Halfdome/loyalty/HLFD-1679-decrypt-certificate-request,20230910174638,13,,failure,176647
eCommerce-Halfdome/loyalty/HLFD-1679-decrypt-certificate-request,20230910214344,14,,failure,199457
eCommerce-Halfdome/loyalty/HLFD-1679-decrypt-certificate-request,20230910222044,15,,failure,181526
eCommerce-Halfdome/loyalty/HLFD-1679-decrypt-certificate-request,20230910232934,16,,failure,210861
eCommerce-Halfdome/loyalty/HLFD-1679-decrypt-certificate-request,20230911000516,17,,failure,220920
eCommerce-Halfdome/loyalty/HLFD-1679-decrypt-certificate-request,20230911100022,18,,failure,266300
eCommerce-Halfdome/loyalty/HLFD-1679-decrypt-certificate-request,20230911101546,19,,failure,201647
eCommerce-Halfdome/loyalty/HLFD-1679-decrypt-certificate-request,20230911110716,20,,failure,235723
eCommerce-Halfdome/loyalty/HLFD-1679-decrypt-certificate-request,20230911112046,21,,failure,131165
eCommerce-Halfdome/loyalty/HLFD-1679-decrypt-certificate-request,20230912020837,22,,unstable,455218
eCommerce-Halfdome/loyalty/HLFD-1679-decrypt-certificate-request,20230912125054,23,,unstable,345476
eCommerce-Halfdome/loyalty/HLFD-1679-decrypt-certificate-request,20230912141021,24,,unstable,381199
eCommerce-Halfdome/loyalty/HLFD-1679-decrypt-certificate-request,20230912163214,25,,failure,210608
eCommerce-Halfdome/loyalty/HLFD-1679-decrypt-certificate-request,20230912191637,26,,unstable,402673
eCommerce-Halfdome/loyalty/HLFD-1679-decrypt-certificate-request,20230913000915,27,,unstable,425149
eCommerce-Halfdome/loyalty/HLFD-1679-decrypt-certificate-request,20230913005925,28,,unstable,770380
eCommerce-Halfdome/loyalty/HLFD-1679-decrypt-certificate-request,20230914152715,29,,unstable,518171
eCommerce-Halfdome/loyalty/HLFD-1679-decrypt-certificate-request,20230914152751,30,,unstable,508686
eCommerce-Halfdome/loyalty/HLFD-1679-decrypt-certificate-request,20230914163009,31,,unstable,437525
eCommerce-Halfdome/loyalty/HLFD-1679-decrypt-certificate-request,20230918092745,32,,failure,444129
eCommerce-Halfdome/loyalty/HLFD-1679-decrypt-certificate-request,20230918094728,33,,unstable,437020
eCommerce-Halfdome/loyalty/HLFD-1679-decrypt-certificate-request,20230919002638,34,,unstable,464398
eCommerce-Halfdome/loyalty/HLFD-1679-decrypt-certificate-request,20230920120246,35,,failure,315979
eCommerce-Halfdome/loyalty/HLFD-1679-decrypt-certificate-request,20230920121526,36,,failure,566469
eCommerce-Halfdome/loyalty/HLFD-1679-decrypt-certificate-request,20230920134922,37,,success,474413
eCommerce-Halfdome/loyalty/HLFD-1679-decrypt-certificate-request,20230921174710,38,,success,398578
eCommerce-Halfdome/loyalty/HLFD-1679-encrypt-decrypt,20230918094340,1,,aborted,333506
eCommerce-Halfdome/loyalty/HLFD-1679-encrypt-decrypt,20230918094911,2,,success,367810
eCommerce-Halfdome/loyalty/HLFD-1679-encrypt-decrypt,20230919002508,3,,unstable,390208
eCommerce-Halfdome/loyalty/HLFD-1679-encrypt-decrypt,20230921092603,4,,unstable,503945
eCommerce-Halfdome/loyalty/HLFD-1679-encrypt-decrypt-2,20230921092629,1,,success,1044145
eCommerce-Halfdome/loyalty/HLFD-1759,20230922153511,1,,failure,2347982
eCommerce-Halfdome/loyalty/HLFD-1759,20230928102621,2,,failure,198430
eCommerce-Halfdome/loyalty/HLFD-1759,20230928172228,3,,failure,121073
eCommerce-Halfdome/loyalty/HLFD-1759,20231005154755,4,,failure,217529
eCommerce-Halfdome/loyalty/HLFD-1759,20231005155320,5,,failure,174631
eCommerce-Halfdome/loyalty/release,20230920135044,2,,aborted,6056
eCommerce-Halfdome/loyalty/release,20230922153543,3,,aborted,2146573
eCommerce-Halfdome/profile/release,20230926155935,3,,aborted,5264
