eCommerce-Rimo/dp-baselogic/b2b2-23_18_coverage,20230929120706,1,,failure,2060409
eCommerce-Rimo/dp-baselogic/b2b2-23_18_coverage,20230929121149,2,,success,3269511
eCommerce-Rimo/dp-baselogic/b2b2-23_18_coverage,20231003111151,3,,success,2465658
eCommerce-Rimo/dp-baselogic/b2b2-changes_coverage,20230929062453,1,,success,2826762
eCommerce-Rimo/dp-baselogic/b2b2-changes_coverage,20230929122115,2,,failure,2109418
eCommerce-Rimo/dp-baselogic/develop,20230910003040,497,,success,2648796
eCommerce-Rimo/dp-baselogic/develop,20230910003201,498,,success,2973390
eCommerce-Rimo/dp-baselogic/develop,20230911001353,499,,failure,2198093
eCommerce-Rimo/dp-baselogic/develop,20230911005430,500,,success,3079050
eCommerce-Rimo/dp-baselogic/develop,20230911022106,501,,unstable,4460928
eCommerce-Rimo/dp-baselogic/develop,20230911032331,502,,unstable,3879411
eCommerce-Rimo/dp-baselogic/develop,20230911035648,503,,success,3779398
eCommerce-Rimo/dp-baselogic/develop,20230911035723,504,,failure,2291265
eCommerce-Rimo/dp-baselogic/develop,20230911042919,505,,success,3728626
eCommerce-Rimo/dp-baselogic/develop,20230911225656,506,,success,3292674
eCommerce-Rimo/dp-baselogic/develop,20230913003317,507,,success,3112545
eCommerce-Rimo/dp-baselogic/develop,20230913055617,508,,success,3401434
eCommerce-Rimo/dp-baselogic/develop,20230913221744,509,,success,2934973
eCommerce-Rimo/dp-baselogic/develop,20230914054231,510,,unstable,4200154
eCommerce-Rimo/dp-baselogic/develop,20230914070418,511,,success,4290302
eCommerce-Rimo/dp-baselogic/develop,20230915050430,512,,success,3376899
eCommerce-Rimo/dp-baselogic/develop,20230919215655,521,,success,3420360
eCommerce-Rimo/dp-baselogic/develop,20230919235649,522,,failure,1205204
eCommerce-Rimo/dp-baselogic/develop,20230920004124,523,,failure,1729607
eCommerce-Rimo/dp-baselogic/develop,20230920020738,524,,failure,2615320
eCommerce-Rimo/dp-baselogic/develop,20230920024215,525,,failure,4432492
eCommerce-Rimo/dp-baselogic/develop,20230920024317,526,,failure,4379230
eCommerce-Rimo/dp-baselogic/develop,20230920024736,527,,failure,6478393
eCommerce-Rimo/dp-baselogic/develop,20230920024819,528,,failure,6527341
eCommerce-Rimo/dp-baselogic/develop,20230920030910,529,,failure,22235
eCommerce-Rimo/dp-baselogic/develop,20230920030941,530,,failure,10098
eCommerce-Rimo/dp-baselogic/develop,20230920043927,531,,unstable,3192145
eCommerce-Rimo/dp-baselogic/develop,20230922015826,544,,failure,6430
eCommerce-Rimo/dp-baselogic/develop,20230922015837,545,,failure,7846
eCommerce-Rimo/dp-baselogic/develop,20230922020008,546,,failure,23871
eCommerce-Rimo/dp-baselogic/develop,20230922020508,547,,failure,188543
eCommerce-Rimo/dp-baselogic/develop,20230922023011,548,,failure,2230183
eCommerce-Rimo/dp-baselogic/develop,20230922023032,549,,failure,4957
eCommerce-Rimo/dp-baselogic/develop,20230922023133,550,,unstable,7355506
eCommerce-Rimo/dp-baselogic/develop,20230922032705,551,,unstable,3048192
eCommerce-Rimo/dp-baselogic/develop,20230922111146,552,,unstable,5867100
eCommerce-Rimo/dp-baselogic/develop,20230922144315,553,,unstable,4012022
eCommerce-Rimo/dp-baselogic/develop,20230924215839,554,,failure,2456002
eCommerce-Rimo/dp-baselogic/develop,20230925003327,555,,unstable,3983475
eCommerce-Rimo/dp-baselogic/develop,20230925035134,556,,unstable,3158995
eCommerce-Rimo/dp-baselogic/develop,20230925073757,557,,unstable,3000876
eCommerce-Rimo/dp-baselogic/develop,20230925075731,558,,failure,434492
eCommerce-Rimo/dp-baselogic/develop,20230925083028,559,,unstable,4328600
eCommerce-Rimo/dp-baselogic/develop,20230925151802,560,,unstable,2638482
eCommerce-Rimo/dp-baselogic/develop,20230927130450,562,,unstable,3151469
eCommerce-Rimo/dp-baselogic/develop,20230927232038,563,,failure,341258
eCommerce-Rimo/dp-baselogic/develop,20230928022712,564,,failure,3023272
eCommerce-Rimo/dp-baselogic/develop,20230928224442,567,,unstable,3503576
eCommerce-Rimo/dp-baselogic/develop,20230929052021,568,,success,2871445
eCommerce-Rimo/dp-baselogic/develop,20230929061631,569,,success,2942899
eCommerce-Rimo/dp-baselogic/develop,20230929121726,570,,failure,509468
eCommerce-Rimo/dp-baselogic/develop,20230929121839,571,,success,4748909
eCommerce-Rimo/dp-baselogic/develop,20231002135646,572,,success,2844040
eCommerce-Rimo/dp-baselogic/develop,20231003111835,573,,success,3052510
eCommerce-Rimo/dp-baselogic/develop,20231003125856,574,,success,3429320
eCommerce-Rimo/dp-baselogic/develop,20231004073253,575,,success,3165939
eCommerce-Rimo/dp-baselogic/develop,20231004223443,576,,success,2747609
eCommerce-Rimo/dp-baselogic/develop,20231006002636,577,,failure,374966
eCommerce-Rimo/dp-baselogic/develop,20231006012007,578,,success,3196944
eCommerce-Rimo/dp-baselogic/develop,20231006012034,579,,success,3246150
eCommerce-Rimo/dp-baselogic/develop,20231006012121,580,,success,3230156
eCommerce-Rimo/dp-baselogic/develop,20231006043207,581,,failure,2067884
eCommerce-Rimo/dp-baselogic/develop,20231006044151,582,,failure,2539845
eCommerce-Rimo/dp-baselogic/develop,20231006044413,583,,success,3603601
eCommerce-Rimo/dp-baselogic/develop,20231006054403,584,,success,2742089
eCommerce-Rimo/dp-baselogic/develop_bkup_29Sept2023,20230929061452,1,,success,2526430
eCommerce-Rimo/dp-baselogic/PM-17901-23.16,20230926024255,1,,success,2720340
eCommerce-Rimo/dp-baselogic/PM-17901-23.18,20230926002447,1,,success,2874421
eCommerce-Rimo/dp-baselogic/PM-17901-23.18,20230926002631,2,,success,3970380
eCommerce-Rimo/dp-baselogic/PM-17907-23.18,20230925025349,1,,failure,3155933
eCommerce-Rimo/dp-baselogic/PM-17907-23.18,20230925025604,2,,success,3371426
eCommerce-Rimo/dp-baselogic/PM-17907-23.18,20230925031247,3,,success,7523481
eCommerce-Rimo/dp-baselogic/PM-17907-23.18,20230925044359,4,,failure,3010105
eCommerce-Rimo/dp-baselogic/PM-17907-23.18,20230925060403,5,,success,3757952
eCommerce-Rimo/dp-baselogic/RIMO-5034,20230908064629,1,,success,3343609
eCommerce-Rimo/dp-baselogic/RIMO-5034,20230908064927,2,,success,3238954
eCommerce-Rimo/dp-baselogic/RIMO-5034,20230908071305,3,,failure,537456
eCommerce-Rimo/dp-baselogic/RIMO-5034,20230908073524,4,,unstable,3511160
eCommerce-Rimo/dp-baselogic/RIMO-5034,20230908083234,5,,success,3833503
eCommerce-Rimo/dp-baselogic/RIMO-5034-BR,20230908091143,1,,failure,2383928
eCommerce-Rimo/dp-baselogic/RIMO-5034-BR,20230908091329,2,,failure,2307355
eCommerce-Rimo/dp-baselogic/RIMO-5034-BR,20230909234530,3,,success,2942701
eCommerce-Rimo/dp-baselogic/RIMO-5034-BR,20230909235045,4,,success,2874331
eCommerce-Rimo/dp-baselogic/RIMO-5034-BR,20230910223111,5,,success,2784478
eCommerce-Rimo/dp-baselogic/RIMO-5034-fix-23-16,20230908064359,6,,failure,1590629
eCommerce-Rimo/dp-baselogic/RIMO-5049,20230911004949,4,,unstable,3317524
eCommerce-Rimo/dp-baselogic/RIMO-5049,20230911010514,5,,unstable,3463314
eCommerce-Rimo/dp-baselogic/RIMO-5049,20230911021851,6,,failure,1176321
eCommerce-Rimo/dp-baselogic/RIMO-5049,20230911040745,7,,success,2998516
eCommerce-Rimo/dp-baselogic/RIMO-5049,20230911050138,8,,success,3729529
eCommerce-Rimo/dp-baselogic/RIMO-5049,20230911071650,9,,success,3714329
eCommerce-Rimo/dp-baselogic/RIMO-5049,20230911071728,10,,success,3716076
eCommerce-Rimo/dp-baselogic/RIMO-5049,20230917205014,11,,success,2945736
eCommerce-Rimo/dp-baselogic/RIMO-5049,20230917205143,12,,failure,1777553
eCommerce-Rimo/dp-baselogic/RIMO-5049,20230918044545,13,,failure,3875851
eCommerce-Rimo/dp-baselogic/RIMO-5049,20230918044703,14,,failure,3878937
eCommerce-Rimo/dp-baselogic/RIMO-5049,20230918053047,15,,success,2751996
eCommerce-Rimo/dp-baselogic/RIMO-5049,20230918053116,16,,success,2925885
eCommerce-Rimo/dp-baselogic/RIMO-5049,20230919215924,17,,success,3383678
eCommerce-Rimo/dp-baselogic/RIMO-5049,20230920014009,18,,failure,599718
eCommerce-Rimo/dp-baselogic/RIMO-5049,20230920021241,19,,failure,861859
eCommerce-Rimo/dp-baselogic/RIMO-5049,20230920031406,20,,failure,3223667
eCommerce-Rimo/dp-baselogic/RIMO-5049,20230921230533,21,,success,2814295
eCommerce-Rimo/dp-baselogic/RIMO-5049,20230921233116,22,,failure,1451905
eCommerce-Rimo/dp-baselogic/RIMO-5049,20230921233218,23,,failure,1630160
eCommerce-Rimo/dp-baselogic/RIMO-5049,20230922001903,24,,failure,1982554
eCommerce-Rimo/dp-baselogic/RIMO-5049,20230922002248,25,,failure,1017595
eCommerce-Rimo/dp-baselogic/RIMO-5049,20230922033636,26,,success,2971522
eCommerce-Rimo/dp-baselogic/RIMO-5049,20230922052648,27,,success,2699271
eCommerce-Rimo/dp-baselogic/RIMO-5051,20230911214740,23,,success,2956499
eCommerce-Rimo/dp-baselogic/RIMO-5051,20230911224820,24,,success,3892839
eCommerce-Rimo/dp-baselogic/RIMO-5051,20230917202621,25,,failure,2331912
eCommerce-Rimo/dp-baselogic/RIMO-5051,20230917202856,26,,failure,2306695
eCommerce-Rimo/dp-baselogic/RIMO-5051,20230917202924,27,,success,3476196
eCommerce-Rimo/dp-baselogic/RIMO-5051,20230919220024,28,,success,3497220
eCommerce-Rimo/dp-baselogic/RIMO-5051-23-16-release,20230911201646,9,,success,2690976
eCommerce-Rimo/dp-baselogic/RIMO-5090-23_18,20230917062813,1,,failure,1234506
eCommerce-Rimo/dp-baselogic/RIMO-5090-23_18,20230919124312,2,,failure,1318757
eCommerce-Rimo/dp-baselogic/RIMO-5090-23_18,20230919125328,3,,failure,1597439
eCommerce-Rimo/dp-baselogic/RIMO-5090-23_18,20230922023248,5,,failure,1681437
eCommerce-Rimo/dp-baselogic/RIMO-5090-23_18,20230922023329,6,,failure,1620309
eCommerce-Rimo/dp-baselogic/RIMO-5090-23_18,20230922023600,7,,failure,86083
eCommerce-Rimo/dp-baselogic/RIMO-5090-23_18,20230922023819,8,,failure,566768
eCommerce-Rimo/dp-baselogic/RIMO-5090-23_18,20230922024020,9,,failure,3193488
eCommerce-Rimo/dp-baselogic/RIMO-5090-23_18,20230922024242,10,,failure,228768
eCommerce-Rimo/dp-baselogic/RIMO-5090-23_18,20230922024554,11,,failure,4225289
eCommerce-Rimo/dp-baselogic/RIMO-5090-23_18,20230922072455,12,,success,5199795
eCommerce-Rimo/dp-baselogic/RIMO-5090-23_18,20230922075232,13,,unstable,4988543
eCommerce-Rimo/dp-baselogic/RIMO-5090-23_18,20230922080753,14,,unstable,2904642
eCommerce-Rimo/dp-baselogic/RIMO-5090-b2b-changes,20230911102531,4,,failure,263630
eCommerce-Rimo/dp-baselogic/RIMO-5090-b2b-changes,20230917062459,5,,failure,1201826
eCommerce-Rimo/dp-baselogic/RIMO-5090-b2b-changes,20230917070811,6,,failure,1770320
eCommerce-Rimo/dp-baselogic/RIMO-5090-b2b-changes,20230917071246,7,,failure,1966596
eCommerce-Rimo/dp-baselogic/RIMO-5090-b2b-changes,20230919113916,8,,failure,1826693
eCommerce-Rimo/dp-baselogic/RIMO-5090-b2b-changes,20230919121740,9,,failure,2532195
eCommerce-Rimo/dp-baselogic/RIMO-5125,20231004024613,1,,success,3720804
eCommerce-Rimo/dp-baselogic/RIMO-5125,20231004024828,2,,success,4770511
eCommerce-Rimo/dp-baselogic/RIMO-5125,20231004052925,3,,success,3067227
eCommerce-Rimo/dp-baselogic/RIMO-5125,20231004053106,4,,success,2988743
eCommerce-Rimo/dp-baselogic/RIMO-5135,20231006044817,1,,failure,1836447
eCommerce-Rimo/dp-baselogic/RIMO-5135,20231006045058,2,,failure,1690280
eCommerce-Rimo/dp-baselogic/RIMO-5135,20231006054656,3,,success,2639155
eCommerce-Rimo/dp-baselogic/RM-38001,20231003043738,1,,success,2935854
eCommerce-Rimo/dp-baselogic/RM-38001,20231003053148,2,,failure,409700
eCommerce-Rimo/dp-baselogic/RM-38001,20231003053344,3,,aborted,527601
eCommerce-Rimo/dp-baselogic/RM-38001,20231003053730,4,,failure,722129
eCommerce-Rimo/dp-baselogic/RM-38001,20231003062046,5,,unstable,2719291
eCommerce-Rimo/dp-baselogic/RM-38001,20231003091215,6,,success,2648094
eCommerce-Rimo/dp-baselogic/RM-38001,20231003224755,7,,success,3153226
eCommerce-Rimo/dp-baselogic/RM-38001,20231006002126,8,,success,2541184
eCommerce-Rimo/dp-baselogic/RM-38001,20231006011919,9,,success,2980362
eCommerce-Rimo/dp-sites/develop,20230910013429,521,,success,4163799
eCommerce-Rimo/dp-sites/develop,20230911001822,522,,failure,2116562
eCommerce-Rimo/dp-sites/develop,20230912002406,523,,unstable,4696837
eCommerce-Rimo/dp-sites/develop,20230914015136,524,,unstable,4744514
eCommerce-Rimo/dp-sites/develop,20230914071200,525,,unstable,5625940
eCommerce-Rimo/dp-sites/develop,20230915062238,526,,failure,454147
eCommerce-Rimo/dp-sites/develop,20230915063307,527,,unstable,4353705
eCommerce-Rimo/dp-sites/develop,20230920060504,528,,unstable,4702367
eCommerce-Rimo/dp-sites/develop,20230921010018,529,,failure,6331858
eCommerce-Rimo/dp-sites/develop,20230921040250,530,,unstable,4272341
eCommerce-Rimo/dp-sites/develop,20230922041900,531,,failure,8538784
eCommerce-Rimo/dp-sites/develop,20230922075502,532,,unstable,4541680
eCommerce-Rimo/dp-sites/develop,20230922125236,533,,unstable,5147639
eCommerce-Rimo/dp-sites/develop,20230922155710,534,,failure,1769862
eCommerce-Rimo/dp-sites/develop,20230922163920,535,,unstable,4623593
eCommerce-Rimo/dp-sites/develop,20230925060508,536,,unstable,4206964
eCommerce-Rimo/dp-sites/develop,20230925112839,537,,failure,2377254
eCommerce-Rimo/dp-sites/develop,20230925134122,538,,unstable,4366727
eCommerce-Rimo/dp-sites/develop,20231002060345,539,,unstable,3979916
eCommerce-Rimo/dp-sites/develop,20231002150103,540,,unstable,4741988
eCommerce-Rimo/dp-sites/develop,20231004083003,541,,unstable,5123832
eCommerce-Rimo/dp-sites/develop,20231005001213,542,,unstable,4378312
eCommerce-Rimo/dp-sites/develop,20231006022257,543,,unstable,3671365
eCommerce-Rimo/dp-sites/develop,20231006054605,544,,unstable,4077992
eCommerce-Rimo/dp-sites/develop,20231006063120,545,,unstable,4982248
eCommerce-Rimo/ecom-app-global/RM-38002,20230928002014,1,,failure,132787
eCommerce-Rimo/ecom-app-global/RM-38002,20230928002343,2,,failure,122673
eCommerce-Rimo/ecom-app-global/RM-38002,20230928025436,3,,success,947816
eCommerce-Rimo/ecom-app-order-servicing/release,20230928063843,2,,aborted,7126
eCommerce-Rimo/ecom-app-order-servicing/RM-38002,20230928063848,1,,success,477845
eCommerce-Rimo/ecom-app-order-servicing/RM-38002,20230928064429,2,,failure,380361
eCommerce-Rimo/ecom-app-order-servicing/RM-38002,20230928064602,3,,success,535563
eCommerce-Rimo/ecom-app-product/develop,20230908025228,162,,unstable,2175571
eCommerce-Rimo/ecom-app-product/develop,20230911033112,163,,unstable,1836579
eCommerce-Rimo/ecom-app-product/develop,20230911053227,164,,unstable,1457102
eCommerce-Rimo/ecom-app-product/develop,20230911062434,165,,unstable,1226439
eCommerce-Rimo/ecom-app-product/develop,20230911091850,166,,unstable,2019952
eCommerce-Rimo/ecom-app-product/develop,20230912013916,167,,unstable,1451513
eCommerce-Rimo/ecom-app-product/develop,20230912014413,168,,unstable,1535555
eCommerce-Rimo/ecom-app-product/develop,20230913104841,169,,unstable,1577866
eCommerce-Rimo/ecom-app-product/develop,20230913213358,170,,unstable,1542213
eCommerce-Rimo/ecom-app-product/develop,20230914021612,171,,failure,779304
eCommerce-Rimo/ecom-app-product/develop,20230914023232,172,,unstable,1668131
eCommerce-Rimo/ecom-app-product/develop,20230914075921,173,,failure,846528
eCommerce-Rimo/ecom-app-product/develop,20230914090121,174,,unstable,1644850
eCommerce-Rimo/ecom-app-product/develop,20230914093508,175,,unstable,1436828
eCommerce-Rimo/ecom-app-product/develop,20230914220148,176,,unstable,2472341
eCommerce-Rimo/ecom-app-product/develop,20230918083730,177,,failure,78323
eCommerce-Rimo/ecom-app-product/develop,20230920043748,178,,success,1366099
eCommerce-Rimo/ecom-app-product/develop,20230921043913,179,,unstable,1994911
eCommerce-Rimo/ecom-app-product/develop,20230921044531,180,,unstable,1626680
eCommerce-Rimo/ecom-app-product/develop,20230925081336,181,,unstable,1368998
eCommerce-Rimo/ecom-app-product/develop,20230925084226,182,,unstable,1269240
eCommerce-Rimo/ecom-app-product/develop,20230929040015,183,,unstable,1618789
eCommerce-Rimo/ecom-app-product/develop,20230929064006,184,,failure,781354
eCommerce-Rimo/ecom-app-product/develop,20231003083450,185,,unstable,2575533
eCommerce-Rimo/ecom-app-product/develop,20231005082023,186,,failure,961115
eCommerce-Rimo/ecom-app-product/develop,20231005082158,187,,success,1565833
eCommerce-Rimo/ecom-app-product/develop,20231005082219,188,,failure,1069631
eCommerce-Rimo/ecom-app-product/develop,20231005111314,189,,success,1115728
eCommerce-Rimo/ecom-app-product/develop,20231006043402,190,,success,1379418
eCommerce-Rimo/ecom-app-product/develop_bck_29thSept2023,20230929064035,1,,failure,867851
eCommerce-Rimo/ecom-app-product/develop_bck_5thOct2023,20231005081950,1,,success,1189473
eCommerce-Rimo/ecom-app-product/hide-pip1-feature,20230908013933,4,,unstable,2036533
eCommerce-Rimo/ecom-app-product/hide-pip1-feature,20230908014511,5,,failure,223770
eCommerce-Rimo/ecom-app-product/hide-pip1-feature,20230908015818,6,,failure,14626
eCommerce-Rimo/ecom-app-product/hide-pip1-feature,20230908015941,7,,unstable,2116338
eCommerce-Rimo/ecom-app-product/hide-pip1-feature,20230908021121,8,,failure,822251
eCommerce-Rimo/ecom-app-product/hide-pip1-feature,20230908023648,9,,unstable,1413271
eCommerce-Rimo/ecom-app-product/RIMO-5067-hide-pip1,20230908014717,21,,failure,136001
eCommerce-Rimo/ecom-app-product/RIMO-5067-hide-pip1,20230908015350,22,,failure,117515
eCommerce-Rimo/ecom-app-product/RIMO-5067-pip1-hide,20230908022835,6,,failure,2008982
eCommerce-Rimo/ecom-app-product/RIMO-5067-pip1-hide,20230908023020,7,,unstable,1652723
eCommerce-Rimo/ecom-app-product/RIMO-5067-pip1-hide,20230908023620,8,,failure,1164016
eCommerce-Rimo/ecom-app-product/RIMO-5067-pip1-hide,20230911103409,9,,success,1551738
eCommerce-Rimo/ecom-app-product/RIMO-5067-pip1-hide,20230911103528,10,,success,1617148
eCommerce-Rimo/ecom-app-product/RIMO-5067-pip1-hide,20230912064548,11,,success,1408671
eCommerce-Rimo/ecom-app-product/RIMO-5067-pip1-hide,20230912064605,12,,success,1405695
eCommerce-Rimo/ecom-app-product/RIMO-5088,20230918083806,1,,failure,82470
eCommerce-Rimo/ecom-app-product/RIMO-5088,20230920000625,2,,success,1648895
eCommerce-Rimo/ecom-app-product/RIMO-5088,20230920003014,3,,failure,794490
eCommerce-Rimo/ecom-app-product/RIMO-5088,20230920003151,4,,failure,12866
eCommerce-Rimo/ecom-app-product/RIMO-5088,20230920003947,5,,failure,885829
eCommerce-Rimo/ecom-app-product/RIMO-5088,20230920024641,6,,failure,1078017
eCommerce-Rimo/ecom-app-product/RIMO-5088,20230920052319,7,,failure,367852
eCommerce-Rimo/ecom-app-product/RIMO-5088,20230920053019,8,,success,1609683
eCommerce-Rimo/ecom-app-product/RIMO-5088,20230920054737,9,,failure,193057
eCommerce-Rimo/ecom-app-product/RIMO-5088,20230921200646,10,,failure,938020
eCommerce-Rimo/ecom-app-product/RIMO-5088,20230921204908,11,,success,2045680
eCommerce-Rimo/ecom-app-product/RIMO-5088,20230924214936,12,,failure,409885
eCommerce-Rimo/ecom-app-product/RIMO-5088,20230924215335,13,,success,1376962
eCommerce-Rimo/ecom-app-product/RIMO-5088,20230926041536,14,,success,1355215
eCommerce-Rimo/ecom-app-product/RIMO-5088,20230926090156,15,,success,1049573
eCommerce-Rimo/ecom-app-product/RIMO-5088,20230926214247,16,,success,994959
eCommerce-Rimo/ecom-app-product/RIMO-5101,20230918083744,1,,failure,78406
eCommerce-Rimo/ecom-app-product/RIMO-5106,20231006034728,7,,success,1743425
eCommerce-Rimo/ecom-app-product/RIMO-5106,20231006034744,8,,failure,1315062
eCommerce-Rimo/ecom-app-product/RIMO-5106,20231006035500,9,,failure,7588
eCommerce-Rimo/ecom-app-product/RIMO-5106,20231006035522,10,,success,1593970
eCommerce-Rimo/ecom-app-product/RIMO-5106,20231006062315,11,,success,1372696
eCommerce-Rimo/ecom-app-product/RIMO-5106,20231006063843,12,,success,975205
eCommerce-Rimo/ecom-app-product/RIMO-5106,20231006064807,13,,success,1359755
eCommerce-Rimo/ecom-app-product/RIMO-5106,20231006065256,14,,success,1365882
eCommerce-Rimo/ecom-app-product/RIMO-5106,20231006065738,15,,unstable,1567505
eCommerce-Rimo/ecom-app-product/RIMO-5106,20231006070109,16,,success,1152773
eCommerce-Rimo/ecom-app-product/RIMO-5107,20231004040721,1,,failure,719962
eCommerce-Rimo/ecom-app-product/RIMO-5107,20231004042412,2,,success,1016508
eCommerce-Rimo/ecom-app-product/RIMO-5107,20231004044733,3,,success,1401252
eCommerce-Rimo/ecom-app-product/RIMO-5109,20231004040334,4,,failure,1128388
eCommerce-Rimo/ecom-app-product/RIMO-5109,20231004040505,5,,failure,1050153
eCommerce-Rimo/ecom-app-product/RIMO-5109,20231004044816,6,,failure,1009156
eCommerce-Rimo/ecom-app-product/RIMO-5109,20231004050858,7,,failure,205513
eCommerce-Rimo/ecom-app-product/RIMO-5109,20231004050922,8,,success,1256340
eCommerce-Rimo/ecom-app-product/RIMO-5109,20231005065345,9,,failure,946670
eCommerce-Rimo/ecom-app-product/RIMO-5109,20231005065750,10,,failure,1042266
eCommerce-Rimo/ecom-app-product/RIMO-5109,20231005073408,11,,success,1516126
eCommerce-Rimo/ecom-app-product/RIMO-5109,20231005073456,12,,success,1466569
eCommerce-Rimo/ecom-app-product/RIMO-5109,20231005114039,13,,success,1666547
eCommerce-Rimo/ecom-app-product/RM-37718,20230911084611,1,,success,1672593
eCommerce-Rimo/ecom-app-product/RM-37718,20230911084656,2,,success,1632343
eCommerce-Rimo/ecom-app-product/RM-37718,20230911091208,3,,success,1551233
eCommerce-Rimo/ecom-app-product/RM-37718,20230912041852,4,,success,1327953
eCommerce-Rimo/ecom-app-product/RM-37794,20230914021221,1,,success,1587586
eCommerce-Rimo/ecom-app-product/RM-37794,20230914021337,2,,success,1438886
eCommerce-Rimo/ecom-app-product/RM-37794,20230914021442,3,,success,1877849
eCommerce-Rimo/ecom-app-product/RM-37794-New,20230914055536,1,,success,1716502
eCommerce-Rimo/ecom-app-product/RM-37794-New,20230914055843,2,,success,1601995
eCommerce-Rimo/ecom-app-product/RM-37794-New,20230914055931,3,,failure,728324
eCommerce-Rimo/ecom-svc-account/23.18-fix,20231004020908,1,,success,1344633
eCommerce-Rimo/ecom-svc-account/23.18-fix,20231004021604,2,,success,451615
eCommerce-Rimo/ecom-svc-account/23.18-fix,20231004022418,3,,success,409625
eCommerce-Rimo/ecom-svc-account/RIMO-5125,20231004035005,1,,success,390715
eCommerce-Rimo/ecom-svc-account/RIMO-5125,20231004035043,2,,success,539853
eCommerce-Rimo/ecom-svc-account/RIMO-5125,20231004035149,3,,success,351093
eCommerce-Rimo/ecom-svc-account/RIMO-5125,20231004035311,4,,success,720282
eCommerce-Rimo/ecom-svc-account/RIMO-5125,20231004043804,5,,success,267216
eCommerce-Rimo/ecom-svc-address/develop,20230926034605,42,,success,509760
eCommerce-Rimo/ecom-svc-banner/backup_23_18,20230919202604,1,,success,106768
eCommerce-Rimo/ecom-svc-banner/develop,20230917052442,22,,failure,113378
eCommerce-Rimo/ecom-svc-banner/develop,20230917052835,23,,failure,240183
eCommerce-Rimo/ecom-svc-banner/develop,20230917054033,24,,success,201128
eCommerce-Rimo/ecom-svc-banner/develop,20230918041356,25,,success,1126338
eCommerce-Rimo/ecom-svc-banner/develop,20230919173520,26,,unstable,159713
eCommerce-Rimo/ecom-svc-banner/develop,20230919173821,27,,success,302562
eCommerce-Rimo/ecom-svc-banner/develop,20230919204618,28,,success,204923
eCommerce-Rimo/ecom-svc-banner/develop,20230922103213,29,,success,962274
eCommerce-Rimo/ecom-svc-banner/develop,20230922103616,30,,success,389610
eCommerce-Rimo/ecom-svc-banner/develop,20230922140944,31,,unstable,128703
eCommerce-Rimo/ecom-svc-banner/develop,20230922142622,32,,success,476703
eCommerce-Rimo/ecom-svc-banner/develop,20231002131721,33,,success,200700
eCommerce-Rimo/ecom-svc-banner/INC003049985,20230919125920,1,,success,296731
eCommerce-Rimo/ecom-svc-banner/INC003049985,20230919132812,2,,success,347875
eCommerce-Rimo/ecom-svc-banner/INC003049985,20230919133739,3,,failure,128680
eCommerce-Rimo/ecom-svc-banner/INC003049985,20230919173915,4,,success,241027
eCommerce-Rimo/ecom-svc-banner/INC003049985,20230919174134,5,,unstable,209371
eCommerce-Rimo/ecom-svc-banner/INC003049985,20230919174657,6,,unstable,334046
eCommerce-Rimo/ecom-svc-banner/INC003049985,20230919174836,7,,unstable,194077
eCommerce-Rimo/ecom-svc-banner/INC003049985,20230919183056,8,,success,185727
eCommerce-Rimo/ecom-svc-banner/INC003049985,20230919183743,9,,unstable,110376
eCommerce-Rimo/ecom-svc-banner/test-rel-23-16,20230911020612,2,,failure,162812
eCommerce-Rimo/ecom-svc-banner/test-rel-23-16,20230911021130,3,,failure,113808
eCommerce-Rimo/ecom-svc-banner/test-rel-23-16,20230913034208,4,,unstable,258160
eCommerce-Rimo/ecom-svc-banner/test-rel-23-16,20230913044307,5,,success,139007
eCommerce-Rimo/ecom-svc-banner/test-rel-23-16,20230913060827,6,,success,179809
eCommerce-Rimo/ecom-svc-banner/test-rel-23-16,20230913065850,7,,success,183730
eCommerce-Rimo/ecom-svc-banner/test-rel-23-16,20230913070634,8,,success,216478
eCommerce-Rimo/ecom-svc-banner/test-rel-23-16,20230913071147,9,,success,123826
eCommerce-Rimo/ecom-svc-banner/test-rel-23-16,20230913072018,10,,success,165732
eCommerce-Rimo/ecom-svc-banner/test-rel-23-16,20230914015304,11,,success,241682
eCommerce-Rimo/ecom-svc-banner/test-rel-23-16,20230914020412,12,,success,261172
eCommerce-Rimo/ecom-svc-banner/test-rel-23-16,20230916135059,13,,unstable,201366
eCommerce-Rimo/ecom-svc-banner/test-rel-23-16,20230917052606,14,,failure,195347
eCommerce-Rimo/ecom-svc-banner/test-rel-23-16,20230917053944,15,,unstable,165313
eCommerce-Rimo/ecom-svc-banner/test-rel-23-16,20230918034132,16,,failure,153035
eCommerce-Rimo/ecom-svc-banner/test-rel-23-16,20230918035317,17,,failure,304621
eCommerce-Rimo/ecom-svc-banner/test-rel-23-16,20230918035833,18,,success,201042
eCommerce-Rimo/ecom-svc-banner/test-rel-23-16,20230918035921,19,,success,367931
eCommerce-Rimo/ecom-svc-catalog-webapp/develop,20230915080900,1,,failure,1353217
eCommerce-Rimo/ecom-svc-catalog-webapp/develop,20230915080938,2,,failure,1258366
eCommerce-Rimo/ecom-svc-catalog-webapp/develop,20230915081122,3,,failure,1274484
eCommerce-Rimo/ecom-svc-catalog-webapp/develop,20230921003257,4,,success,1812664
eCommerce-Rimo/ecom-svc-catalog-webapp/develop,20230921003357,5,,failure,1568284
eCommerce-Rimo/ecom-svc-catalog-webapp/develop-bkp-21Sept23,20230921003038,1,,success,977536
eCommerce-Rimo/ecom-svc-customer/featue-email-list,20230912054652,1,,failure,858915
eCommerce-Rimo/ecom-svc-customer/featue-email-list,20230912054837,2,,failure,762813
eCommerce-Rimo/ecom-svc-customer/featue-email-list,20230912062825,3,,failure,906760
eCommerce-Rimo/ecom-svc-customer/featue-email-list,20230913080249,4,,failure,797801
eCommerce-Rimo/ecom-svc-customer/featue-email-list,20230913080537,5,,failure,869713
eCommerce-Rimo/ecom-svc-customer/release,20230912054626,3,,aborted,4299
eCommerce-Rimo/ecom-svc-support/develop-pr-review,20230915045702,1,,success,169670
eCommerce-Rimo/ecom-svc-support/release,20230915045703,1,,aborted,6315
eCommerce-Rimo/inventory/develop,20230919103015,3,,success,2114132
eCommerce-Rimo/saved-credit-card/develop,20230911001319,1,,success,227430
eCommerce-Rimo/saved-credit-card/release,20230911001257,1,,aborted,4870
eCommerce-Rimo/vue-component-ecom-product-recommendations/RIMO-5067-new,20230926063846,12,,success,486159
eCommerce-Rimo/web-component-ecom-checkout/bug-fix,20230922225618,1,,success,281921
eCommerce-Rimo/web-component-ecom-checkout/bug-fix,20230922231234,2,,success,284050
eCommerce-Rimo/web-component-ecom-checkout/bug-fix,20230924230531,6,,failure,59317
eCommerce-Rimo/web-component-ecom-checkout/bug-fix,20230924230700,7,,failure,60600
eCommerce-Rimo/web-component-ecom-checkout/bug-fix,20230924231126,8,,failure,62920
eCommerce-Rimo/web-component-ecom-checkout/bug-fix,20230924231256,9,,failure,36524
eCommerce-Rimo/web-component-ecom-checkout/bug-fix,20230924231348,10,,failure,41656
eCommerce-Rimo/web-component-ecom-checkout/bug-fix,20230924232002,11,,failure,39404
eCommerce-Rimo/web-component-ecom-checkout/bug-fix,20230924232136,12,,failure,27359
eCommerce-Rimo/web-component-ecom-checkout/bug-fix,20230924232302,13,,failure,29289
eCommerce-Rimo/web-component-ecom-checkout/bug-fix,20230924232919,14,,success,370799
eCommerce-Rimo/web-component-ecom-checkout/bug-fix,20230924233124,15,,failure,22180
eCommerce-Rimo/web-component-ecom-checkout/RIMO-5050-1,20230922044232,32,,success,260621
eCommerce-Rimo/web-component-ecom-checkout/RIMO-5050-1,20230922052539,37,,failure,181002
eCommerce-Rimo/web-component-ecom-checkout/RIMO-5050-1,20230922053135,38,,failure,132694
eCommerce-Rimo/web-component-ecom-checkout/RIMO-5050-1,20230922053409,39,,failure,52966
eCommerce-Rimo/web-component-ecom-checkout/RIMO-5050-1,20230922054049,40,,failure,45330
eCommerce-Rimo/web-component-ecom-checkout/RIMO-5050-1,20230922055017,41,,failure,69950
eCommerce-Rimo/web-component-ecom-checkout/RIMO-5050-1,20230922055340,42,,failure,57020
eCommerce-Rimo/web-component-ecom-checkout/RIMO-5050-1,20230922060358,43,,failure,68816
eCommerce-Rimo/web-component-ecom-checkout/RIMO-5050-1,20230922060837,44,,failure,54287
eCommerce-Rimo/web-component-ecom-checkout/RIMO-5050-1,20230922062628,45,,failure,214297
eCommerce-Rimo/web-component-ecom-checkout/RIMO-5050-1,20230922063114,46,,failure,259105
eCommerce-Rimo/web-component-ecom-checkout/RIMO-5050,20230911233704,1,,success,261356
eCommerce-Rimo/web-component-ecom-checkout/RIMO-5050,20230911234522,2,,failure,63962
eCommerce-Rimo/web-component-ecom-checkout/RIMO-5050,20230914223848,3,,failure,73820
eCommerce-Rimo/web-component-ecom-checkout/RIMO-5050,20230914234806,4,,failure,56323
eCommerce-Rimo/web-component-ecom-checkout/RIMO-5050,20230914235229,5,,failure,57590
eCommerce-Rimo/web-component-ecom-checkout/RIMO-5050,20230914235504,6,,unstable,371639
eCommerce-Rimo/web-component-ecom-checkout/RIMO-5050,20230915015048,7,,unstable,359462
eCommerce-Rimo/web-component-ecom-checkout/RIMO-5050,20230920061655,8,,failure,88001
eCommerce-Rimo/web-component-ecom-checkout/RIMO-5050,20230920061944,9,,failure,69075
eCommerce-Rimo/web-component-ecom-checkout/RIMO-5050,20230920062602,10,,failure,52937
eCommerce-Rimo/web-component-ecom-checkout/RIMO-5050,20230920222556,11,,failure,76091
eCommerce-Rimo/web-component-ecom-checkout/RIMO-5050,20230922092620,43,,failure,400973
eCommerce-Rimo/web-component-ecom-checkout/RIMO-5050,20230922093628,44,,failure,373178
eCommerce-Rimo/web-component-ecom-checkout/RIMO-5050,20230922094300,45,,failure,273777
eCommerce-Rimo/web-component-ecom-checkout/RIMO-5050,20230922094958,46,,failure,232864
eCommerce-Rimo/web-component-ecom-checkout/RIMO-5050,20230922095730,47,,failure,460826
eCommerce-Rimo/web-component-ecom-checkout/RIMO-5050,20230922102720,48,,failure,78845
eCommerce-Rimo/web-component-ecom-checkout/RIMO-5050,20230922110635,49,,failure,67880
eCommerce-Rimo/web-component-ecom-checkout/RIMO-5050,20230922120111,50,,failure,60915
eCommerce-Rimo/web-component-ecom-checkout/RIMO-5050,20230922182852,51,,failure,59676
eCommerce-Rimo/web-component-ecom-checkout/RIMO-5050,20230922184733,52,,success,249138
eCommerce-Rimo/web-component-ecom-checkout/RIMO-5050-2,20230922052210,1,,failure,141975
eCommerce-Rimo/web-component-ecom-checkout/RIMO-5050-2,20230922055529,2,,failure,55694
eCommerce-Rimo/web-component-ecom-checkout/RIMO-5050-2,20230922060959,3,,failure,62093
eCommerce-Rimo/web-component-ecom-checkout/RIMO-5050-3,20230922054218,1,,failure,401436
eCommerce-Rimo/web-component-ecom-checkout/RIMO-5050-backup,20230920061541,1,,failure,88209
