eCommerce-Flatirons/dp-baselogic/release-2.5.40.x,20230915050006,1,,aborted,22099
eCommerce-Flatirons/ecom-app-content/PM-18125,20230921104738,1,,failure,325948
eCommerce-Flatirons/ecom-app-content/qa35-develop,20230921111344,31,,success,960166
eCommerce-Flatirons/ecom-app-content/release,20230921110929,13,,aborted,45784
eCommerce-Flatirons/ecom-app-customer/catalog-request,20230913223820,1,,failure,365685
eCommerce-Flatirons/ecom-app-customer/catalog-request,20230914024155,2,,failure,74319
eCommerce-Flatirons/ecom-app-customer/catalog-request,20230914025846,3,,failure,394232
eCommerce-Flatirons/ecom-app-customer/catalog-request,20230914163405,4,,failure,297061
eCommerce-Flatirons/ecom-app-customer/catalog-request,20230918012110,5,,failure,402126
eCommerce-Flatirons/ecom-app-customer/catalog-request,20230918041038,6,,failure,297969
eCommerce-Flatirons/ecom-app-customer/catalog-request,20230918042144,7,,failure,282521
eCommerce-Flatirons/ecom-app-customer/catalog-request,20230918043100,8,,failure,287260
eCommerce-Flatirons/ecom-app-customer/catalog-request,20230918205230,9,,failure,288252
eCommerce-Flatirons/ecom-app-customer/catalog-request,20230919025215,10,,failure,320652
eCommerce-Flatirons/ecom-app-customer/catalog-request,20230919212019,11,,success,783927
eCommerce-Flatirons/ecom-app-customer/catalog-request,20230920041253,12,,success,1584609
eCommerce-Flatirons/ecom-app-customer/catalog-request,20230920042456,13,,failure,609182
eCommerce-Flatirons/ecom-app-customer/catalog-request,20230921002739,14,,success,2034304
eCommerce-Flatirons/ecom-app-customer/catalog-request,20230921040011,15,,failure,1504065
eCommerce-Flatirons/ecom-app-customer/catalog-request,20230921234327,16,,failure,897312
eCommerce-Flatirons/ecom-app-customer/catalog-request,20230922021102,17,,failure,1528505
eCommerce-Flatirons/ecom-app-customer/catalog-request,20230925085337,18,,failure,117960
eCommerce-Flatirons/ecom-app-customer/catalog-request,20230926004859,19,,failure,642687
eCommerce-Flatirons/ecom-app-customer/catalog-request,20230926005026,20,,failure,677016
eCommerce-Flatirons/ecom-app-customer/catalog-request,20230926051133,21,,failure,370946
eCommerce-Flatirons/ecom-app-customer/catalog-request,20230926091715,22,,failure,431230
eCommerce-Flatirons/ecom-app-customer/catalog-request,20230926233659,23,,failure,424036
eCommerce-Flatirons/ecom-app-customer/catalog-request,20230927021140,24,,failure,229248
eCommerce-Flatirons/ecom-app-customer/catalog-request,20230928212841,25,,failure,477441
eCommerce-Flatirons/ecom-app-customer/catalog-request,20230928234049,26,,failure,415943
eCommerce-Flatirons/ecom-app-customer/catalog-request,20231002090158,27,,failure,236551
eCommerce-Flatirons/ecom-app-customer/catalog-request-mailing,20230926233743,1,,failure,293982
eCommerce-Flatirons/ecom-app-customer/catalog-request-mailing,20230927011742,2,,failure,234049
eCommerce-Flatirons/ecom-app-customer/catalog-request-mailing,20230927041520,3,,failure,242473
eCommerce-Flatirons/ecom-app-customer/catalog-request-mailing,20230928211459,4,,failure,439574
eCommerce-Flatirons/ecom-app-customer/catalog-request-mailing,20231001232653,5,,failure,258904
eCommerce-Flatirons/ecom-app-customer/catalog-request-mailing,20231002090612,6,,failure,438362
eCommerce-Flatirons/ecom-app-customer/catalog-request-mailing,20231002231611,7,,failure,183242
eCommerce-Flatirons/ecom-app-customer/catalog-request-mailing,20231003103015,8,,failure,184741
eCommerce-Flatirons/ecom-app-customer/catalog-request-mailing,20231003210333,9,,failure,457841
eCommerce-Flatirons/ecom-app-customer/catalog-request-mailing,20231004001249,10,,failure,155788
eCommerce-Flatirons/ecom-app-customer/catalog-request-mailing,20231004011212,11,,failure,249340
eCommerce-Flatirons/ecom-app-customer/catalog-request-mailing,20231004050722,12,,failure,451710
eCommerce-Flatirons/ecom-app-customer/catalog-request-mailing,20231004051142,13,,failure,218072
eCommerce-Flatirons/ecom-app-customer/catalog-request-mailing,20231004084332,14,,failure,137216
eCommerce-Flatirons/ecom-app-customer/catalog-request-mailing,20231004210513,15,,failure,300485
eCommerce-Flatirons/ecom-app-customer/catalog-request-mailing,20231004212732,16,,failure,291093
eCommerce-Flatirons/ecom-app-customer/catalog-request-mailing,20231005033810,17,,failure,368597
eCommerce-Flatirons/ecom-app-customer/catalog-request-mailing,20231005033850,18,,failure,345868
eCommerce-Flatirons/ecom-app-customer/catalog-request-mailing,20231005083117,19,,failure,248304
eCommerce-Flatirons/ecom-app-customer/catalog-request-mailing,20231005221958,20,,failure,279851
eCommerce-Flatirons/ecom-app-customer/catalog-request-mailing,20231006092807,21,,failure,238407
eCommerce-Flatirons/ecom-app-customer/catalog-request-mailing,20231006092852,22,,failure,280416
eCommerce-Flatirons/ecom-app-customer/customer-thankyou,20230915060433,1,,failure,336683
eCommerce-Flatirons/ecom-app-customer/emailSignupMobileResponsive,20230920030039,1,,success,1301744
eCommerce-Flatirons/ecom-app-customer/emailSignupMobileResponsive,20230920035333,2,,unstable,4698709
eCommerce-Flatirons/ecom-app-customer/emailSignupTestCase,20230922092035,1,,failure,717347
eCommerce-Flatirons/ecom-app-customer/emailSignupTestCase,20230922102240,2,,failure,648414
eCommerce-Flatirons/ecom-app-customer/email-UI-fix,20230926103847,1,,success,734692
eCommerce-Flatirons/ecom-app-customer/featuredptomfe,20230908085520,12,,failure,286414
eCommerce-Flatirons/ecom-app-customer/featuredptomfe,20230918152131,13,,failure,349250
eCommerce-Flatirons/ecom-app-customer/featuredptomfe,20230918152654,14,,aborted,66574250
eCommerce-Flatirons/ecom-app-customer/featuredptomfe,20230919100900,15,,aborted,308368
eCommerce-Flatirons/ecom-app-customer/featuredptomfe,20230919101314,16,,failure,325046
eCommerce-Flatirons/ecom-app-customer/featuredptomfe,20230919140729,17,,failure,498815
eCommerce-Flatirons/ecom-app-customer/featuredptomfe,20230919140828,18,,failure,64739
eCommerce-Flatirons/ecom-app-customer/featuredptomfe,20230919141034,19,,failure,544788
eCommerce-Flatirons/ecom-app-customer/featuredptomfe,20230919144434,20,,failure,566975
eCommerce-Flatirons/ecom-app-customer/featuredptomfe,20230919150520,21,,success,2387205
eCommerce-Flatirons/ecom-app-customer/featuredptomfe,20230920094715,22,,success,2073330
eCommerce-Flatirons/ecom-app-customer/featuredptomfe,20230920095512,23,,failure,63926
eCommerce-Flatirons/ecom-app-customer/featuredptomfe,20230920223630,24,,success,1894861
eCommerce-Flatirons/ecom-app-customer/featuredptomfe,20230920233830,25,,success,2109168
eCommerce-Flatirons/ecom-app-customer/featuredptomfe,20230921103233,26,,success,1445435
eCommerce-Flatirons/ecom-app-customer/featuredptomfe,20230921213917,27,,failure,760214
eCommerce-Flatirons/ecom-app-customer/featuredptomfe,20230922080635,28,,failure,979387
eCommerce-Flatirons/ecom-app-customer/featuredptomfe,20230922082850,29,,success,1726316
eCommerce-Flatirons/ecom-app-customer/featuredptomfe,20230922083558,30,,aborted,300354
eCommerce-Flatirons/ecom-app-customer/featuredptomfe,20230922084048,31,,success,1152775
eCommerce-Flatirons/ecom-app-customer/featuredptomfe,20230925211207,32,,success,1145473
eCommerce-Flatirons/ecom-app-customer/featuredptomfe,20230925225334,33,,success,985163
eCommerce-Flatirons/ecom-app-customer/featuredptomfe,20230925230052,34,,success,1173127
eCommerce-Flatirons/ecom-app-customer/featuredptomfe,20230926083507,35,,success,609114
eCommerce-Flatirons/ecom-app-customer/featuredptomfe,20230926104057,36,,success,643417
eCommerce-Flatirons/ecom-app-customer/featuredptomfe,20230926143059,37,,success,569035
eCommerce-Flatirons/ecom-app-customer/featuredptomfe,20230926153524,38,,success,438464
eCommerce-Flatirons/ecom-app-customer/featuredptomfe,20230927081833,39,,success,433837
eCommerce-Flatirons/ecom-app-customer/featuredptomfe,20231002145058,40,,failure,232116
eCommerce-Flatirons/ecom-app-customer/featuredptomfe,20231003080449,41,,failure,239617
eCommerce-Flatirons/ecom-app-customer/featuredptomfe,20231003143807,42,,failure,291291
eCommerce-Flatirons/ecom-app-customer/featuredptomfe,20231003144107,43,,failure,280645
eCommerce-Flatirons/ecom-app-customer/featuredptomfe,20231003144928,44,,failure,260836
eCommerce-Flatirons/ecom-app-customer/featuredptomfe,20231003151223,45,,failure,251412
eCommerce-Flatirons/ecom-app-customer/featuredptomfe,20231003152153,46,,failure,587858
eCommerce-Flatirons/ecom-app-customer/featuredptomfe,20231003153710,47,,aborted,158999
eCommerce-Flatirons/ecom-app-customer/featuredptomfe,20231003153953,48,,unstable,443038
eCommerce-Flatirons/ecom-app-customer/featuredptomfe,20231004032339,51,,unstable,455236
eCommerce-Flatirons/ecom-app-customer/featuredptomfe,20231004040905,52,,unstable,624706
eCommerce-Flatirons/ecom-app-customer/featuredptomfe,20231004043908,53,,unstable,443140
eCommerce-Flatirons/ecom-app-customer/featuredptomfe,20231004070853,54,,unstable,453052
eCommerce-Flatirons/ecom-app-customer/featuredptomfe,20231004080223,55,,unstable,479927
eCommerce-Flatirons/ecom-app-customer/featuredptomfe,20231004110944,56,,unstable,427902
eCommerce-Flatirons/ecom-app-customer/featuredptomfe,20231004115639,57,,unstable,490537
eCommerce-Flatirons/ecom-app-customer/featuredptomfe,20231004154202,58,,unstable,722651
eCommerce-Flatirons/ecom-app-customer/featuredptomfe,20231004160053,59,,unstable,575993
eCommerce-Flatirons/ecom-app-customer/featuredptomfe,20231004174225,60,,unstable,570041
eCommerce-Flatirons/ecom-app-customer/featuredptomfe,20231005030638,61,,unstable,559971
eCommerce-Flatirons/ecom-app-customer/featuredptomfe,20231005055416,62,,unstable,630550
eCommerce-Flatirons/ecom-app-customer/featuredptomfe,20231005063314,63,,unstable,544220
eCommerce-Flatirons/ecom-app-customer/featuredptomfe,20231006050014,64,,unstable,564808
eCommerce-Flatirons/ecom-app-customer/fix-responsive,20230926011047,1,,success,1144282
eCommerce-Flatirons/ecom-app-customer/gift-card-14-sep,20230914052346,1,,failure,345921
eCommerce-Flatirons/ecom-app-customer/gift-card-14-sep,20230914052934,2,,failure,307065
eCommerce-Flatirons/ecom-app-customer/gift-card-19-sep,20230919040852,1,,failure,69812
eCommerce-Flatirons/ecom-app-customer/gift-card-20-sep,20230919220006,1,,success,1499111
eCommerce-Flatirons/ecom-app-customer/gift-card-20-sep,20230919220117,2,,success,1425587
eCommerce-Flatirons/ecom-app-customer/gift-card-20-sep,20230920070307,3,,failure,448811
eCommerce-Flatirons/ecom-app-customer/gift-card-27-sep,20230927024555,1,,success,695781
eCommerce-Flatirons/ecom-app-customer/joinEmailListTestCase,20230921062254,1,,failure,2750958
eCommerce-Flatirons/ecom-app-customer/joinEmailListTestCase,20230922090819,2,,failure,488786
eCommerce-Flatirons/ecom-app-customer/joinOurEmailListResponsive,20230929050519,1,,success,469702
eCommerce-Flatirons/ecom-app-customer/joinOurEmailListResponsive,20231003061505,2,,success,454285
eCommerce-Flatirons/ecom-app-customer/joinOurEmailListResponsive,20231003111901,3,,success,620567
eCommerce-Flatirons/ecom-app-customer/joinOurEmailListResponsive,20231003112331,4,,failure,345634
eCommerce-Flatirons/ecom-app-customer/PM-18125,20230921112521,1,,success,514867
eCommerce-Flatirons/ecom-app-customer/qa35-develop,20230921113926,61,,aborted,148375
eCommerce-Flatirons/ecom-app-customer/qa35-develop,20230921114145,62,,success,799090
eCommerce-Flatirons/ecom-app-customer/release,20230919140941,42,,aborted,8999
eCommerce-Flatirons/ecom-app-customer/release,20230921112324,43,,aborted,9658
eCommerce-Flatirons/ecom-app-customer/release,20230921234303,44,,aborted,17467
eCommerce-Flatirons/ecom-app-customer/release,20230928110919,45,,aborted,7777
eCommerce-Flatirons/ecom-app-customer/release,20231003144808,46,,aborted,8138
eCommerce-Flatirons/ecom-app-customer/responsiveScreen,20230914055417,1,,failure,391929
eCommerce-Flatirons/ecom-app-customer/responsiveScreen,20230915002717,2,,failure,312552
eCommerce-Flatirons/ecom-app-customer/responsiveScreen,20230915065526,3,,failure,316353
eCommerce-Flatirons/ecom-app-customer/revert-telemetry-23.17,20230928112847,1,,success,519374
eCommerce-Flatirons/ecom-app-customer/revert-telemetry-23.17,20230928123604,2,,success,580478
eCommerce-Flatirons/ecom-app-customer/revert-telemetry-23.17,20230928150850,3,,success,678382
eCommerce-Flatirons/ecom-app-customer/revert-telemetry-23.17,20230928151004,4,,success,639724
eCommerce-Flatirons/ecom-app-customer/revert-telemetry-23.18,20231002094009,1,,failure,130202
eCommerce-Flatirons/ecom-app-customer/revert-telemetry-23.18,20231002102946,2,,success,382316
eCommerce-Flatirons/ecom-app-customer/revert-telemetry-23.18,20231002103730,3,,failure,120398
eCommerce-Flatirons/ecom-app-customer/revert-telemetry-23.18,20231002104027,4,,failure,113428
eCommerce-Flatirons/ecom-app-customer/revert-telemetry-23.18,20231002104531,5,,success,405351
eCommerce-Flatirons/ecom-app-customer/revert-telemetry-23.18,20231002152231,6,,success,821385
eCommerce-Flatirons/ecom-app-customer/revert-telemetry-23.18,20231002153427,7,,success,696173
eCommerce-Flatirons/ecom-app-customer/revert-telemetry-23.18,20231002155150,8,,success,459008
eCommerce-Flatirons/ecom-app-customer/self-service-feature,20230912060109,1,,failure,35650
eCommerce-Flatirons/ecom-app-customer/successPage,20230911070110,1,,failure,281452
eCommerce-Flatirons/ecom-app-customer/unit-test-21-sep,20230922031337,1,,failure,2033246
eCommerce-Flatirons/ecom-app-customer/unit-test-21-sep,20230922075420,2,,failure,2128239
eCommerce-Flatirons/ecom-app-order-servicing/build-slow-ness,20230927104302,1,,success,441057
eCommerce-Flatirons/ecom-app-order-servicing/build-slow-ness,20230927104540,2,,success,497114
eCommerce-Flatirons/ecom-app-order-servicing/config-slow-issue,20230927025001,1,,success,864009
eCommerce-Flatirons/ecom-app-order-servicing/config-slow-issue,20230927025612,2,,success,621141
eCommerce-Flatirons/ecom-app-order-servicing/config-slow-issue,20230927093755,3,,success,748800
eCommerce-Flatirons/ecom-app-order-servicing/config-slow-issue,20230927093825,4,,success,466839
eCommerce-Flatirons/ecom-app-order-servicing/config-slow-issue,20230927095344,5,,success,880107
eCommerce-Flatirons/ecom-app-order-servicing/PM-18125,20230921123141,1,,success,677149
eCommerce-Flatirons/ecom-app-order-servicing/PM-18125,20230921152027,2,,success,2138444
eCommerce-Flatirons/ecom-app-order-servicing/PM-18125,20230921152236,3,,success,2190105
eCommerce-Flatirons/ecom-app-order-servicing/qa35-develop,20230921121845,51,,success,2354834
eCommerce-Flatirons/ecom-app-order-servicing/qa35-develop,20230921123438,52,,success,603072
eCommerce-Flatirons/ecom-app-order-servicing/qa35-develop,20230921152243,53,,success,2123731
eCommerce-Flatirons/ecom-app-order-servicing/qa35-develop,20230922165319,54,,failure,504473
eCommerce-Flatirons/ecom-app-order-servicing/release,20230921121816,29,,aborted,33040
eCommerce-Flatirons/ecom-app-order-servicing/release,20230927024824,30,,aborted,9301
eCommerce-Flatirons/ecom-app-order-servicing/release,20231002112305,31,,aborted,6275
eCommerce-Flatirons/ecom-app-order-servicing/reverting-telemetry-changes,20230927141216,1,,success,593226
eCommerce-Flatirons/ecom-app-order-servicing/reverting-telemetry-changes,20230927141952,2,,failure,389825
eCommerce-Flatirons/ecom-app-order-servicing/reverting-telemetry-changes,20230927142714,3,,success,510464
eCommerce-Flatirons/ecom-app-order-servicing/reverting-telemetry-changes-23.17,20230927152917,1,,success,363931
eCommerce-Flatirons/ecom-app-order-servicing/reverting-telemetry-changes-23.17,20230927172138,2,,success,444051
eCommerce-Flatirons/ecom-app-order-servicing/reverting-telemetry-changes-23.17,20230927184647,3,,success,438420
eCommerce-Flatirons/ecom-app-order-servicing/reverting-telemetry-changes-23.17,20230928105010,4,,success,454067
eCommerce-Flatirons/ecom-app-order-servicing/reverting-telemetry-changes-23.17,20230928113934,5,,success,454381
eCommerce-Flatirons/ecom-app-order-servicing/revert-telemetry-23.18,20231002112347,1,,success,411869
eCommerce-Flatirons/ecom-app-order-servicing/revert-telemetry-23.18,20231002114019,2,,success,380207
eCommerce-Flatirons/ecom-app-product/reverting-opentelemetry-changes,20230928194920,1,,success,1224783
eCommerce-Flatirons/ecom-app-registry/release-23.18,20231003164244,1,,aborted,9072
eCommerce-Flatirons/ecom-app-registry/release-23.18,20231004030507,2,,aborted,14920
eCommerce-Flatirons/ecom-app-registry/revert-opentelemetry,20230928201829,1,,failure,1247118
eCommerce-Flatirons/ecom-app-registry/revert-opentelemetry,20230928205734,2,,failure,933271
eCommerce-Flatirons/ecom-app-registry/revert-opentelemetry,20230928223046,3,,success,1409625
eCommerce-Flatirons/ecom-app-registry/revert-opentelemetry,20230929082633,4,,success,1312565
eCommerce-Flatirons/ecom-app-registry/RM-37579,20230915152123,1,,failure,315719
eCommerce-Flatirons/ecom-app-registry/RM-37579,20230915154549,2,,failure,426269
eCommerce-Flatirons/ecom-app-registry/RM-37579,20230915154741,3,,failure,398871
eCommerce-Flatirons/ecom-app-registry/RM-37579,20230915160015,4,,failure,381803
eCommerce-Flatirons/ecom-app-registry/RM-37579,20230915161013,5,,success,1089356
eCommerce-Flatirons/ecom-app-registry/RM-37579,20230915162144,6,,success,1301880
eCommerce-Flatirons/ecom-app-registry/RM-37579,20230915174419,7,,success,1010179
eCommerce-Flatirons/ecom-app-registry/RM-37820,20230914114755,6,,failure,42270
eCommerce-Flatirons/ecom-app-registry/RM-37820,20230914115424,7,,failure,39798
eCommerce-Flatirons/ecom-app-registry/RM-37820,20230914115506,8,,failure,35505
eCommerce-Flatirons/ecom-app-registry/RM-37820,20230914121946,9,,failure,558673
eCommerce-Flatirons/ecom-app-registry/RM-37820,20230914122034,10,,failure,53522
eCommerce-Flatirons/ecom-app-registry/RM-37820,20230914122155,11,,failure,441928
eCommerce-Flatirons/ecom-app-registry/RM-37820,20230914123401,12,,failure,49392
eCommerce-Flatirons/ecom-app-registry/RM-37820,20230914124656,13,,success,1172013
eCommerce-Flatirons/ecom-app-registry/RM-37820,20230914124733,14,,failure,58019
eCommerce-Flatirons/ecom-app-registry/RM-37820,20230914125004,15,,success,1007522
eCommerce-Flatirons/ecom-app-shop/release,20230928202058,11,,aborted,357299
eCommerce-Flatirons/ecom-app-shop/revert-opentelemetry-changes,20230928202343,1,,success,1412379
eCommerce-Flatirons/ecom-svc-customer/develop,20230914022232,1,,failure,1021847
eCommerce-Flatirons/ecom-svc-customer/develop,20230914022910,2,,success,1015591
eCommerce-Flatirons/ecom-svc-customer/feature-email-list,20230908003405,1,,failure,145744
eCommerce-Flatirons/ecom-svc-customer/feature-email-list,20230911205220,2,,success,905018
eCommerce-Flatirons/ecom-svc-customer/feature-email-list,20230913215118,3,,success,910418
eCommerce-Flatirons/ecom-svc-customer/featur-email-list,20231003022738,1,,success,786936
eCommerce-Flatirons/ecom-svc-customer/featur-email-list,20231003024156,2,,unstable,896653
eCommerce-Flatirons/ecom-svc-customer/featur-email-list,20231003024552,3,,unstable,902645
eCommerce-Flatirons/ecom-svc-customer/featur-email-list,20231003031346,4,,success,769113
eCommerce-Flatirons/ecom-svc-customer/featur-email-list,20231003032634,5,,success,767202
eCommerce-Flatirons/ecom-svc-customer/featur-email-list,20231003044137,6,,success,825823
eCommerce-Flatirons/ecom-svc-customer/featur-email-list,20231005215713,7,,unstable,844973
eCommerce-Flatirons/ecom-svc-customer/featur-email-list,20231005221256,8,,success,841012
eCommerce-Flatirons/ecom-svc-customer/featur-email-list,20231005223219,9,,success,821607
eCommerce-Flatirons/ecom-svc-customer/featur-email-list,20231006043044,10,,success,803873
eCommerce-Flatirons/ecom-svc-customer/HLFD-1770,20230914013743,1,,failure,989523
eCommerce-Flatirons/ecom-svc-customer/HLFD-1770,20230914021918,2,,failure,279809
eCommerce-Flatirons/ecom-svc-customer/HLFD-1770,20230914023146,3,,failure,665940
eCommerce-Flatirons/ecom-svc-customer/HLFD-1770,20230914051621,4,,success,1236723
eCommerce-Flatirons/ecom-svc-customer/HLFD-1770,20230914055447,5,,failure,1095660
eCommerce-Flatirons/ecom-svc-customer/HLFD-1770,20230914070632,6,,success,975358
eCommerce-Flatirons/ecom-svc-customer/HLFD-1770,20230915011132,7,,failure,705893
eCommerce-Flatirons/ecom-svc-customer/HLFD-1770,20230915022143,8,,unstable,787918
eCommerce-Flatirons/ecom-svc-customer/HLFD-1770,20230920015538,9,,failure,696783
eCommerce-Flatirons/ecom-svc-customer/HLFD-1770,20230920020752,10,,unstable,1258285
eCommerce-Flatirons/ecom-svc-customer/HLFD-1770,20230920024828,11,,success,1049022
eCommerce-Flatirons/ecom-svc-customer/HLFD-1770,20230920041913,12,,failure,1577774
eCommerce-Flatirons/ecom-svc-customer/HLFD-1770,20230920050301,13,,success,911886
eCommerce-Flatirons/ecom-svc-customer/HLFD-1770,20230926034539,14,,failure,836275
eCommerce-Flatirons/ecom-svc-customer/HLFD-1770,20230926040227,15,,aborted,403176
eCommerce-Flatirons/ecom-svc-customer/HLFD-1770,20230926040917,16,,unstable,774644
eCommerce-Flatirons/ecom-svc-customer/HLFD-1770,20230928031415,17,,unstable,2572233
eCommerce-Flatirons/ecom-svc-customer/HLFD-1770,20230929094215,18,,failure,664069
eCommerce-Flatirons/ecom-svc-customer/HLFD-1770,20231002222022,19,,failure,785334
eCommerce-Flatirons/ecom-svc-customer/HLFD-1770,20231002224704,20,,failure,1157554
eCommerce-Flatirons/ecom-svc-customer/HLFD-1770,20231002231803,21,,unstable,800822
eCommerce-Flatirons/ecom-svc-customer/HLFD-1770,20231003015540,22,,unstable,739966
eCommerce-Flatirons/ecom-svc-customer/HLFD-1770,20231005225307,23,,failure,721841
eCommerce-Flatirons/ecom-svc-customer/HLFD-1770,20231005230718,24,,unstable,876620
eCommerce-Flatirons/ecom-svc-customer/HLFD-1770,20231006032604,25,,failure,583692
eCommerce-Flatirons/ecom-svc-customer/HLFD-1770,20231006035341,26,,unstable,754411
eCommerce-Flatirons/ecom-svc-customer/release,20230908003319,2,,aborted,4623
eCommerce-Flatirons/ecom-svc-customer/release,20230911205056,3,,aborted,6015
eCommerce-Flatirons/ecom-svc-customer/release,20230911205454,4,,aborted,4316
eCommerce-Flatirons/ecom-svc-customer/release,20230912054406,5,,aborted,6405
eCommerce-Flatirons/ecom-svc-customer/release,20230913080100,6,,aborted,7177
eCommerce-Flatirons/ecom-svc-customer/release,20230913080316,7,,aborted,4691
eCommerce-Flatirons/ecom-svc-customer/release,20230914013359,8,,aborted,30303
eCommerce-Flatirons/ecom-svc-customer/release,20230914025749,9,,aborted,78305
eCommerce-Flatirons/ecom-svc-customer/release,20230914101707,10,,aborted,5188
eCommerce-Flatirons/stored-value-card-orchestration-service/HLFD-1809,20230925220450,1,,success,1419018
eCommerce-Flatirons/stored-value-card-orchestration-service/HLFD-1809,20230925223721,2,,unstable,1282606
eCommerce-Flatirons/stored-value-card-orchestration-service/HLFD-1809,20230926021824,3,,unstable,413361
eCommerce-Flatirons/stored-value-card-orchestration-service/HLFD-1809,20231003212021,4,,,403627
eCommerce-Flatirons/stored-value-card-orchestration-service/HLFD-1809,20231003212021,4,,unstable,403627
eCommerce-Flatirons/vue-component-ecom-account/defaultCatalog,20230927042240,1,,success,682559
eCommerce-Flatirons/vue-component-ecom-account/email-list-API,20230922091154,1,,success,764966
eCommerce-Flatirons/vue-component-ecom-account/email-list-country,20230913082751,1,,failure,219395
eCommerce-Flatirons/vue-component-ecom-account/emailSignupResponsive,20230908060450,2,,failure,218294
eCommerce-Flatirons/vue-component-ecom-account/emailSignupTestCase,20230927041635,1,,failure,177942
eCommerce-Flatirons/vue-component-ecom-account/featuredptomfe,20230919103244,1,,success,875770
eCommerce-Flatirons/vue-component-ecom-account/gift-card-14-sep,20230914052512,1,,failure,253001
eCommerce-Flatirons/vue-component-ecom-account/gift-card-27-sep,20230927022556,1,,success,743559
eCommerce-Flatirons/vue-component-ecom-account/HLFD-1800,20230908090747,20,,failure,207177
eCommerce-Flatirons/vue-component-ecom-account/HLFD-1800,20230913220748,21,,failure,216780
eCommerce-Flatirons/vue-component-ecom-account/HLFD-1800,20230919111322,33,,unstable,455910
eCommerce-Flatirons/vue-component-ecom-account/HLFD-1800,20230919111419,34,,unstable,468156
eCommerce-Flatirons/vue-component-ecom-account/HLFD-1800,20230919111500,35,,unstable,394445
eCommerce-Flatirons/vue-component-ecom-account/HLFD-1800,20230919113056,36,,unstable,518562
eCommerce-Flatirons/vue-component-ecom-account/HLFD-1800,20230919113210,37,,unstable,435558
eCommerce-Flatirons/vue-component-ecom-account/HLFD-1800,20230919121110,38,,aborted,208964
eCommerce-Flatirons/vue-component-ecom-account/HLFD-1800,20230919121545,39,,aborted,194205
eCommerce-Flatirons/vue-component-ecom-account/HLFD-1800,20230919121811,40,,failure,587913
eCommerce-Flatirons/vue-component-ecom-account/HLFD-1800,20230919122852,41,,failure,173458
eCommerce-Flatirons/vue-component-ecom-account/HLFD-1800,20230919123235,42,,unstable,598288
eCommerce-Flatirons/vue-component-ecom-account/HLFD-1800,20230920221742,43,,unstable,471683
eCommerce-Flatirons/vue-component-ecom-account/HLFD-1800,20230921213815,44,,unstable,705044
eCommerce-Flatirons/vue-component-ecom-account/HLFD-1800,20230925160723,46,,unstable,804262
eCommerce-Flatirons/vue-component-ecom-account/HLFD-1800,20230925184625,47,,unstable,678840
eCommerce-Flatirons/vue-component-ecom-account/HLFD-1800,20230925192943,48,,failure,49156
eCommerce-Flatirons/vue-component-ecom-account/HLFD-1800,20230925193059,49,,failure,43926
eCommerce-Flatirons/vue-component-ecom-account/HLFD-1800,20230925193339,50,,failure,204678
eCommerce-Flatirons/vue-component-ecom-account/HLFD-1800,20230925194811,51,,unstable,607445
eCommerce-Flatirons/vue-component-ecom-account/HLFD-1800,20230925203227,52,,unstable,684369
eCommerce-Flatirons/vue-component-ecom-account/HLFD-1800,20230926083430,53,,unstable,644750
eCommerce-Flatirons/vue-component-ecom-account/HLFD-1800,20230926110945,54,,unstable,612882
eCommerce-Flatirons/vue-component-ecom-account/HLFD-1800,20230927080325,55,,unstable,651619
eCommerce-Flatirons/vue-component-ecom-account/HLFD-1800,20231003080007,56,,failure,218966
eCommerce-Flatirons/vue-component-ecom-account/HLFD-1800,20231003103244,57,,unstable,716434
eCommerce-Flatirons/vue-component-ecom-account/HLFD-1800,20231003144339,58,,failure,337162
eCommerce-Flatirons/vue-component-ecom-account/HLFD-1800,20231003145709,59,,unstable,585430
eCommerce-Flatirons/vue-component-ecom-account/HLFD-1800,20231003221025,60,,unstable,514100
eCommerce-Flatirons/vue-component-ecom-account/HLFD-1800,20231004023436,61,,unstable,703434
eCommerce-Flatirons/vue-component-ecom-account/HLFD-1800,20231004023929,62,,unstable,604707
eCommerce-Flatirons/vue-component-ecom-account/HLFD-1800,20231004034240,63,,unstable,559397
eCommerce-Flatirons/vue-component-ecom-account/HLFD-1800,20231004140704,64,,unstable,611181
eCommerce-Flatirons/vue-component-ecom-account/HLFD-1800,20231004143131,65,,aborted,151974
eCommerce-Flatirons/vue-component-ecom-account/HLFD-1800,20231004143723,66,,unstable,573950
eCommerce-Flatirons/vue-component-ecom-account/HLFD-1800,20231004145724,67,,unstable,654180
eCommerce-Flatirons/vue-component-ecom-account/mailing-info,20231001232836,1,,failure,345878
eCommerce-Flatirons/vue-component-ecom-account/mailing-info,20231003102637,2,,failure,127779
eCommerce-Flatirons/vue-component-ecom-account/mailing-info,20231003102814,3,,failure,187186
eCommerce-Flatirons/vue-component-ecom-account/mailing-info,20231003204323,4,,failure,214143
eCommerce-Flatirons/vue-component-ecom-account/mailing-info,20231004011319,5,,failure,433922
eCommerce-Flatirons/vue-component-ecom-account/mailing-info,20231004011343,6,,failure,312124
eCommerce-Flatirons/vue-component-ecom-account/mailing-info,20231004043834,7,,failure,320758
eCommerce-Flatirons/vue-component-ecom-account/mailing-info,20231004091427,8,,failure,439334
eCommerce-Flatirons/vue-component-ecom-account/mailing-info,20231004210743,9,,failure,327480
eCommerce-Flatirons/vue-component-ecom-account/mailing-info,20231005033729,10,,failure,186953
eCommerce-Flatirons/vue-component-ecom-account/mailing-info,20231005042953,11,,failure,219622
eCommerce-Flatirons/vue-component-ecom-account/mailing-info,20231005221329,12,,failure,162500
eCommerce-Flatirons/vue-component-ecom-account/mailing-info,20231006092717,13,,failure,213529
eCommerce-Flatirons/vue-component-ecom-account/mobileResponsive,20230912075503,1,,failure,207948
eCommerce-Flatirons/vue-component-ecom-account/phone-28-sep,20230928052817,1,,success,830049
eCommerce-Flatirons/vue-component-ecom-account/phone-28-sep,20230929030746,2,,unstable,693622
eCommerce-Flatirons/vue-component-ecom-account/phone-28-sep,20231003041610,3,,failure,208474
eCommerce-Flatirons/vue-component-ecom-account/phone-28-sep,20231003085415,4,,unstable,605141
eCommerce-Flatirons/vue-component-ecom-account/phone-3-oct,20231003095932,1,,success,505116
eCommerce-Flatirons/vue-component-ecom-account/phone-4-oct,20231003220754,1,,success,749221
eCommerce-Flatirons/vue-component-ecom-account/release,20230919103231,10,,aborted,6661
eCommerce-Flatirons/vue-component-ecom-account/release,20230925125405,11,,aborted,4814
eCommerce-Flatirons/vue-component-ecom-account/responsiveScreen,20230914055650,1,,failure,130833
eCommerce-Flatirons/vue-component-ecom-account/reverting-telemetry,20230927182604,1,,success,490502
eCommerce-Flatirons/vue-component-ecom-account/reverting-telemetry,20230928100255,2,,success,520977
eCommerce-Flatirons/vue-component-ecom-account/reverting-telemetry,20230928114701,3,,success,562932
eCommerce-Flatirons/vue-component-ecom-account/reverting-telemetry,20230928115328,4,,success,590845
eCommerce-Flatirons/vue-component-ecom-account/reverting-telemetry,20230928122430,5,,success,687634
eCommerce-Flatirons/vue-component-ecom-account/reverting-telemetry,20230928122544,6,,success,394883
eCommerce-Flatirons/vue-component-ecom-account/vue-26-sep,20230926052110,1,,failure,212586
eCommerce-Flatirons/vue-component-ecom-account/vue-26-sep,20230926053500,2,,success,650389
eCommerce-Flatirons/vue-component-ecom-content/reverting-telemetry,20230927162841,1,,success,355486
eCommerce-Flatirons/vue-component-ecom-content/reverting-telemetry,20230928100658,2,,success,381827
eCommerce-Flatirons/vue-component-ecom-favorites/test-case-fix,20230914235429,1,,success,534238
eCommerce-Flatirons/vue-component-ecom-favorites/test-case-fix,20230914235655,2,,failure,218225
eCommerce-Flatirons/vue-component-ecom-favorites/test-case-fix,20230914235929,3,,failure,197454
eCommerce-Flatirons/vue-component-ecom-favorites/test-case-fix,20230915001025,4,,failure,189731
eCommerce-Flatirons/vue-component-ecom-favorites/test-case-fix,20230915002305,5,,failure,259399
eCommerce-Flatirons/web-component-third-party/release,20230911093953,1,,aborted,5245
