eCommerce-Kubernetes-Bedrock/delivery-gateway-chart/release,20230619113218,23,,success,25018
eCommerce-Kubernetes-Bedrock/delivery-gateway-chart/release,20230713101129,24,,success,22739
eCommerce-Kubernetes-Bedrock/dockerfile-etcd-syncappconfig/release,20230711175445,1,,success,17708
eCommerce-Kubernetes-Bedrock/dockerfile-sitespeed/release,20230714000338,1,,failure,6141
eCommerce-Kubernetes-Bedrock/jukebox/release,20230710034931,2877,,failure,70265
eCommerce-Kubernetes-Bedrock/jukebox/release,20230710083802,2878,,failure,2013994
eCommerce-Kubernetes-Bedrock/jukebox/release,20230710190017,2879,,failure,2181514
eCommerce-Kubernetes-Bedrock/jukebox/release,20230711190015,2880,,failure,2124890
eCommerce-Kubernetes-Bedrock/jukebox/release,20230712190012,2881,,failure,2144156
eCommerce-Kubernetes-Bedrock/jukebox/release,20230713190018,2882,,failure,224268
eCommerce-Kubernetes-Bedrock/jukebox/release,20230714190016,2883,,failure,2096285
eCommerce-Kubernetes-Bedrock/jukebox/release,20230715190012,2884,,failure,2152122
eCommerce-Kubernetes-Bedrock/jukebox/release,20230716190013,2885,,failure,2149540
eCommerce-Kubernetes-Bedrock/jukebox/release,20230717034500,2886,,failure,78986
eCommerce-Kubernetes-Bedrock/testrail-chart/release,20230619033628,6,,success,35159
eCommerce-Kubernetes-Bedrock/testrail-chart/release,20230712212927,7,,success,24748
