eCommerce-DevOps/aem-edam-common-config/osm,20230926142916,34,,success,98929
eCommerce-DevOps/aem-edam-common-config/osm,20230928123733,35,,success,21217
eCommerce-DevOps/aem-edam-common-config/osm,20231004193458,36,,success,76587
eCommerce-DevOps/aem-edam-common-config/osm,20231004200839,37,,success,71730
eCommerce-DevOps/aem-edam-common-config/osm,20231004201048,38,,success,163517
eCommerce-DevOps/aem-edam-common-config/osm,20231004201712,39,,success,144273
eCommerce-DevOps/aem-edam-common-config/osm,20231004203815,40,,success,102085
eCommerce-DevOps/aem-edam-common-config/osm,20231005161348,41,,success,45225
eCommerce-DevOps/aem-edam-common-config/osm,20231006160611,42,,success,103265
eCommerce-DevOps/aem-edam-prd-config/osm,20231004201758,39,,success,279948
eCommerce-DevOps/aem-edam-prd-config/osm,20231004201845,40,,success,340872
eCommerce-DevOps/aem-edam-prd-config/osm,20231004202259,41,,success,282360
eCommerce-DevOps/aem-edam-prd-config/osm,20231004202421,42,,success,321452
eCommerce-DevOps/aem-edam-prd-config/osm,20231004202649,43,,success,354090
eCommerce-DevOps/aem-edam-prd-config/osm,20231004202738,44,,success,357802
eCommerce-DevOps/aem-edam-prd-config/osm,20231004203859,45,,success,351132
eCommerce-DevOps/aem-edam-prd-config/osm,20231004203945,46,,success,404562
eCommerce-DevOps/aem-edam-prd-config/osm,20231005154845,47,,success,353150
eCommerce-DevOps/aem-edam-prd-config/osm,20231005161431,48,,success,351396
eCommerce-DevOps/aem-edam-prd-config/osm,20231006160932,49,,success,412785
eCommerce-DevOps/ci-tools/master,20230920103718,20,,success,104809
eCommerce-DevOps/dockerfile-node14-ci/release,20230920121406,1,,failure,111685
eCommerce-DevOps/dockerfile-node18-ci/release,20230918172914,1,,failure,8738
eCommerce-DevOps/dockerfile-node18-ci/release,20230920084021,2,,success,196332
eCommerce-DevOps/dockerfile-node-ci/release,20230920132325,1,,success,28314
eCommerce-DevOps/edam-common-config/release,20230915105113,61,,success,126090
eCommerce-DevOps/edam-prd-config/release,20230913202007,79,,success,80975
eCommerce-DevOps/loyalty-batch-common-config/master,20230928165436,170,,success,75342
eCommerce-DevOps/loyalty-batch-common-config/master,20230928224251,171,,success,80125
eCommerce-DevOps/loyalty-batch-common-config/master,20230928224550,172,,success,50824
eCommerce-DevOps/loyalty-batch-common-config/master,20230928224707,173,,success,28865
eCommerce-DevOps/loyalty-batch-common-config/master,20230928225652,174,,success,25529
eCommerce-DevOps/loyalty-batch-common-config/master,20230928225804,175,,success,18744
eCommerce-DevOps/loyalty-batch-common-config/master,20230929052731,176,,success,22358
eCommerce-DevOps/loyalty-batch-common-config/master,20230929052839,177,,success,18429
eCommerce-DevOps/loyalty-batch-common-config/master,20230929063031,178,,success,185679
eCommerce-DevOps/loyalty-batch-common-config/master,20230929063141,179,,success,115147
eCommerce-DevOps/loyalty-batch-dev1-config/master,20230928170731,70,,success,87570
eCommerce-DevOps/loyalty-batch-perf-config/release,20230928170750,5,,success,131663
eCommerce-DevOps/loyalty-batch-qa1-config/master,20230914115441,390,,success,64205
eCommerce-DevOps/loyalty-batch-qa1-config/master,20230918100043,391,,success,61834
eCommerce-DevOps/loyalty-batch-qa1-config/master,20230922094927,392,,success,305027
eCommerce-DevOps/loyalty-batch-qa1-config/master,20230928163013,393,,success,166033
eCommerce-DevOps/loyalty-batch-qa1-config/master,20230928165519,394,,success,116610
eCommerce-DevOps/loyalty-batch-uat1-config/master,20230928170707,29,,success,89647
eCommerce-DevOps/loyalty-service-common-tomcat/master,20230922063058,9,,success,210334
eCommerce-DevOps/loyalty-service-common-tomcat/master,20230922063140,10,,success,225594
eCommerce-DevOps/loyalty-service-common-tomcat/master,20230922063406,11,,success,193097
eCommerce-DevOps/oauth-common-config/release,20230912110329,44,,success,206321
eCommerce-DevOps/oauth-common-config/release,20230912152424,45,,success,59365
eCommerce-DevOps/oauth-common-config/release,20230912152709,46,,success,72423
eCommerce-DevOps/oauth-common-config/release,20230913061741,47,,success,93859
eCommerce-DevOps/oauth-common-config/release,20230913065203,48,,success,76104
eCommerce-DevOps/oauth-common-config/release,20230913065319,49,,success,18666
eCommerce-DevOps/oauth-prdab-config/release,20230912105709,31,,success,139678
eCommerce-DevOps/oauth-prdab-config/release,20230912110342,32,,success,36362
eCommerce-DevOps/oauth-prdab-config/release,20230912152721,33,,success,64994
eCommerce-DevOps/oauth-prdab-config/release,20230913000831,34,,success,113486
eCommerce-DevOps/oauth-prdab-config/release,20230913022723,35,,success,108629
eCommerce-DevOps/oauth-prdab-config/release,20230913025543,36,,success,107134
eCommerce-DevOps/oauth-prdab-config/release,20230913065326,37,,success,107039
eCommerce-DevOps/oauth-prdrk-config/release,20230912105909,30,,success,87452
eCommerce-DevOps/oauth-prdrk-config/release,20230912110459,31,,success,68791
eCommerce-DevOps/oauth-prdrk-config/release,20230912152844,32,,success,21998
eCommerce-DevOps/oauth-prdrk-config/release,20230912234329,33,,success,75660
eCommerce-DevOps/oauth-prdrk-config/release,20230913015217,34,,success,85513
eCommerce-DevOps/oauth-prdrk-config/release,20230913022647,35,,success,77799
eCommerce-DevOps/oauth-prdrk-config/release,20230913065458,36,,success,30382
eCommerce-DevOps/oauth-uat-config/release,20230909191457,55,,success,85999
eCommerce-DevOps/oauth-uat-config/release,20230911105515,56,,success,125717
eCommerce-DevOps/oauth-uat-config/release,20230913012130,57,,success,95921
eCommerce-DevOps/oauth-uat-config/release,20230928051634,58,,success,219046
eCommerce-DevOps/oauth-uat-config/release,20230928053033,59,,success,85970
eCommerce-DevOps/oss-search-orchestrator-ca-prdsac-config/CHG164973,20230927185726,1,,success,30727
eCommerce-DevOps/oss-search-orchestrator-ca-prdsac-config/release,20230927212428,19,,success,99919
eCommerce-DevOps/oss-search-orchestrator-prdrk-config/CHG164973,20230927184118,1,,success,67422
eCommerce-DevOps/oss-search-orchestrator-prdrk-config/release,20230927212416,9,,success,97321
eCommerce-DevOps/oss-search-publisher-prdrk-config/release,20230914132459,5,,success,139710
eCommerce-DevOps/release-tools/release,20230913080813,378,,success,112226
eCommerce-DevOps/release-tools/release,20230913094646,379,,success,193346
eCommerce-DevOps/release-tools/release,20230913095307,380,,success,77089
eCommerce-DevOps/release-tools/release,20230913103307,381,,success,62656
eCommerce-DevOps/release-tools/release,20230913105159,382,,success,108526
eCommerce-DevOps/release-tools/release,20230918102950,383,,success,175575
eCommerce-DevOps/release-tools/release,20230922110216,387,,success,189069
eCommerce-DevOps/release-tools/release,20230922111233,388,,success,294911
eCommerce-DevOps/release-tools/release,20230922120236,389,,success,245531
eCommerce-DevOps/release-tools/release,20230922121423,390,,success,415230
eCommerce-DevOps/release-tools/release,20230922122948,391,,success,253862
eCommerce-DevOps/release-tools/release,20230922123619,392,,success,159376
eCommerce-DevOps/release-tools/release,20230922140633,393,,success,405594
eCommerce-DevOps/release-tools/release,20230922140719,394,,success,44713
eCommerce-DevOps/release-tools/release,20230922162452,395,,success,873365
eCommerce-DevOps/release-tools/release,20230922204844,396,,success,168819
eCommerce-DevOps/rundeck-tools/release,20230918103416,135,,failure,122369
eCommerce-DevOps/rundeck-tools/release,20230928172955,136,,failure,70264
eCommerce-DevOps/scm-tools/master,20230922081228,710,,success,254914
eCommerce-DevOps/scm-tools/master,20230922165129,711,,success,131089
eCommerce-DevOps/scm-tools/master,20230925131813,712,,success,121775
eCommerce-DevOps/scm-tools/master,20230926110804,713,,success,78443
eCommerce-DevOps/scm-tools/master,20230926110840,714,,success,85455
eCommerce-DevOps/scm-tools/master,20230928133045,715,,success,21172
eCommerce-DevOps/tahoe-ci-api/harbor,20230908121058,1023,,failure,9166
eCommerce-DevOps/tahoe-ci-api/harbor,20230908133232,1024,,failure,4543
eCommerce-DevOps/tahoe-ci-api/harbor,20230909052212,1025,,failure,4683
eCommerce-DevOps/tahoe-ci-api/harbor,20230909052237,1026,,failure,3314
eCommerce-DevOps/tahoe-ci-api/harbor,20230911034316,1027,,failure,4871
eCommerce-DevOps/tahoe-ci-api/harbor,20230911050413,1028,,failure,7346
eCommerce-DevOps/tahoe-ci-api/harbor,20230919012842,1029,,failure,6486
eCommerce-DevOps/tahoe-ci-api/harbor,20230919014549,1030,,failure,4372
eCommerce-DevOps/tahoe-ci-api/harbor,20230919014600,1031,,failure,3529
eCommerce-DevOps/tahoe-ci-api/harbor,20230919142137,1032,,failure,11005
eCommerce-DevOps/tahoe-ci-api/harbor,20230919142145,1033,,failure,8255
eCommerce-DevOps/tahoe-ci-api/harbor,20230919142154,1034,,failure,5646
eCommerce-DevOps/tahoe-ci-api/harbor,20230919160252,1035,,failure,7008
eCommerce-DevOps/tahoe-ci-api/harbor,20230920104032,1036,,failure,5475
eCommerce-DevOps/tahoe-ci-api/harbor,20230921025616,1037,,failure,5777
eCommerce-DevOps/tahoe-ci-api/harbor,20230921025623,1038,,failure,3886
eCommerce-DevOps/tahoe-ci-api/harbor,20230921054831,1039,,failure,7393
eCommerce-DevOps/tahoe-ci-api/harbor,20230921074230,1040,,failure,4509
eCommerce-DevOps/tahoe-ci-api/harbor,20230921090337,1041,,failure,6637
eCommerce-DevOps/tahoe-ci-api/harbor,20230921102852,1042,,failure,4960
eCommerce-DevOps/tahoe-ci-api/harbor,20230921102902,1043,,failure,6057
eCommerce-DevOps/tahoe-ci-api/harbor,20230926113323,1044,,failure,7430
eCommerce-DevOps/tahoe-ci-api/harbor,20230927021724,1045,,failure,9895
eCommerce-DevOps/tahoe-ci-api/harbor,20230927090048,1046,,failure,5248
eCommerce-DevOps/tahoe-ci-api/harbor,20230927090054,1047,,failure,3767
eCommerce-DevOps/tahoe-ci-api/harbor,20230928073841,1048,,failure,5657
eCommerce-DevOps/tahoe-ci-api/harbor,20230929032224,1049,,failure,5256
eCommerce-DevOps/tahoe-ci-api/master,20230908121058,1042,,failure,9741
eCommerce-DevOps/tahoe-ci-api/master,20230908133233,1043,,failure,4167
eCommerce-DevOps/tahoe-ci-api/master,20230908133242,1044,,failure,3264
eCommerce-DevOps/tahoe-ci-api/master,20230909052212,1045,,failure,4350
eCommerce-DevOps/tahoe-ci-api/master,20230909052237,1046,,failure,2842
eCommerce-DevOps/tahoe-ci-api/master,20230911034316,1047,,failure,4912
eCommerce-DevOps/tahoe-ci-api/master,20230911050415,1048,,failure,6471
eCommerce-DevOps/tahoe-ci-api/master,20230919012842,1049,,failure,6612
eCommerce-DevOps/tahoe-ci-api/master,20230919014550,1050,,failure,4636
eCommerce-DevOps/tahoe-ci-api/master,20230919014600,1051,,failure,3069
eCommerce-DevOps/tahoe-ci-api/master,20230919142139,1052,,failure,11239
eCommerce-DevOps/tahoe-ci-api/master,20230919142148,1053,,failure,5959
eCommerce-DevOps/tahoe-ci-api/master,20230919160252,1054,,failure,7698
eCommerce-DevOps/tahoe-ci-api/master,20230920104033,1055,,failure,5155
eCommerce-DevOps/tahoe-ci-api/master,20230921025615,1056,,failure,5129
eCommerce-DevOps/tahoe-ci-api/master,20230921025624,1057,,failure,4199
eCommerce-DevOps/tahoe-ci-api/master,20230921054831,1058,,failure,6801
eCommerce-DevOps/tahoe-ci-api/master,20230921074230,1059,,failure,5113
eCommerce-DevOps/tahoe-ci-api/master,20230921090337,1060,,failure,6147
eCommerce-DevOps/tahoe-ci-api/master,20230921102852,1061,,failure,5982
eCommerce-DevOps/tahoe-ci-api/master,20230921102900,1062,,failure,6228
eCommerce-DevOps/tahoe-ci-api/master,20230926113323,1063,,failure,7372
eCommerce-DevOps/tahoe-ci-api/master,20230927021724,1064,,failure,9872
eCommerce-DevOps/tahoe-ci-api/master,20230927090048,1065,,failure,4594
eCommerce-DevOps/tahoe-ci-api/master,20230928073841,1066,,failure,5286
eCommerce-DevOps/tahoe-ci-api/master,20230929032224,1067,,failure,6105
eCommerce-DevOps/toolchain-node-prd/release,20230912151213,11,,success,348861
eCommerce-DevOps/toolchain-node-qa/release,20230912152133,45,,failure,65807
eCommerce-DevOps/toolchain-node-qa/release,20230912152247,46,,success,563148
eCommerce-DevOps/toolchain-node-qa/release,20230925054321,47,,success,846286
eCommerce-DevOps/toolchain-resource-model/master,20230912153207,978,,success,180368
eCommerce-DevOps/toolchain-resource-model/master,20230915074934,979,,success,263896
eCommerce-DevOps/toolchain-resource-model/master,20230918092840,980,,failure,158175
eCommerce-DevOps/toolchain-resource-model/master,20230919062402,981,,success,250658
eCommerce-DevOps/toolchain-resource-model/master,20230919070951,982,,success,154009
eCommerce-DevOps/toolchain-resource-model/master,20230919080250,983,,success,235545
eCommerce-DevOps/toolchain-resource-model/master,20230919151509,984,,success,184001
eCommerce-DevOps/toolchain-resource-model/master,20230921064108,985,,success,444488
eCommerce-DevOps/toolchain-resource-model/master,20230921093544,986,,success,307096
eCommerce-DevOps/toolchain-resource-model/master,20230921101609,987,,success,251577
eCommerce-DevOps/toolchain-resource-model-prd/release,20230915115335,4,,success,81267
eCommerce-DevOps/wsgc-apmagents/release,20230912111023,80,,success,241316
eCommerce-DevOps/wsgc-apmagents/release,20230912111441,81,,success,155304
eCommerce-DevOps/wsgc-apmagents/release,20230922121811,82,,success,357621
eCommerce-DevOps/wsgc-apmagents/release,20230922122422,83,,success,336587
eCommerce-DevOps/wsgc-apmagents/release,20230927090843,84,,success,335112
eCommerce-DevOps/wsgc-apmagents/release,20230927091431,85,,success,287919
eCommerce-DevOps/wsgc-apmagents/release,20230927091558,86,,success,339766
eCommerce-DevOps/wsgc-apmagents/release,20230927091849,87,,success,360630
eCommerce-DevOps/wsgc-apmagents/release,20230927092856,88,,success,204283
eCommerce-DevOps/wsgc-devops-application/mead-43442,20230913081504,1,,success,101969
eCommerce-DevOps/wsgc-devops-application/release,20230913102529,3,,success,77119
