eCommerce-Kalanka/dp-baselogic/CAN-247,20230911022907,23,,unstable,2635290
eCommerce-Kalanka/dp-baselogic/CAN-247,20230911023105,24,,unstable,2671542
eCommerce-Kalanka/ecom-app-registry/GMTPUAT-1537,20230915033402,1,,success,704262
eCommerce-Kalanka/ecom-app-registry/kal-release-6.2.x,20230926104440,1,,success,1429566
eCommerce-Kalanka/ecom-app-registry/kal-release-6.2.x,20230926110223,2,,failure,363694
eCommerce-Kalanka/ecom-app-registry/kal-release-6.2.x,20230926110611,3,,failure,6925
eCommerce-Kalanka/ecom-app-registry/kal-release-6.2.x,20230926225023,4,,success,482582
eCommerce-Kalanka/ecom-app-registry/PM-17826,20230910231028,1,,success,606407
eCommerce-Kalanka/ecom-app-registry/PM-17826,20230911000944,2,,success,641923
eCommerce-Kalanka/ecom-app-registry/PM-17826,20230911003136,3,,success,488456
eCommerce-Kalanka/ecom-app-registry/PM-17826,20230912010247,4,,success,764858
eCommerce-Kalanka/ecom-app-registry/PM-17826,20230912010827,5,,success,734329
eCommerce-Kalanka/ecom-app-registry/PM-17826,20230912231010,6,,success,564690
eCommerce-Kalanka/ecom-app-registry/PM-17826,20230912231139,7,,success,555928
eCommerce-Kalanka/ecom-app-registry/PM-17826,20230913115629,8,,success,675815
eCommerce-Kalanka/ecom-app-registry/PM-17826,20230913120434,9,,success,672312
eCommerce-Kalanka/ecom-app-registry/RM-37394,20230917212903,1,,success,477627
eCommerce-Kalanka/ecom-app-registry/RM-37394,20230917213755,2,,success,429008
eCommerce-Kalanka/ecom-app-registry/RM-37394,20230917214056,3,,failure,6089
eCommerce-Kalanka/ecom-app-registry/RM-37394,20230917214402,4,,success,690134
eCommerce-Kalanka/ecom-app-registry/RM-37394,20230919232919,5,,success,500588
eCommerce-Kalanka/ecom-app-registry/RM-37394,20230920234526,6,,success,724059
eCommerce-Kalanka/ecom-app-registry/RM-37394,20230921101510,7,,success,441797
eCommerce-Kalanka/ecom-app-registry/RM-37394,20230922103546,8,,success,2227716
eCommerce-Kalanka/ecom-app-registry/RM-37394,20230922104147,9,,success,1825940
eCommerce-Kalanka/ecom-app-registry/RM-37394,20230922104534,10,,failure,18583
eCommerce-Kalanka/ecom-app-registry/RM-37394,20230922104822,11,,failure,698756
eCommerce-Kalanka/ecom-app-registry/RM-37394,20230926102423,12,,success,726900
eCommerce-Kalanka/ecom-app-registry/RM-37394,20230926102950,13,,success,526286
eCommerce-Kalanka/ecom-app-registry/RM-37394,20230928221850,14,,success,474664
eCommerce-Kalanka/ecom-app-registry/shasta-dev,20230927224516,1,,failure,234549
eCommerce-Kalanka/ecom-app-registry/shasta-dev,20230927225114,2,,success,474728
eCommerce-Kalanka/ecom-app-registry/shasta-dev,20230927225726,3,,failure,10598
eCommerce-Kalanka/ecom-app-registry/shasta-dev,20230927230213,4,,failure,225801
eCommerce-Kalanka/ecom-app-registry/shasta-dev,20230927230531,5,,failure,361918
eCommerce-Kalanka/ecom-app-registry/shasta-dev,20230927231346,6,,failure,452492
eCommerce-Kalanka/ecom-app-registry/shasta-dev-backup,20230927225913,1,,failure,1299646
eCommerce-Kalanka/ecom-svc-customer/RM-37394,20230915001127,1,,failure,905496
eCommerce-Kalanka/ecom-svc-customer/RM-37394,20230915005040,2,,success,2048757
eCommerce-Kalanka/ecom-svc-registry/can-email-domain,20230911003752,15,,success,279086
eCommerce-Kalanka/registry-admin/GMTPUAT-1456,20230911050951,4,,success,576062
eCommerce-Kalanka/registry-admin/GMTPUAT-1456,20230911051453,5,,failure,94748
eCommerce-Kalanka/registry-admin/GMTPUAT-1456,20230911051919,6,,success,668817
eCommerce-Kalanka/vue-component-ecom-create-registry/kal-release-6.2.x,20230926230235,1,,success,348411
eCommerce-Kalanka/vue-component-ecom-create-registry/kal-release-6.2.x,20230927001636,2,,success,658733
eCommerce-Kalanka/vue-component-ecom-create-registry/RM-37394,20230917205754,1,,success,384739
eCommerce-Kalanka/vue-component-ecom-create-registry/RM-37394,20230919234325,2,,success,400126
eCommerce-Kalanka/vue-component-ecom-create-registry/RM-37394,20230919234619,3,,success,298039
eCommerce-Kalanka/vue-component-ecom-create-registry/RM-37394,20230920002146,4,,success,470617
eCommerce-Kalanka/vue-component-ecom-create-registry/RM-37394,20230920002219,5,,success,319736
eCommerce-Kalanka/vue-component-ecom-create-registry/RM-37394,20230920015658,6,,success,348830
eCommerce-Kalanka/vue-component-ecom-create-registry/RM-37394,20230920015726,7,,success,327554
eCommerce-Kalanka/vue-component-ecom-create-registry/RM-37394,20230920121741,8,,success,437780
eCommerce-Kalanka/vue-component-ecom-create-registry/RM-37394,20230920131037,9,,failure,146898
eCommerce-Kalanka/vue-component-ecom-create-registry/RM-37394,20230920131705,10,,failure,218772
eCommerce-Kalanka/vue-component-ecom-create-registry/RM-37394,20230920222549,11,,success,515995
eCommerce-Kalanka/vue-component-ecom-create-registry/RM-37394,20230922054749,19,,failure,204114
eCommerce-Kalanka/vue-component-ecom-create-registry/RM-37394,20230922055434,20,,failure,41867
eCommerce-Kalanka/vue-component-ecom-create-registry/RM-37394,20230922055621,21,,failure,42797
eCommerce-Kalanka/vue-component-ecom-create-registry/RM-37394,20230922060022,22,,failure,27927
eCommerce-Kalanka/vue-component-ecom-create-registry/RM-37394,20230922060137,23,,failure,26209
eCommerce-Kalanka/vue-component-ecom-create-registry/RM-37394,20230922060348,24,,failure,32582
eCommerce-Kalanka/vue-component-ecom-create-registry/RM-37394,20230922061658,25,,failure,44993
eCommerce-Kalanka/vue-component-ecom-create-registry/RM-37394,20230922062624,26,,success,382631
eCommerce-Kalanka/vue-component-ecom-create-registry/RM-37394,20230922084600,27,,failure,83737
eCommerce-Kalanka/vue-component-ecom-create-registry/RM-37394,20230922085023,28,,success,786217
eCommerce-Kalanka/vue-component-ecom-create-registry/RM-37394,20230926022231,29,,unstable,359461
eCommerce-Kalanka/vue-component-ecom-create-registry/RM-37394,20230926022418,30,,unstable,366089
eCommerce-Kalanka/vue-component-ecom-create-registry/RM-37394,20230926032033,31,,success,560557
eCommerce-Kalanka/vue-component-ecom-create-registry/RM-37394,20230926225142,32,,success,380120
