eCommerce-Denali/dp-baselogic/denali-wrk-191104,20230915123255,340,,success,2582119
eCommerce-Denali/dp-baselogic/denali-wrk-191104,20230927014047,341,,success,2785708
eCommerce-Denali/dp-baselogic/denali-wrk-191104,20230928140718,342,,success,2632791
eCommerce-Denali/dp-baselogic/denali-wrk-191104,20231006221046,343,,success,2528617
eCommerce-Denali/dp-baselogic/INC003061016,20231006192017,1,,success,2667245
eCommerce-Denali/dp-baselogic/INC003061016-Dev,20231006192114,1,,success,2795521
eCommerce-Denali/dp-baselogic/INC003061016-Dev,20231006192816,2,,success,2646023
eCommerce-Denali/dp-baselogic/INC003061016-Dev,20231006210049,3,,success,2908747
eCommerce-Denali/dp-sites/denali-wrk-191104,20230915132228,323,,success,3761888
eCommerce-Denali/dp-sites/denali-wrk-191104,20230927025008,324,,success,5135513
eCommerce-Denali/dp-sites/denali-wrk-191104,20231006225345,325,,success,3435249
eCommerce-Denali/ecom-app-global/develop,20230913093655,289,,success,937132
eCommerce-Denali/ecom-app-global/develop,20230919135844,290,,success,3601714
eCommerce-Denali/ecom-app-global/develop,20230925092126,291,,success,1165361
eCommerce-Denali/ecom-app-global/develop,20230927133952,292,,success,876285
eCommerce-Denali/ecom-app-global/develop,20231004105227,293,,success,629271
eCommerce-Denali/ecom-app-global/search-mfe,20230913093718,359,,success,1005581
eCommerce-Denali/ecom-app-global/search-mfe,20230919135856,360,,success,1479756
eCommerce-Denali/ecom-app-global/search-mfe,20230919152348,361,,failure,1689454
eCommerce-Denali/ecom-app-global/search-mfe,20230919160148,362,,failure,830667
eCommerce-Denali/ecom-app-global/search-mfe,20230919163933,363,,failure,85991
eCommerce-Denali/ecom-app-global/search-mfe,20230919180605,364,,success,1000391
eCommerce-Denali/ecom-app-global/search-mfe,20230925092132,365,,success,551556
eCommerce-Denali/ecom-app-global/search-mfe,20230927134003,366,,success,789621
eCommerce-Denali/ecom-app-global/search-mfe,20231004105234,367,,success,656758
eCommerce-Denali/ecom-app-shop/DENALI-7337,20230911115506,1,,failure,818549
eCommerce-Denali/ecom-app-shop/DENALI-7337,20230911115542,2,,failure,791907
eCommerce-Denali/ecom-app-shop/DENALI-7337,20230911122902,3,,success,1729881
eCommerce-Denali/ecom-app-shop/DENALI-7337,20230912090837,4,,success,1900781
eCommerce-Denali/ecom-app-shop/DENALI-7337,20230913140056,5,,failure,61731
eCommerce-Denali/ecom-app-shop/DENALI-7337,20230913140752,6,,failure,93626
eCommerce-Denali/ecom-app-shop/DENALI-7337,20230913141012,7,,success,1823252
eCommerce-Denali/ecom-app-shop/develop,20230911085252,1213,,success,2365536
eCommerce-Denali/ecom-app-shop/develop,20230913093411,1214,,success,1585507
eCommerce-Denali/ecom-app-shop/develop,20230913105853,1215,,success,1730973
eCommerce-Denali/ecom-app-shop/develop,20230913125338,1216,,success,1783430
eCommerce-Denali/ecom-app-shop/develop,20230913142118,1217,,success,1597161
eCommerce-Denali/ecom-app-shop/develop,20230914142928,1218,,failure,2581207
eCommerce-Denali/ecom-app-shop/develop,20230915083507,1219,,success,1688707
eCommerce-Denali/ecom-app-shop/develop,20230915122656,1220,,success,1633536
eCommerce-Denali/ecom-app-shop/develop,20230915143218,1221,,success,2173572
eCommerce-Denali/ecom-app-shop/develop,20230918093410,1222,,success,1875989
eCommerce-Denali/ecom-app-shop/develop,20230919123258,1223,,failure,108574
eCommerce-Denali/ecom-app-shop/develop,20230919124939,1224,,success,2715774
eCommerce-Denali/ecom-app-shop/develop,20230919153027,1225,,failure,1995149
eCommerce-Denali/ecom-app-shop/develop,20230919164135,1226,,failure,225988
eCommerce-Denali/ecom-app-shop/develop,20230919192217,1227,,success,2147151
eCommerce-Denali/ecom-app-shop/develop,20230921022819,1228,,success,9350697
eCommerce-Denali/ecom-app-shop/develop,20230921023409,1229,,success,3943580
eCommerce-Denali/ecom-app-shop/develop,20230921100100,1230,,success,5068743
eCommerce-Denali/ecom-app-shop/develop,20230921101433,1231,,success,2961163
eCommerce-Denali/ecom-app-shop/develop,20230921163241,1232,,success,1596856
eCommerce-Denali/ecom-app-shop/develop,20230925092117,1233,,success,1996552
eCommerce-Denali/ecom-app-shop/develop,20230925125640,1234,,failure,1253126
eCommerce-Denali/ecom-app-shop/develop,20230926101624,1235,,success,1547514
eCommerce-Denali/ecom-app-shop/develop,20230926134223,1236,,success,1490414
eCommerce-Denali/ecom-app-shop/develop,20230927091905,1237,,success,1184095
eCommerce-Denali/ecom-app-shop/develop,20230927091959,1238,,success,1171167
eCommerce-Denali/ecom-app-shop/develop,20230927102706,1239,,success,1758332
eCommerce-Denali/ecom-app-shop/develop,20230927133851,1240,,success,1537195
eCommerce-Denali/ecom-app-shop/develop,20230928140453,1241,,success,1430363
eCommerce-Denali/ecom-app-shop/develop,20230929083205,1242,,success,1399149
eCommerce-Denali/ecom-app-shop/develop,20231002103247,1243,,success,1146668
eCommerce-Denali/ecom-app-shop/develop,20231004104933,1244,,success,1169258
eCommerce-Denali/ecom-app-shop/develop,20231004115939,1245,,success,1417587
eCommerce-Denali/ecom-app-shop/develop,20231005145442,1246,,success,1647431
eCommerce-Denali/ecom-app-shop/develop,20231006100821,1247,,success,1283751
eCommerce-Denali/ecom-app-shop/PM-16139,20230921102241,1,,failure,807984
eCommerce-Denali/ecom-app-shop/PM-16139,20230922105524,2,,failure,1267319
eCommerce-Denali/ecom-app-shop/PM-16139,20230926175253,3,,failure,1213118
eCommerce-Denali/ecom-app-shop/PM-16139,20230926175934,4,,failure,824747
eCommerce-Denali/ecom-app-shop/PM-16139,20230926181146,5,,failure,929016
eCommerce-Denali/ecom-app-shop/PM-16139,20230926181340,6,,failure,741932
eCommerce-Denali/ecom-app-shop/PM-16139,20230928091138,7,,failure,998050
eCommerce-Denali/ecom-app-shop/PM-16139,20230928091218,8,,failure,628996
eCommerce-Denali/ecom-app-shop/PM-16139,20230928130912,9,,failure,627874
eCommerce-Denali/ecom-app-shop/PM-16139,20230928132314,10,,success,1273799
eCommerce-Denali/ecom-app-shop/PM-16139,20230928144714,11,,success,1096092
eCommerce-Denali/ecom-app-shop/PM-16139,20230929102340,12,,unstable,1228255
eCommerce-Denali/ecom-app-shop/PM-16139,20230929102409,13,,unstable,1313086
eCommerce-Denali/ecom-app-shop/PM-16139,20230929153840,14,,success,1261795
eCommerce-Denali/ecom-app-shop/PM-16139,20231003150055,15,,success,1704577
eCommerce-Denali/ecom-app-shop/PM-16139,20231003150155,16,,success,1825169
eCommerce-Denali/ecom-app-shop/PM-16139,20231003173643,17,,success,1151517
eCommerce-Denali/ecom-app-shop/PM-16139,20231003173715,18,,success,1391056
eCommerce-Denali/ecom-app-shop/PM-16139,20231004122433,19,,success,1260871
eCommerce-Denali/ecom-app-shop/PM-16139,20231004122518,20,,success,1486706
eCommerce-Denali/ecom-app-shop/PM-17899,20231005145718,1,,success,1615469
eCommerce-Denali/ecom-app-shop/PM-17899,20231006100928,2,,success,1413947
eCommerce-Denali/ecom-app-shop/PM-17899,20231006105705,3,,success,1195384
eCommerce-Denali/ecom-app-shop/PM-17954-image,20230913091355,1,,success,2139726
eCommerce-Denali/ecom-app-shop/PM-18039,20230913123538,1,,success,1611656
eCommerce-Denali/ecom-app-shop/PM-18039-R1,20230921103918,1,,failure,776430
eCommerce-Denali/ecom-app-shop/PM-18039-R1,20230921104104,2,,failure,662201
eCommerce-Denali/ecom-app-shop/PM-18039-R1,20230921104419,3,,failure,557891
eCommerce-Denali/ecom-app-shop/PM-18039-R1,20230921104913,4,,success,1557354
eCommerce-Denali/ecom-app-shop/PM-18039-R1,20230921105255,5,,success,1545443
eCommerce-Denali/ecom-app-shop/PM-18039-R1,20230921110912,6,,success,1302950
eCommerce-Denali/ecom-app-shop/PM-18039-R1,20230921122112,7,,success,1545019
eCommerce-Denali/ecom-app-shop/PM-18039-R,20230915111010,1,,success,1576922
eCommerce-Denali/ecom-app-shop/PM-18039-R,20230915155217,2,,success,1758046
eCommerce-Denali/ecom-app-shop/PM-18039-R,20230915155343,3,,failure,65644
eCommerce-Denali/ecom-app-shop/PM-18039-R,20230915155502,4,,success,1775035
eCommerce-Denali/ecom-app-shop/PM-18039-R,20230915174829,5,,success,2370603
eCommerce-Denali/ecom-app-shop/PM-18039-R,20230919101624,16,,success,2310641
eCommerce-Denali/ecom-app-shop/PM-18039-R,20230919115352,17,,failure,1523666
eCommerce-Denali/ecom-app-shop/PM-18039-R,20230919115600,18,,success,3280014
eCommerce-Denali/ecom-app-shop/PM-18039-R,20230919132933,19,,success,5723473
eCommerce-Denali/ecom-app-shop/PM-18039-R,20230919134010,20,,success,6363298
eCommerce-Denali/ecom-app-shop/PM-18039-R,20230919140318,21,,failure,729524
eCommerce-Denali/ecom-app-shop/PM-18039-R,20230919140426,22,,failure,213481
eCommerce-Denali/ecom-app-shop/PM-18039-R,20230919140455,23,,failure,106376
eCommerce-Denali/ecom-app-shop/PM-18039-R,20230919140705,24,,success,5207962
eCommerce-Denali/ecom-app-shop/PM-18039-R,20230919144746,25,,success,3543273
eCommerce-Denali/ecom-app-shop/PM-18053,20230920123508,1,,success,2581571
eCommerce-Denali/ecom-app-shop/PM-18053,20230921075834,2,,failure,1034037
eCommerce-Denali/ecom-app-shop/PM-18053,20230921082359,3,,success,3070105
eCommerce-Denali/ecom-app-shop/PM-18053-vis-nav,20230925121228,1,,success,1551492
eCommerce-Denali/ecom-app-shop/PM-18053-vis-nav,20230925133019,2,,success,1476331
eCommerce-Denali/ecom-app-shop/PM-18053-vis-nav,20230925133921,3,,success,1324084
eCommerce-Denali/ecom-app-shop/PM-18053-vis-nav,20230926092046,4,,success,2124313
eCommerce-Denali/ecom-app-shop/PM-18102,20230922105732,1,,failure,815189
eCommerce-Denali/ecom-app-shop/PM-18102,20230922115217,2,,failure,902489
eCommerce-Denali/ecom-app-shop/PM-18102,20230922124840,3,,failure,883231
eCommerce-Denali/ecom-app-shop/PM-18102,20230922133232,4,,success,3032196
eCommerce-Denali/ecom-app-shop/PM-18102-campaign,20230926121235,1,,success,1604576
eCommerce-Denali/ecom-app-shop/PM-18137,20230922105747,1,,failure,887544
eCommerce-Denali/ecom-app-shop/PM-18137,20230922105930,2,,failure,755154
eCommerce-Denali/ecom-app-shop/PM-18137,20230922112307,3,,failure,903822
eCommerce-Denali/ecom-app-shop/PM-18137,20230922115618,4,,failure,1646591
eCommerce-Denali/ecom-app-shop/PM-18137,20230922132148,5,,success,1393892
eCommerce-Denali/ecom-app-shop/PM-18137-R,20230922140556,1,,success,1294629
eCommerce-Denali/ecom-app-shop/PM-18137-R,20230922145246,2,,failure,698219
eCommerce-Denali/ecom-app-shop/PM-18197,20231005145632,1,,success,1629590
eCommerce-Denali/ecom-app-shop/PM-18240,20231005131539,1,,success,1388719
eCommerce-Denali/ecom-app-shop/PM-18240-R,20231005152831,1,,success,1132598
eCommerce-Denali/ecom-app-shop/PM-18240-R,20231005170754,2,,success,3094635
eCommerce-Denali/ecom-app-shop/PM-18240-R,20231005183641,3,,success,1559425
eCommerce-Denali/ecom-app-shop/search-mfe,20230908085611,1073,,success,1951503
eCommerce-Denali/ecom-app-shop/search-mfe,20230908122814,1074,,success,1670863
eCommerce-Denali/ecom-app-shop/search-mfe,20230911085302,1075,,success,1509579
eCommerce-Denali/ecom-app-shop/search-mfe,20230912104738,1076,,success,1568780
eCommerce-Denali/ecom-app-shop/search-mfe,20230913093555,1077,,success,1713181
eCommerce-Denali/ecom-app-shop/search-mfe,20230913105906,1078,,success,1619422
eCommerce-Denali/ecom-app-shop/search-mfe,20230913150248,1079,,success,1683124
eCommerce-Denali/ecom-app-shop/search-mfe,20230914142941,1080,,success,2339121
eCommerce-Denali/ecom-app-shop/search-mfe,20230915122305,1081,,success,1554931
eCommerce-Denali/ecom-app-shop/search-mfe,20230915143226,1082,,success,1737170
eCommerce-Denali/ecom-app-shop/search-mfe,20230915162904,1083,,success,1752481
eCommerce-Denali/ecom-app-shop/search-mfe,20230915183113,1084,,success,1551919
eCommerce-Denali/ecom-app-shop/search-mfe,20230919123549,1088,,failure,94403
eCommerce-Denali/ecom-app-shop/search-mfe,20230919124351,1089,,failure,360715
eCommerce-Denali/ecom-app-shop/search-mfe,20230919125714,1090,,success,2003580
eCommerce-Denali/ecom-app-shop/search-mfe,20230919152057,1091,,failure,1799306
eCommerce-Denali/ecom-app-shop/search-mfe,20230919160104,1092,,failure,955025
eCommerce-Denali/ecom-app-shop/search-mfe,20230919164104,1093,,success,2287609
eCommerce-Denali/ecom-app-shop/search-mfe,20230919165510,1094,,failure,88414
eCommerce-Denali/ecom-app-shop/search-mfe,20230919180708,1095,,failure,110896
eCommerce-Denali/ecom-app-shop/search-mfe,20230919182445,1096,,success,1428087
eCommerce-Denali/ecom-app-shop/search-mfe,20230919192610,1097,,failure,1348267
eCommerce-Denali/ecom-app-shop/search-mfe,20230920073225,1098,,failure,525131
eCommerce-Denali/ecom-app-shop/search-mfe,20230920074204,1099,,success,1717207
eCommerce-Denali/ecom-app-shop/search-mfe,20230920081544,1100,,success,2615255
eCommerce-Denali/ecom-app-shop/search-mfe,20230921092437,1101,,success,3240333
eCommerce-Denali/ecom-app-shop/search-mfe,20230922142900,1102,,success,3403280
eCommerce-Denali/ecom-app-shop/search-mfe,20230922150515,1103,,failure,655527
eCommerce-Denali/ecom-app-shop/search-mfe,20230922150711,1104,,failure,1608951
eCommerce-Denali/ecom-app-shop/search-mfe,20230922161502,1105,,failure,2106104
eCommerce-Denali/ecom-app-shop/search-mfe,20230925092040,1106,,failure,479868
eCommerce-Denali/ecom-app-shop/search-mfe,20230925093330,1107,,success,1184943
eCommerce-Denali/ecom-app-shop/search-mfe,20230925095417,1108,,success,1254593
eCommerce-Denali/ecom-app-shop/search-mfe,20230925125649,1109,,success,1127650
eCommerce-Denali/ecom-app-shop/search-mfe,20230926101638,1110,,success,1733126
eCommerce-Denali/ecom-app-shop/search-mfe,20230926134230,1111,,success,1354975
eCommerce-Denali/ecom-app-shop/search-mfe,20230927091914,1112,,success,998389
eCommerce-Denali/ecom-app-shop/search-mfe,20230927102716,1113,,success,1116060
eCommerce-Denali/ecom-app-shop/search-mfe,20230927133908,1114,,success,1579474
eCommerce-Denali/ecom-app-shop/search-mfe,20230928140504,1115,,failure,808880
eCommerce-Denali/ecom-app-shop/search-mfe,20230929083217,1116,,success,1239562
eCommerce-Denali/ecom-app-shop/search-mfe,20231002090412,1117,,success,1364273
eCommerce-Denali/ecom-app-shop/search-mfe,20231002103157,1118,,success,1268799
eCommerce-Denali/ecom-app-shop/search-mfe,20231002103308,1119,,success,1239219
eCommerce-Denali/ecom-app-shop/search-mfe,20231003153334,1120,,success,1284615
eCommerce-Denali/ecom-app-shop/search-mfe,20231003181048,1121,,success,1496356
eCommerce-Denali/ecom-app-shop/search-mfe,20231004104351,1122,,success,1177756
eCommerce-Denali/ecom-app-shop/search-mfe,20231004104946,1123,,success,1336781
eCommerce-Denali/ecom-app-shop/search-mfe,20231004115952,1124,,success,1238610
eCommerce-Denali/ecom-app-shop/search-mfe,20231004125125,1125,,success,1106629
eCommerce-Denali/ecom-app-shop/search-mfe,20231005134652,1126,,success,1305135
eCommerce-Denali/ecom-app-shop/search-mfe,20231005145459,1127,,success,1499059
eCommerce-Denali/ecom-app-shop/search-mfe,20231006100827,1128,,success,1344619
eCommerce-Denali/ecom-app-shop/split-pip,20230922105627,23,,success,2245580
eCommerce-Denali/ecom-app-shop/split-pip,20230922121827,24,,failure,935053
eCommerce-Denali/ecom-app-shop/split-pip,20230922132311,25,,success,1473890
eCommerce-Denali/ecom-svc-catalog/adding-sub-groups-wrk,20230925041756,1,,success,1309823
eCommerce-Denali/ecom-svc-catalog/adding-sub-groups-wrk,20230925042327,2,,success,1217045
eCommerce-Denali/ecom-svc-catalog/DENALI-7261,20230912152746,1,,success,583476
eCommerce-Denali/ecom-svc-catalog/DENALI-7261,20230912153239,2,,success,588851
eCommerce-Denali/ecom-svc-catalog/DENALI-7284-1,20230914052305,5,,success,648737
eCommerce-Denali/ecom-svc-catalog/DENALI-7284-1,20231003230515,6,,success,691627
eCommerce-Denali/ecom-svc-catalog/DENALI-7284-1,20231003230835,7,,success,621932
eCommerce-Denali/ecom-svc-catalog/DENALI-7284,20230911021819,31,,success,578528
eCommerce-Denali/ecom-svc-catalog/DENALI-7284,20230914051629,32,,success,832655
eCommerce-Denali/ecom-svc-catalog/DENALI-7284,20230925043406,33,,success,1159516
eCommerce-Denali/ecom-svc-catalog/DENALI-7284,20230925045046,34,,failure,366485
eCommerce-Denali/ecom-svc-catalog/DENALI-7284,20230925050332,35,,success,1071858
eCommerce-Denali/ecom-svc-catalog/DENALI-7284,20230928015036,36,,failure,2241110
eCommerce-Denali/ecom-svc-catalog/DENALI-7284,20230928025227,37,,success,738645
eCommerce-Denali/ecom-svc-catalog/DENALI-7284,20230928025330,38,,success,959893
eCommerce-Denali/ecom-svc-catalog/DENALI-7284,20230928034845,39,,aborted,206259011
eCommerce-Denali/ecom-svc-catalog/DENALI-7293,20230920104903,1,,success,544620
eCommerce-Denali/ecom-svc-catalog/DENALI-7293-develop,20230920104832,1,,failure,317143
eCommerce-Denali/ecom-svc-catalog/DENALI-7293-develop,20230920110219,2,,failure,275586
eCommerce-Denali/ecom-svc-catalog/DENALI-7293-develop,20230920130616,3,,success,770384
eCommerce-Denali/ecom-svc-catalog/DENALI-7293-develop,20230920150015,4,,success,694387
eCommerce-Denali/ecom-svc-catalog/DENALI-7293-develop,20230926135316,5,,unstable,705832
eCommerce-Denali/ecom-svc-catalog/DENALI-7293-develop,20230926163500,6,,failure,346897
eCommerce-Denali/ecom-svc-catalog/DENALI-7293-develop,20230928160531,7,,failure,139083
eCommerce-Denali/ecom-svc-catalog/DENALI-7293-develop,20230928161736,8,,unstable,663336
eCommerce-Denali/ecom-svc-catalog/DENALI-7293-develop,20230929143027,9,,unstable,678831
eCommerce-Denali/ecom-svc-catalog/DENALI-7293-develop,20231002091908,10,,unstable,603843
eCommerce-Denali/ecom-svc-catalog/DENALI-7293-develop,20231002093342,11,,unstable,511834
eCommerce-Denali/ecom-svc-catalog/DENALI-7293-develop,20231002150908,12,,unstable,723899
eCommerce-Denali/ecom-svc-catalog/DENALI-7293-develop,20231002151636,13,,unstable,610990
eCommerce-Denali/ecom-svc-catalog/DENALI-7293-develop,20231002161952,14,,unstable,611925
eCommerce-Denali/ecom-svc-catalog/DENALI-7293-develop,20231002162435,15,,unstable,535657
eCommerce-Denali/ecom-svc-catalog/DENALI-7293-develop,20231003094722,16,,unstable,528772
eCommerce-Denali/ecom-svc-catalog/DENALI-7293-develop,20231003130841,17,,unstable,513855
eCommerce-Denali/ecom-svc-catalog/DENALI-7293-develop,20231003143508,18,,unstable,565747
eCommerce-Denali/ecom-svc-catalog/DENALI-7293-develop,20231004121906,19,,unstable,566329
eCommerce-Denali/ecom-svc-catalog/DENALI-7293-develop,20231006110707,20,,unstable,598771
eCommerce-Denali/ecom-svc-catalog/DENALI-7350,20230914104636,3,,success,519559
eCommerce-Denali/ecom-svc-catalog/DENALI-7350,20230914110722,4,,success,533591
eCommerce-Denali/ecom-svc-catalog/DENALI-7351,20230913103805,2,,success,726709
eCommerce-Denali/ecom-svc-catalog/DENALI-7351,20230913152529,3,,unstable,572725
eCommerce-Denali/ecom-svc-catalog/DENALI-7351,20230913160650,4,,unstable,557654
eCommerce-Denali/ecom-svc-catalog/DENALI-7351,20230913170930,5,,success,652328
eCommerce-Denali/ecom-svc-catalog/DENALI-7351,20230913173043,6,,success,758439
eCommerce-Denali/ecom-svc-catalog/DENALI-7351,20230914011604,7,,success,652915
eCommerce-Denali/ecom-svc-catalog/DENALI-7351,20230914114737,8,,success,774578
eCommerce-Denali/ecom-svc-catalog/DENALI-7351,20230914135649,9,,failure,186750
eCommerce-Denali/ecom-svc-catalog/DENALI-7351,20230914140328,10,,success,514871
eCommerce-Denali/ecom-svc-catalog/DENALI-7351,20230914154008,11,,success,703655
eCommerce-Denali/ecom-svc-catalog/DENALI-7351-fix,20230914154705,1,,success,654782
eCommerce-Denali/ecom-svc-catalog/DENALI-7391,20230922150207,1,,failure,567296
eCommerce-Denali/ecom-svc-catalog/DENALI-7391,20230922152506,2,,failure,3020310
eCommerce-Denali/ecom-svc-catalog/DENALI-7391,20230922164522,3,,success,1103680
eCommerce-Denali/ecom-svc-catalog/DENALI-7391-fix-test,20230926180428,1,,success,545108
eCommerce-Denali/ecom-svc-catalog/DENALI-7395,20230928232541,1,,success,615612
eCommerce-Denali/ecom-svc-catalog/DENALI-7395,20230929001504,2,,success,558699
eCommerce-Denali/ecom-svc-catalog/DENALI-7397,20231004202215,1,,success,592052
eCommerce-Denali/ecom-svc-catalog/DENALI-7397,20231006170806,2,,failure,295676
eCommerce-Denali/ecom-svc-catalog/denali-collections-work,20231004201922,1,,success,520176
eCommerce-Denali/ecom-svc-catalog/denali-dynamic-shop-path-wrk,20230928151303,1,,success,496916
eCommerce-Denali/ecom-svc-catalog/denali-dynamic-shop-path-wrk,20230929180112,2,,unstable,765624
eCommerce-Denali/ecom-svc-catalog/denali-split-pip-wrk,20230913110606,34,,success,610933
eCommerce-Denali/ecom-svc-catalog/denali-split-pip-wrk,20230914145057,35,,success,708507
eCommerce-Denali/ecom-svc-catalog/denali-split-pip-wrk,20230914160032,36,,success,709135
eCommerce-Denali/ecom-svc-catalog/denali-split-pip-wrk,20230918110122,37,,success,664890
eCommerce-Denali/ecom-svc-catalog/denali-split-pip-wrk,20230918110725,38,,success,506205
eCommerce-Denali/ecom-svc-catalog/denali-split-pip-wrk,20230918135433,39,,unstable,634147
eCommerce-Denali/ecom-svc-catalog/denali-split-pip-wrk,20230918140314,40,,success,649170
eCommerce-Denali/ecom-svc-catalog/denali-split-pip-wrk,20230918142028,41,,success,702293
eCommerce-Denali/ecom-svc-catalog/denali-split-pip-wrk,20230918153351,42,,failure,343724
eCommerce-Denali/ecom-svc-catalog/denali-split-pip-wrk,20230919132457,43,,success,553542
eCommerce-Denali/ecom-svc-catalog/denali-split-pip-wrk-copy,20230919134635,1,,success,727260
eCommerce-Denali/ecom-svc-catalog/develop,20230918032515,89,,success,1622332
eCommerce-Denali/ecom-svc-catalog/develop,20230919222321,90,,success,769838
eCommerce-Denali/ecom-svc-catalog/develop,20230921030412,91,,success,711069
eCommerce-Denali/ecom-svc-catalog/develop,20230924221443,92,,failure,380809
eCommerce-Denali/ecom-svc-catalog/develop,20230924222811,93,,failure,349294
eCommerce-Denali/ecom-svc-catalog/develop,20230924225150,94,,failure,449446
eCommerce-Denali/ecom-svc-catalog/develop,20230924231327,95,,failure,427876
eCommerce-Denali/ecom-svc-catalog/develop,20231003215852,96,,success,700372
eCommerce-Denali/ecom-svc-catalog/INC003061016,20231006170046,1,,success,572681
eCommerce-Denali/ecom-svc-catalog/PM-17435,20230917213141,1,,success,585495
eCommerce-Denali/ecom-svc-catalog/PM-17435,20230918032735,2,,unstable,968367
eCommerce-Denali/ecom-svc-catalog/PM-17435,20230918054343,3,,success,586345
eCommerce-Denali/ecom-svc-catalog/PM-17435,20230920053002,9,,unstable,780720
eCommerce-Denali/ecom-svc-catalog/PM-17435,20230920054638,10,,success,825695
eCommerce-Denali/ecom-svc-catalog/PM-17435,20230920054733,11,,success,952226
eCommerce-Denali/ecom-svc-catalog/PM-17435,20230921022840,12,,success,786399
eCommerce-Denali/ecom-svc-catalog/PM-17435,20230921024805,13,,success,1725321
eCommerce-Denali/ecom-svc-catalog/PM-17435,20230921024906,14,,success,684647
eCommerce-Denali/ecom-svc-catalog/PM-17435,20230921031111,15,,aborted,2687847
eCommerce-Denali/ecom-svc-catalog/PM-17435,20230921035651,16,,failure,1700648
eCommerce-Denali/ecom-svc-catalog/PM-17435,20230921071818,17,,success,526378
eCommerce-Denali/ecom-svc-catalog/PM-17435,20230921222708,18,,success,719488
eCommerce-Denali/ecom-svc-catalog/PM-17435,20230924222036,19,,failure,244209
eCommerce-Denali/ecom-svc-catalog/PM-17435,20230924222850,20,,failure,257279
eCommerce-Denali/ecom-svc-catalog/PM-17435,20230925012457,21,,success,772588
eCommerce-Denali/ecom-svc-catalog/PM-17435,20230926054014,22,,success,648000
eCommerce-Denali/ecom-svc-catalog/PM-17435,20230926222846,23,,success,867463
eCommerce-Denali/ecom-svc-catalog/PM-17435,20230929010327,24,,success,1012857
eCommerce-Denali/ecom-svc-catalog/PM-17435,20231002224458,25,,success,719814
eCommerce-Denali/ecom-svc-catalog/PM-17435,20231003221616,26,,success,693745
eCommerce-Denali/ecom-svc-catalog/PM-17435-BR,20231003220140,1,,success,646483
eCommerce-Denali/ecom-svc-catalog/PM-17435-BR,20231003221205,2,,success,698691
eCommerce-Denali/ecom-svc-catalog/PM-17435-BR,20231003221430,3,,success,659422
eCommerce-Denali/ecom-svc-catalog/PM-17435-BR,20231003223714,4,,unstable,632061
eCommerce-Denali/ecom-svc-catalog/PM-17435-BR,20231005092206,5,,success,592064
eCommerce-Denali/ecom-svc-catalog/PM-17435-BR,20231005092747,6,,success,540318
eCommerce-Denali/ecom-svc-catalog/PM-17435-BR,20231006040535,7,,success,655917
eCommerce-Denali/ecom-svc-catalog/PM-17574,20231003213226,3,,success,735490
eCommerce-Denali/ecom-svc-catalog/PM-17574,20231003214319,4,,success,667713
eCommerce-Denali/ecom-svc-catalog/PM-17574,20231004160605,5,,success,554312
eCommerce-Denali/ecom-svc-catalog/spli,20230911012914,1,,success,603564
eCommerce-Denali/ecom-svc-catalog-webapp/DENALI-7293-develop,20231006112530,1,,failure,93803
eCommerce-Denali/ecom-svc-catalog-webapp/DENALI-7293-develop,20231006112932,2,,failure,105653
eCommerce-Denali/ecom-svc-catalog-webapp/denali-dynamic-shop-path-wrk,20231006112426,1,,success,978107
eCommerce-Denali/ecom-svc-catalog-webapp/develop,20230924225958,162,,failure,555890
eCommerce-Denali/ecom-svc-catalog-webapp/develop,20231003231725,163,,failure,785675
eCommerce-Denali/ecom-svc-catalog-webapp/PM-17435,20230918055603,1,,failure,691050
eCommerce-Denali/ecom-svc-catalog-webapp/PM-17435,20230918060049,2,,failure,849690
eCommerce-Denali/ecom-svc-catalog-webapp/PM-17435,20230918062733,3,,failure,602085
eCommerce-Denali/ecom-svc-catalog-webapp/PM-17435,20230918071744,4,,failure,683983
eCommerce-Denali/ecom-svc-catalog-webapp/PM-17435,20230918073517,5,,failure,626407
eCommerce-Denali/ecom-svc-catalog-webapp/PM-17435,20230918104052,6,,failure,830655
eCommerce-Denali/ecom-svc-catalog-webapp/PM-17435,20230919221200,7,,success,1201137
eCommerce-Denali/ecom-svc-catalog-webapp/PM-17435,20230919221951,8,,success,1118863
eCommerce-Denali/ecom-svc-catalog-webapp/PM-17435,20230920011417,9,,failure,919226
eCommerce-Denali/ecom-svc-catalog-webapp/PM-17435,20230920013111,10,,success,892835
eCommerce-Denali/ecom-svc-catalog-webapp/PM-17435,20230920080210,11,,failure,1615629
eCommerce-Denali/ecom-svc-catalog-webapp/PM-17435,20230920083935,12,,success,985274
eCommerce-Denali/ecom-svc-catalog-webapp/PM-17435,20230921030203,13,,success,1180896
eCommerce-Denali/ecom-svc-catalog-webapp/PM-17435,20230921091438,14,,success,988531
eCommerce-Denali/ecom-svc-catalog-webapp/PM-17435,20230922090329,15,,failure,888325
eCommerce-Denali/ecom-svc-catalog-webapp/PM-17435,20230922091947,16,,success,902400
eCommerce-Denali/ecom-svc-catalog-webapp/PM-17435,20230924223456,17,,success,1248603
eCommerce-Denali/ecom-svc-catalog-webapp/PM-17435,20230925014958,18,,failure,1419733
eCommerce-Denali/ecom-svc-catalog-webapp/PM-17435,20230925021515,19,,failure,2040509
eCommerce-Denali/ecom-svc-catalog-webapp/PM-17435,20230925025036,20,,success,2277414
eCommerce-Denali/ecom-svc-catalog-webapp/PM-17435,20230926224513,21,,success,1012771
eCommerce-Denali/ecom-svc-catalog-webapp/PM-17435,20230929012221,22,,failure,870155
eCommerce-Denali/ecom-svc-catalog-webapp/PM-17435,20230929014346,23,,success,862436
eCommerce-Denali/ecom-svc-catalog-webapp/PM-17435,20231002225748,24,,failure,1065075
eCommerce-Denali/ecom-svc-catalog-webapp/PM-17435,20231002232127,25,,failure,1880830
eCommerce-Denali/ecom-svc-catalog-webapp/PM-17435,20231003010512,26,,success,1398921
eCommerce-Denali/ecom-svc-catalog-webapp/PM-17435-BR,20231005231859,1,,success,1282346
eCommerce-Denali/ecom-svc-catalog-webapp/PM-17435-BR,20231005232121,2,,success,954757
eCommerce-Denali/ecom-svc-catalog-webapp/PM-17435-BR,20231006041537,3,,failure,825601
eCommerce-Denali/ecom-svc-catalog-webapp/PM-17574,20231004162113,1,,success,853362
eCommerce-Denali/ecom-svc-catalog-webapp/PM-17574,20231004162622,2,,success,871858
eCommerce-Denali/feed-generator/DENALI-7261,20230909061811,1,,success,290399
eCommerce-Denali/feed-generator/DENALI-7261,20230912131130,2,,unstable,339067
eCommerce-Denali/feed-generator/DENALI-7261,20230912143943,3,,unstable,288119
eCommerce-Denali/feed-generator/DENALI-7261,20230912145457,4,,unstable,298072
eCommerce-Denali/feed-generator/DENALI-7261,20230912151923,5,,success,253174
eCommerce-Denali/feed-generator/DENALI-7261,20230913105834,6,,failure,89872
eCommerce-Denali/feed-generator/DENALI-7261,20230913110508,7,,success,283970
eCommerce-Denali/feed-generator/DENALI-7279,20230913131544,1,,success,293384
eCommerce-Denali/feed-generator/DENALI-7279,20230913152212,2,,success,305184
eCommerce-Denali/feed-generator/DENALI-7279,20230913153106,3,,failure,139289
eCommerce-Denali/feed-generator/DENALI-7279,20230913154708,4,,unstable,270658
eCommerce-Denali/feed-generator/DENALI-7279,20230913160913,5,,success,310792
eCommerce-Denali/feed-generator/DENALI-7279,20230914140432,6,,success,300072
eCommerce-Denali/feed-generator/DENALI-7279,20230915110527,7,,success,272595
eCommerce-Denali/feed-generator/DENALI-7279,20230919141327,8,,unstable,815977
eCommerce-Denali/feed-generator/DENALI-7279,20230919143436,9,,success,690855
eCommerce-Denali/feed-generator/DENALI-7279,20230919150651,10,,success,585244
eCommerce-Denali/feed-generator/DENALI-7293,20230927155807,1,,success,263258
eCommerce-Denali/feed-generator/DENALI-7293-develop,20230927162942,1,,failure,110196
eCommerce-Denali/feed-generator/DENALI-7293-develop,20230927164123,2,,failure,66620
eCommerce-Denali/feed-generator/DENALI-7293-develop,20230928161509,3,,failure,85592
eCommerce-Denali/feed-generator/DENALI-7293-develop,20231004142517,4,,failure,65359
eCommerce-Denali/feed-generator/DENALI-7293-develop,20231006113434,5,,failure,125479
eCommerce-Denali/feed-generator/DENALI-7331-1,20230912034953,1,,success,277613
eCommerce-Denali/feed-generator/DENALI-7331,20230908080353,1,,success,294854
eCommerce-Denali/feed-generator/DENALI-7331,20230908101354,2,,success,252611
eCommerce-Denali/feed-generator/DENALI-7331_Bedrock_PR,20231004014318,1,,success,288785
eCommerce-Denali/feed-generator/DENALI-7331_Bedrock_PR,20231004020918,2,,success,998369
eCommerce-Denali/feed-generator/DENALI-7331_Bedrock_PR,20231005235706,3,,success,356437
eCommerce-Denali/feed-generator/DENALI-7331_DcToHub,20230912071308,1,,failure,149641
eCommerce-Denali/feed-generator/DENALI-7331_DcToHub,20230912090806,2,,success,244322
eCommerce-Denali/feed-generator/DENALI-7331_DcToHub,20230921002035,3,,unstable,1219896
eCommerce-Denali/feed-generator/DENALI-7331_DcToHub,20230921004006,4,,unstable,418087
eCommerce-Denali/feed-generator/DENALI-7331_DcToHub,20230921010741,5,,unstable,1279908
eCommerce-Denali/feed-generator/DENALI-7331_DcToHub,20230921012922,6,,unstable,1128811
eCommerce-Denali/feed-generator/DENALI-7331_DcToHub,20230921014259,7,,success,478552
eCommerce-Denali/feed-generator/DENALI-7331_DcToHub,20230921024312,8,,success,783286
eCommerce-Denali/feed-generator/DENALI-7331_DcToHub,20230925085130,9,,success,330695
eCommerce-Denali/feed-generator/DENALI-7331_DcToHub,20230925094636,10,,success,305810
eCommerce-Denali/feed-generator/DENALI-7331_DcToHub,20230929095329,11,,success,269848
eCommerce-Denali/feed-generator/DENALI-7331_DcToHub,20230929100730,12,,success,256721
eCommerce-Denali/feed-generator/DENALI-7331_DcToHub,20230929100808,13,,success,249683
eCommerce-Denali/feed-generator/DENALI-7331_DcToHub_backup,20230921012557,1,,success,666107
eCommerce-Denali/feed-generator/DENALI-7338-bugfix,20230926144932,1,,success,245828
eCommerce-Denali/feed-generator/DENALI-7338-bugfix,20230926145533,2,,success,305328
eCommerce-Denali/feed-generator/DENALI-7390,20230921140644,1,,success,476169
eCommerce-Denali/feed-generator/DENALI-7390,20230921143611,2,,failure,79739
eCommerce-Denali/feed-generator/DENALI-7390,20230921143812,3,,success,276529
eCommerce-Denali/feed-generator/DENALI-7399,20230929084405,1,,success,261765
eCommerce-Denali/feed-generator/DENALI-7399,20231006000821,2,,success,235318
eCommerce-Denali/feed-generator/DENALI-7399,20231006075413,3,,success,203451
eCommerce-Denali/feed-generator/DENALI-7418,20231004230643,1,,success,321760
eCommerce-Denali/feed-generator/DENALI-7418,20231005053308,2,,unstable,312969
eCommerce-Denali/feed-generator/DENALI-7418,20231005214735,3,,success,329333
eCommerce-Denali/feed-generator/DENALI-7418,20231005215327,4,,unstable,285016
eCommerce-Denali/feed-generator/DENALI-7418,20231005234314,5,,unstable,268608
eCommerce-Denali/feed-generator/develop,20230912031332,295,,unstable,491190
eCommerce-Denali/feed-generator/develop,20230912031513,296,,unstable,854145
eCommerce-Denali/feed-generator/develop,20230913011458,297,,unstable,345456
eCommerce-Denali/feed-generator/develop,20230913153249,298,,unstable,312606
eCommerce-Denali/feed-generator/develop,20230914105315,299,,unstable,211912
eCommerce-Denali/feed-generator/develop,20230915105719,300,,failure,71840
eCommerce-Denali/feed-generator/develop,20230915110647,301,,unstable,355112
eCommerce-Denali/feed-generator/develop,20230915165320,302,,unstable,350302
eCommerce-Denali/feed-generator/develop,20230919125746,303,,success,325544
eCommerce-Denali/feed-generator/develop,20230919144602,304,,success,1023791
eCommerce-Denali/feed-generator/develop,20230920112241,305,,success,220623
eCommerce-Denali/feed-generator/develop,20230920154104,306,,success,263326
eCommerce-Denali/feed-generator/develop,20230922173351,307,,success,493612
eCommerce-Denali/feed-generator/develop,20230926150324,308,,success,346449
eCommerce-Denali/feed-generator/develop,20231002221653,309,,success,422087
eCommerce-Denali/feed-generator/develop,20231002224915,310,,success,306240
eCommerce-Denali/feed-generator/develop,20231004010808,311,,success,1000639
eCommerce-Denali/feed-generator/develop,20231005212704,312,,success,349768
eCommerce-Denali/feed-generator/develop,20231006075007,313,,success,681882
eCommerce-Denali/feed-generator/RM-37882,20230920115625,1,,success,272942
eCommerce-Denali/feed-generator/RM-37882,20230920140800,2,,success,284257
eCommerce-Denali/feed-generator/split-pip-phase3-wrk,20230909061813,1,,success,213871
eCommerce-Denali/feed-generator/split-pip-phase3-wrk,20230913131255,2,,success,242820
eCommerce-Denali/feed-generator/split-pip-phase3-wrk,20230913151902,3,,success,279008
eCommerce-Denali/feed-generator/split-pip-phase3-wrk,20230914104346,4,,unstable,246893
eCommerce-Denali/feed-generator/split-pip-phase3-wrk,20230919160230,5,,success,740639
eCommerce-Denali/feed-generator/split-pip-phase3-wrk,20230920152350,6,,failure,347306
eCommerce-Denali/feed-generator/split-pip-phase3-wrk,20230920153019,7,,success,539599
eCommerce-Denali/feed-generator/split-pip-phase3-wrk,20230921144542,8,,success,255952
eCommerce-Denali/feed-generator/split-pip-phase3-wrk,20230921145158,9,,success,267034
eCommerce-Denali/inventory/DENALI-7330,20231004004349,1,,failure,179038
eCommerce-Denali/inventory/DENALI-7330,20231005063240,2,,success,1368530
eCommerce-Denali/inventory/DENALI-7330_Backup,20231005063806,1,,success,1347334
eCommerce-Denali/inventory/DENALI-7331,20230914091742,1,,success,1204695
eCommerce-Denali/inventory/DENALI-7331,20230918012455,2,,success,1473832
eCommerce-Denali/inventory/DENALI-7331,20230920033029,3,,success,1718278
eCommerce-Denali/inventory/DENALI-7331,20230924215952,4,,failure,1144723
eCommerce-Denali/inventory/DENALI-7331,20230924222040,5,,failure,990682
eCommerce-Denali/inventory/DENALI-7331,20230924224812,6,,failure,1018040
eCommerce-Denali/inventory/DENALI-7331,20230925000319,7,,success,1490201
eCommerce-Denali/inventory/DENALI-7331,20230925062209,8,,failure,398487
eCommerce-Denali/inventory/DENALI-7331,20230925064006,9,,success,1959103
eCommerce-Denali/inventory/DENALI-7331,20230927071543,10,,success,1433199
eCommerce-Denali/inventory/DENALI-7331,20230927211903,11,,success,1611343
eCommerce-Denali/inventory/DENALI-7331,20230928103120,12,,success,1376497
eCommerce-Denali/inventory/DENALI-7331_Cleanup,20230929080340,1,,success,1266287
eCommerce-Denali/inventory/DENALI-73331_BR,20230928212343,1,,success,1342533
eCommerce-Denali/inventory/DENALI-73331_BR,20230928220611,2,,success,1647397
eCommerce-Denali/inventory/DENALI-73331_BR,20231002223010,3,,success,1387007
eCommerce-Denali/inventory/DENALI-73331_BR,20231004005525,4,,success,1819385
eCommerce-Denali/inventory/DENALI-73331_BR,20231005011620,5,,success,1501450
eCommerce-Denali/inventory/develop,20230914061141,4,,success,2106867
eCommerce-Denali/inventory/develop,20230924224449,5,,failure,1423148
eCommerce-Denali/inventory/develop,20230928103125,7,,success,1458014
eCommerce-Denali/inventory/develop,20230929091239,8,,success,1980572
eCommerce-Denali/inventory/develop,20231005064255,9,,success,1417971
