eCommerce-Fuya/dp-baselogic/env-qa14,20230913110823,38,,success,2801309
eCommerce-Fuya/dp-baselogic/env-qa14,20230914114014,39,,success,3021064
eCommerce-Fuya/dp-baselogic/env-qa14,20230914124544,40,,failure,187011
eCommerce-Fuya/dp-baselogic/env-qa14,20230914125412,41,,success,4459616
eCommerce-Fuya/dp-baselogic/env-qa14,20230918042159,42,,success,2772381
eCommerce-Fuya/dp-baselogic/env-qa14,20230919082737,43,,success,2865628
eCommerce-Fuya/dp-baselogic/env-qa14,20230919091536,44,,failure,171233
eCommerce-Fuya/dp-baselogic/env-qa14,20230919100442,45,,success,2762563
eCommerce-Fuya/dp-baselogic/env-qa14,20230920110715,46,,success,2659783
eCommerce-Fuya/dp-baselogic/main,20230913110834,113,,success,3359530
eCommerce-Fuya/dp-baselogic/main,20230914113943,114,,success,4118425
eCommerce-Fuya/dp-baselogic/main,20230918043233,115,,success,3679211
eCommerce-Fuya/dp-baselogic/main,20230919082512,116,,success,2730929
eCommerce-Fuya/dp-baselogic/main,20230920110424,117,,success,3213875
eCommerce-Fuya/dp-baselogic/PM-17994,20230920120911,1,,success,3266534
eCommerce-Fuya/dp-baselogic/PM-17994,20230920121034,2,,success,3369188
eCommerce-Fuya/dp-baselogic/PM-17994,20230921084418,3,,success,3043235
eCommerce-Fuya/dp-baselogic/PM-17994,20230922031019,4,,success,4417837
eCommerce-Fuya/dp-baselogic/PM-17996,20230913125348,1,,success,3225101
eCommerce-Fuya/dp-baselogic/PM-17996,20230914114046,2,,success,3644855
eCommerce-Fuya/dp-baselogic/PM-17996,20230914121851,3,,success,3047410
eCommerce-Fuya/dp-baselogic/PM-17996,20230918042215,4,,failure,3468138
eCommerce-Fuya/dp-baselogic/PM-17996,20230919082558,5,,success,2771363
eCommerce-Fuya/dp-baselogic/PM-17996,20230919084515,6,,failure,231863
eCommerce-Fuya/dp-baselogic/PM-17996,20230920110626,7,,failure,259029
eCommerce-Fuya/ecom-app-content/debug-ttl,20230908082727,2,,success,439911
eCommerce-Fuya/ecom-app-content/debug-ttl,20231002134157,3,,success,462696
eCommerce-Fuya/ecom-app-content/deploy-qa14,20230908081504,60,,success,574862
eCommerce-Fuya/ecom-app-content/deploy-qa14,20230908081808,61,,success,478949
eCommerce-Fuya/ecom-app-content/deploy-qa14,20230919091939,62,,failure,95703
eCommerce-Fuya/ecom-app-content/deploy-qa14,20230919093830,63,,failure,150501
eCommerce-Fuya/ecom-app-content/deploy-qa14,20230919094528,64,,unstable,380209
eCommerce-Fuya/ecom-app-content/deploy-qa14,20230919115933,65,,failure,1345967
eCommerce-Fuya/ecom-app-content/deploy-qa14,20230926104201,66,,unstable,396217
eCommerce-Fuya/ecom-app-content/deploy-qa14,20231002134106,67,,unstable,331312
eCommerce-Fuya/ecom-app-content/deploy-qa14,20231006103451,68,,success,446359
eCommerce-Fuya/ecom-app-content/FUYA-2269,20230919090457,4,,success,442801
eCommerce-Fuya/ecom-app-content/FUYA-2269,20230919135805,5,,success,430506
eCommerce-Fuya/ecom-app-content/FUYA-2269,20230919135857,6,,success,948230
eCommerce-Fuya/ecom-app-content/FUYA-2269,20230919135936,7,,success,788842
eCommerce-Fuya/ecom-app-content/FUYA-2269,20230919142720,8,,success,562762
eCommerce-Fuya/ecom-app-content/main,20230908081046,11,,success,563691
eCommerce-Fuya/ecom-app-content/main,20230919090438,12,,unstable,379591
eCommerce-Fuya/ecom-app-content/main,20230919135832,13,,unstable,703742
eCommerce-Fuya/ecom-app-content/main,20230919141119,14,,unstable,525367
eCommerce-Fuya/ecom-app-content/main,20230919142610,15,,unstable,604654
eCommerce-Fuya/ecom-app-content/main,20230926103701,16,,success,396711
eCommerce-Fuya/ecom-app-content/main,20231002133514,17,,success,372272
eCommerce-Fuya/ecom-app-content/temp-test,20231002134044,1,,success,337589
eCommerce-Fuya/ecom-app-global/deploy-qa14,20230920111605,557,,success,1216531
eCommerce-Fuya/ecom-app-global/deploy-qa14,20230922051754,558,,failure,923744
eCommerce-Fuya/ecom-app-global/deploy-qa14,20230926070959,559,,success,668161
eCommerce-Fuya/ecom-app-global/deploy-qa14,20230928083307,560,,success,782292
eCommerce-Fuya/ecom-app-global/main,20230920111754,151,,success,1320754
eCommerce-Fuya/ecom-app-global/main,20230922051812,152,,failure,1252666
eCommerce-Fuya/ecom-app-global/main,20230926071022,153,,success,727824
eCommerce-Fuya/ecom-app-global/main,20230928083321,154,,success,591471
eCommerce-Fuya/ecom-app-phygital/deploy-qa14,20230920122245,702,,failure,566358
eCommerce-Fuya/ecom-app-phygital/deploy-qa14,20230920132416,703,,success,1264579
eCommerce-Fuya/ecom-app-phygital/deploy-qa14,20230920143135,704,,failure,751814
eCommerce-Fuya/ecom-app-phygital/deploy-qa14,20230920145718,705,,unstable,1819110
eCommerce-Fuya/ecom-app-phygital/deploy-qa14,20230926103750,706,,success,767916
eCommerce-Fuya/ecom-app-phygital/deploy-qa14,20231004095112,707,,success,644082
eCommerce-Fuya/ecom-app-phygital/main,20230919141357,130,,success,1431756
eCommerce-Fuya/ecom-app-phygital/main,20230926103734,131,,success,659766
eCommerce-Fuya/ecom-app-phygital/PM-15205,20231004095047,1,,success,608411
eCommerce-Fuya/ecom-app-phygital/PM-15205,20231004095610,2,,success,677546
eCommerce-Fuya/ecom-app-phygital/PM-15205,20231004095847,3,,success,667707
eCommerce-Fuya/ecom-app-phygital/PM-17891,20230920121410,1,,failure,494437
eCommerce-Fuya/ecom-app-phygital/PM-17891,20230920132238,2,,success,1739966
eCommerce-Fuya/ecom-app-phygital/PM-17891,20230920132347,3,,failure,999555
eCommerce-Fuya/ecom-app-phygital/PM-17891,20230920142553,4,,failure,871098
eCommerce-Fuya/ecom-app-phygital/PM-17891,20230920145608,5,,unstable,2502267
eCommerce-Fuya/ecom-app-phygital/PM-17891,20230921092030,6,,success,1534261
eCommerce-Fuya/ecom-app-phygital/PM-17891,20230921093659,7,,success,684935
eCommerce-Fuya/ecom-app-phygital/PM-17891,20230921105706,8,,success,918647
eCommerce-Fuya/ecom-app-product/404-test,20230918071259,11,,success,1380525
eCommerce-Fuya/ecom-app-product/deploy-qa14,20230911114949,274,,failure,810881
eCommerce-Fuya/ecom-app-product/deploy-qa14,20230911120939,275,,unstable,1707092
eCommerce-Fuya/ecom-app-product/deploy-qa14,20230918071441,276,,success,1207863
eCommerce-Fuya/ecom-app-product/deploy-qa14,20230919115806,277,,failure,1432592
eCommerce-Fuya/ecom-app-product/deploy-qa14,20230926102613,278,,success,1418185
eCommerce-Fuya/ecom-app-product/deploy-qa14,20231004092440,279,,success,1749556
eCommerce-Fuya/ecom-app-product/FUYA-2278,20230926094014,1,,aborted,705223
eCommerce-Fuya/ecom-app-product/FUYA-2278,20230926094938,2,,failure,850863
eCommerce-Fuya/ecom-app-product/FUYA-2278,20230926102218,3,,success,1409431
eCommerce-Fuya/ecom-app-product/FUYA-2278,20231004091618,4,,success,1497787
eCommerce-Fuya/ecom-app-product/main,20230918071331,92,,success,1435063
eCommerce-Fuya/ecom-app-product/main,20230926075509,93,,success,1178275
eCommerce-Fuya/ecom-app-product/nla-301,20231002150013,1,,success,1364308
eCommerce-Fuya/ecom-app-product/nla-301,20231003103143,2,,success,1240016
eCommerce-Fuya/ecom-app-product/nla-301,20231003104210,3,,success,941872
eCommerce-Fuya/ecom-app-product/nla-301,20231003161506,4,,success,1202486
eCommerce-Fuya/ecom-app-product/redirect-nla,20230911090740,1,,success,2221179
eCommerce-Fuya/ecom-app-shop/crawl-optimization,20230908073147,9,,unstable,2013917
eCommerce-Fuya/ecom-app-shop/crawl-optimization,20230908081357,10,,unstable,1568976
eCommerce-Fuya/ecom-app-shop/crawl-optimization,20230911071204,11,,failure,524205
eCommerce-Fuya/ecom-app-shop/crawl-optimization,20230911123815,12,,failure,558266
eCommerce-Fuya/ecom-app-shop/crawl-optimization,20230911130505,13,,failure,665980
eCommerce-Fuya/ecom-app-shop/crawl-optimization,20230913120508,14,,failure,739680
eCommerce-Fuya/ecom-app-shop/crawl-optimization,20230914132919,15,,aborted,236219
eCommerce-Fuya/ecom-app-shop/crawl-optimization,20230914133006,16,,failure,104179
eCommerce-Fuya/ecom-app-shop/crawl-optimization,20230926103414,17,,failure,646902
eCommerce-Fuya/ecom-app-shop/deploy-qa14,20230908073200,1001,,unstable,1850740
eCommerce-Fuya/ecom-app-shop/deploy-qa14,20230908131250,1002,,aborted,223941
eCommerce-Fuya/ecom-app-shop/deploy-qa14,20230908131416,1003,,unstable,1896763
eCommerce-Fuya/ecom-app-shop/deploy-qa14,20230909155529,1004,,aborted,152509
eCommerce-Fuya/ecom-app-shop/deploy-qa14,20230909155714,1005,,failure,387446
eCommerce-Fuya/ecom-app-shop/deploy-qa14,20230909160606,1006,,aborted,391260
eCommerce-Fuya/ecom-app-shop/deploy-qa14,20230909160624,1007,,failure,380767
eCommerce-Fuya/ecom-app-shop/deploy-qa14,20230909164448,1008,,unstable,1827092
eCommerce-Fuya/ecom-app-shop/deploy-qa14,20230911072909,1009,,aborted,153902
eCommerce-Fuya/ecom-app-shop/deploy-qa14,20230911072936,1010,,unstable,1871116
eCommerce-Fuya/ecom-app-shop/deploy-qa14,20230911114959,1011,,unstable,2222294
eCommerce-Fuya/ecom-app-shop/deploy-qa14,20230911124248,1012,,unstable,1798892
eCommerce-Fuya/ecom-app-shop/deploy-qa14,20230911130812,1013,,unstable,1476287
eCommerce-Fuya/ecom-app-shop/deploy-qa14,20230911135159,1014,,unstable,1718838
eCommerce-Fuya/ecom-app-shop/deploy-qa14,20230913121036,1015,,unstable,1540519
eCommerce-Fuya/ecom-app-shop/deploy-qa14,20230914133347,1016,,unstable,1758282
eCommerce-Fuya/ecom-app-shop/deploy-qa14,20230918100422,1017,,unstable,1469855
eCommerce-Fuya/ecom-app-shop/deploy-qa14,20230920030228,1018,,unstable,3535671
eCommerce-Fuya/ecom-app-shop/deploy-qa14,20230920103705,1019,,aborted,315964
eCommerce-Fuya/ecom-app-shop/deploy-qa14,20230920104707,1020,,unstable,2346636
eCommerce-Fuya/ecom-app-shop/deploy-qa14,20230920114849,1021,,failure,720627
eCommerce-Fuya/ecom-app-shop/deploy-qa14,20230920120130,1022,,failure,696949
eCommerce-Fuya/ecom-app-shop/deploy-qa14,20230920123644,1023,,unstable,2514715
eCommerce-Fuya/ecom-app-shop/deploy-qa14,20230920125750,1024,,unstable,2821046
eCommerce-Fuya/ecom-app-shop/deploy-qa14,20230921012635,1025,,unstable,2202661
eCommerce-Fuya/ecom-app-shop/deploy-qa14,20230921190701,1026,,unstable,2119628
eCommerce-Fuya/ecom-app-shop/deploy-qa14,20230925113014,1027,,failure,65609
eCommerce-Fuya/ecom-app-shop/deploy-qa14,20230925114724,1028,,failure,802845
eCommerce-Fuya/ecom-app-shop/deploy-qa14,20230925122140,1029,,success,1528526
eCommerce-Fuya/ecom-app-shop/deploy-qa14,20230926103550,1030,,success,1408286
eCommerce-Fuya/ecom-app-shop/deploy-qa14,20230929082443,1031,,failure,621643
eCommerce-Fuya/ecom-app-shop/deploy-qa14,20230929085116,1032,,success,1146763
eCommerce-Fuya/ecom-app-shop/deploy-qa14,20231002074536,1033,,success,1037679
eCommerce-Fuya/ecom-app-shop/deploy-qa14,20231002081919,1034,,aborted,53924
eCommerce-Fuya/ecom-app-shop/deploy-qa14,20231002082142,1035,,success,1080613
eCommerce-Fuya/ecom-app-shop/deploy-qa14,20231002091209,1036,,success,1148006
eCommerce-Fuya/ecom-app-shop/deploy-qa14,20231003063844,1037,,success,1160382
eCommerce-Fuya/ecom-app-shop/deploy-qa14,20231003144134,1038,,success,1534664
eCommerce-Fuya/ecom-app-shop/deploy-qa14,20231004080540,1039,,success,1210564
eCommerce-Fuya/ecom-app-shop/deploy-qa14,20231004123402,1040,,success,1430318
eCommerce-Fuya/ecom-app-shop/main,20230918095145,257,,success,1860455
eCommerce-Fuya/ecom-app-shop/main,20230926071209,258,,aborted,58820
eCommerce-Fuya/ecom-app-shop/main,20230926071338,259,,success,1575888
eCommerce-Fuya/ecom-app-shop/main,20230926102816,260,,success,1215406
eCommerce-Fuya/ecom-app-shop/main,20230928110945,261,,success,1178637
eCommerce-Fuya/ecom-app-shop/main,20231002074204,262,,success,1089338
eCommerce-Fuya/ecom-app-shop/main,20231004125218,263,,success,1181078
eCommerce-Fuya/ecom-app-shop/main,20231004130138,264,,success,1175706
eCommerce-Fuya/ecom-app-shop/main,20231004151614,265,,success,1110128
eCommerce-Fuya/ecom-app-shop/main,20231004174358,266,,success,1079319
eCommerce-Fuya/ecom-app-shop/main,20231005100728,267,,success,1342351
eCommerce-Fuya/ecom-app-shop/nla-301,20231002165559,1,,success,1477453
eCommerce-Fuya/ecom-app-shop/nla-301,20231004143435,2,,failure,680149
eCommerce-Fuya/ecom-app-shop/PM-17994,20230920123744,1,,success,2752188
eCommerce-Fuya/ecom-app-shop/PM-17994,20230920125617,2,,failure,779499
eCommerce-Fuya/ecom-app-shop/PM-17994,20230921104300,3,,unstable,2799811
eCommerce-Fuya/ecom-app-shop/PM-17994,20230921110155,4,,success,1452981
eCommerce-Fuya/ecom-app-shop/PM-18017,20231002074631,1,,success,1374854
eCommerce-Fuya/ecom-app-shop/PM-18017,20231002081835,2,,aborted,7548
eCommerce-Fuya/ecom-app-shop/PM-18017,20231002082137,3,,aborted,164236
eCommerce-Fuya/ecom-app-shop/PM-18017,20231002091155,4,,aborted,21378
eCommerce-Fuya/ecom-app-shop/PM-18017,20231003143814,5,,success,1392448
eCommerce-Fuya/ecom-sitemap-data-orchestrator/env-intdev,20230911100916,71,,success,252438
eCommerce-Fuya/ecom-sitemap-data-orchestrator/env-intdev,20230915075038,72,,success,251793
eCommerce-Fuya/ecom-sitemap-data-orchestrator/env-intdev,20230915091610,73,,success,220743
eCommerce-Fuya/ecom-sitemap-data-orchestrator/env-intdev,20230918090955,74,,success,249292
eCommerce-Fuya/ecom-sitemap-data-orchestrator/env-intdev,20230918091357,75,,success,206231
eCommerce-Fuya/ecom-sitemap-data-orchestrator/env-intdev,20230919111312,76,,success,235288
eCommerce-Fuya/ecom-sitemap-data-orchestrator/FUYA-2246,20230908110503,1,,success,225533
eCommerce-Fuya/ecom-sitemap-data-orchestrator/FUYA-2246,20230908132621,2,,success,358822
eCommerce-Fuya/ecom-sitemap-data-orchestrator/FUYA-2246,20230908133248,3,,success,217159
eCommerce-Fuya/ecom-sitemap-data-orchestrator/FUYA-2246,20230911062925,4,,success,227601
eCommerce-Fuya/ecom-sitemap-data-orchestrator/FUYA-2246,20230911071605,5,,success,155109
eCommerce-Fuya/ecom-sitemap-data-orchestrator/FUYA-2273,20230915081042,1,,success,231716
eCommerce-Fuya/ecom-sitemap-data-orchestrator/main,20230911100332,45,,success,287103
eCommerce-Fuya/ecom-sitemap-data-orchestrator/main,20230915075017,46,,success,308885
eCommerce-Fuya/ecom-sitemap-data-orchestrator/main,20230915091439,47,,success,285126
eCommerce-Fuya/ecom-sitemap-data-orchestrator/main,20230915105228,48,,success,196172
eCommerce-Fuya/ecom-sitemap-data-orchestrator/main,20230918091343,49,,failure,253298
eCommerce-Fuya/ecom-sitemap-data-orchestrator/main,20230919111255,50,,success,246051
eCommerce-Fuya/ecom-svc-catalog/env-qa14,20230908081540,109,,success,756338
eCommerce-Fuya/ecom-svc-catalog/env-qa14,20230914114117,110,,success,630468
eCommerce-Fuya/ecom-svc-catalog/env-qa14,20230915070829,111,,success,540321
eCommerce-Fuya/ecom-svc-catalog/env-qa14,20230919084028,112,,success,650084
eCommerce-Fuya/ecom-svc-catalog/env-qa14,20230920115755,113,,success,854094
eCommerce-Fuya/ecom-svc-catalog/env-qa14,20230925113707,114,,success,625342
eCommerce-Fuya/ecom-svc-catalog/env-qa14,20230926101025,115,,success,586750
eCommerce-Fuya/ecom-svc-catalog/env-qa14,20230927061913,116,,success,595408
eCommerce-Fuya/ecom-svc-catalog/env-qa14,20231005100937,117,,success,547283
eCommerce-Fuya/ecom-svc-catalog/main,20230908081528,103,,success,816435
eCommerce-Fuya/ecom-svc-catalog/main,20230914114125,104,,success,735480
eCommerce-Fuya/ecom-svc-catalog/main,20230915070816,105,,success,758786
eCommerce-Fuya/ecom-svc-catalog/main,20230920115716,106,,success,743512
eCommerce-Fuya/ecom-svc-catalog/main,20230925113657,107,,success,599504
eCommerce-Fuya/ecom-svc-catalog/main,20230926100914,108,,success,694216
eCommerce-Fuya/ecom-svc-catalog/main,20230927061837,109,,failure,702773
eCommerce-Fuya/ecom-svc-catalog/main,20231005100923,110,,success,718752
eCommerce-Fuya/ecom-svc-catalog/PM-17996,20230913072345,1,,aborted,46232
eCommerce-Fuya/ecom-svc-catalog/PM-17996,20230913073215,2,,failure,158826
eCommerce-Fuya/ecom-svc-catalog/PM-17996,20230913074122,3,,failure,157040
eCommerce-Fuya/ecom-svc-catalog/PM-17996,20230913083920,4,,success,672127
eCommerce-Fuya/ecom-svc-catalog/PM-17996,20230913091923,5,,success,693580
eCommerce-Fuya/ecom-svc-catalog/PM-17996,20230913121014,6,,success,580361
eCommerce-Fuya/ecom-svc-catalog/PM-17996,20230914092825,7,,success,698815
eCommerce-Fuya/ecom-svc-catalog/PM-17996,20230914114214,8,,success,664116
eCommerce-Fuya/ecom-svc-catalog/PM-17996,20230915070732,9,,success,740800
eCommerce-Fuya/ecom-svc-catalog/PM-17996,20230915095624,10,,success,557542
eCommerce-Fuya/ecom-svc-catalog/PM-17996,20230915110838,11,,success,644532
eCommerce-Fuya/ecom-svc-catalog/PM-17996-PR,20230913072535,1,,failure,163797
eCommerce-Fuya/ecom-svc-catalog/PM-17996-PR,20230913073755,2,,failure,292693
eCommerce-Fuya/ecom-svc-catalog/PM-17996-PR,20230913083444,3,,success,758733
eCommerce-Fuya/ecom-svc-catalog/PM-17996-qa5,20230913085758,1,,success,631231
eCommerce-Fuya/ecom-svc-catalog/PM-17996-qa5,20230913121358,2,,success,613921
eCommerce-Fuya/ecom-svc-catalog/PM-17996-qa5,20230918092514,3,,failure,457536
eCommerce-Fuya/ecom-svc-catalog-webapp/env-qa14,20230908084309,88,,success,829948
eCommerce-Fuya/ecom-svc-catalog-webapp/env-qa14,20230915072547,89,,success,754483
eCommerce-Fuya/ecom-svc-catalog-webapp/env-qa14,20230925123022,90,,failure,104292
eCommerce-Fuya/ecom-svc-catalog-webapp/env-qa14,20230926121613,91,,success,1442265
eCommerce-Fuya/ecom-svc-catalog-webapp/env-qa5,20230908084419,18,,failure,893428
eCommerce-Fuya/ecom-svc-catalog-webapp/env-qa5,20230915073231,19,,failure,927230
eCommerce-Fuya/ecom-svc-catalog-webapp/env-qa5,20230920061559,20,,failure,860703
eCommerce-Fuya/ecom-svc-catalog-webapp/main,20230908083452,63,,success,791848
eCommerce-Fuya/ecom-svc-catalog-webapp/main,20230915072425,64,,failure,822406
eCommerce-Fuya/ecom-svc-catalog-webapp/main,20230925123126,65,,failure,91109
eCommerce-Fuya/ecom-svc-catalog-webapp/main,20230926122040,66,,failure,926415
eCommerce-Fuya/ecom-svc-catalog-webapp/PM-17994,20230920120417,1,,failure,1554815
eCommerce-Fuya/ecom-svc-catalog-webapp/PM-17996,20230919074146,1,,failure,137161
eCommerce-Fuya/ecom-svc-phygital/deploy-qa14,20230912081459,53,,success,252420
eCommerce-Fuya/ecom-svc-phygital/main,20230912080744,11,,unstable,280338
eCommerce-Fuya/vue-component-ecom-youtube-embed/FUYA-2278,20230926090624,1,,failure,85465
eCommerce-Fuya/vue-component-ecom-youtube-embed/FUYA-2278,20230926091553,2,,success,354541
eCommerce-Fuya/vue-component-ecom-youtube-embed/FUYA-2278,20231004080503,3,,failure,64871
eCommerce-Fuya/vue-component-ecom-youtube-embed/FUYA-2278,20231004080824,4,,success,259100
eCommerce-Fuya/vue-component-ecom-youtube-embed/FUYA-2278,20231005130930,5,,success,268131
eCommerce-Fuya/vue-component-ecom-youtube-embed/release,20230922105210,1,,aborted,6158
eCommerce-Fuya/vue-component-ecom-youtube-embed/release,20231005130559,2,,aborted,7000
