eCommerce-Castle/ecom-app-product/bye-bye-pixlee,20230911110213,1,,failure,1103420
eCommerce-Castle/ecom-app-product/bye-bye-pixlee,20230914155140,2,,success,1463800
eCommerce-Castle/ecom-app-product/bye-bye-pixlee,20230918103436,3,,success,1303784
eCommerce-Castle/ecom-app-product/bye-bye-pixlee,20230918104221,4,,success,1248644
eCommerce-Castle/ecom-app-product/bye-bye-pixlee,20230918111905,5,,unstable,1504779
eCommerce-Castle/ecom-app-product/CASL-2519,20230918170409,7,,failure,378911
eCommerce-Castle/ecom-app-product/CASL-2519,20230918170542,8,,failure,280994
eCommerce-Castle/ecom-app-product/CASL-2519,20230919095452,9,,success,1945239
eCommerce-Castle/ecom-app-product/CASL-2519,20230919131023,10,,failure,978651
eCommerce-Castle/ecom-app-product/CASL-2519,20230919132747,11,,success,1361107
eCommerce-Castle/ecom-app-product/CASL-2519,20230919155413,12,,aborted,541223
eCommerce-Castle/ecom-app-product/CASL-2519,20230919155453,13,,success,3399940
eCommerce-Castle/ecom-app-product/CASL-2519,20230919164900,14,,success,1929047
eCommerce-Castle/ecom-app-product/CASL-2519,20230920140014,15,,failure,1065787
eCommerce-Castle/ecom-app-product/CASL-2519,20230920164252,16,,success,1707970
eCommerce-Castle/ecom-app-product/deploy-qa57,20230914164227,214,,unstable,1264753
eCommerce-Castle/ecom-app-product/deploy-qa57,20230914171126,215,,unstable,1576590
eCommerce-Castle/ecom-app-product/deploy-qa57,20230918125403,216,,unstable,1457462
eCommerce-Castle/ecom-app-product/deploy-qa57,20230921162346,217,,success,1690427
eCommerce-Castle/ecom-app-product/deploy-qa57,20230926103359,218,,success,1217088
eCommerce-Castle/ecom-app-product/deploy-qa57,20230926132817,219,,success,1164435
eCommerce-Castle/ecom-app-product/deploy-qa57,20230926173248,220,,success,1947935
eCommerce-Castle/ecom-app-product/deploy-qa57,20230928121211,221,,failure,1155320
eCommerce-Castle/ecom-app-product/deploy-qa57,20230928123321,222,,failure,852087
eCommerce-Castle/ecom-app-product/deploy-qa57,20230928125327,223,,success,1143038
eCommerce-Castle/ecom-app-product/deploy-qa57,20231005064921,224,,success,1136924
eCommerce-Castle/ecom-app-product/PM-18024-qa57,20230912024816,1,,success,1563454
eCommerce-Castle/ecom-app-product/PM-18024-qa57,20230912031851,2,,success,1744829
eCommerce-Castle/ecom-app-product/PM-18024-qa57,20230913071000,3,,success,1488539
eCommerce-Castle/ecom-app-product/PM-18024-qa57,20230913073615,4,,success,1301725
eCommerce-Castle/ecom-app-product/PM-18024-release-16.26.x,20230913100235,1,,success,1516356
eCommerce-Castle/ecom-app-product/PM-18024-release,20230913100005,1,,success,1655504
eCommerce-Castle/ecom-app-product/PM-18025,20230920211441,1,,success,1091937
eCommerce-Castle/ecom-app-product/RM-37855-16.35.x,20230928155359,1,,success,1051830
eCommerce-Castle/ecom-app-product/RM-37855,20230928150650,1,,success,988720
eCommerce-Castle/ecom-app-product/RM-37961-16.35.x,20230929122230,1,,success,2216514
eCommerce-Castle/ecom-app-product/RM-37961-16.35.x,20230929124613,2,,failure,273552
eCommerce-Castle/ecom-app-product/RM-37961-16.35.x,20230929124952,3,,failure,1148795
eCommerce-Castle/ecom-app-product/RM-37961,20230929153330,1,,success,1155812
eCommerce-Castle/ecom-app-product/RM-37963-16.35.x,20230927145533,1,,failure,1176265
eCommerce-Castle/ecom-app-product/RM-37963-16.35.x,20230927153244,2,,success,1523029
eCommerce-Castle/ecom-app-product/RM-37963,20230927125746,1,,success,1465670
eCommerce-Castle/ecom-app-product/RM-38084,20231004160154,1,,success,1050800
eCommerce-Castle/ecom-app-product/z-index-issue,20230928203747,1,,success,1664324
eCommerce-Castle/ecom-app-shop/bye-bye-pixlee,20230908153647,2,,failure,524887
eCommerce-Castle/ecom-app-shop/bye-bye-pixlee,20230911094918,3,,failure,363964
eCommerce-Castle/ecom-app-shop/bye-bye-pixlee,20230911095818,4,,failure,368380
eCommerce-Castle/ecom-app-shop/bye-bye-pixlee,20230911104110,5,,failure,515987
eCommerce-Castle/ecom-app-shop/bye-bye-pixlee,20230911113117,6,,failure,474651
eCommerce-Castle/ecom-app-shop/bye-bye-pixlee,20230911114443,7,,failure,586276
eCommerce-Castle/ecom-app-shop/bye-bye-pixlee,20230911123701,8,,failure,536537
eCommerce-Castle/ecom-app-shop/bye-bye-pixlee,20230911150808,9,,failure,374271
eCommerce-Castle/ecom-app-shop/bye-bye-pixlee,20230911152724,10,,failure,434976
eCommerce-Castle/ecom-app-shop/bye-bye-pixlee,20230911155333,11,,failure,546326
eCommerce-Castle/ecom-app-shop/bye-bye-pixlee,20230915112052,14,,success,1551218
eCommerce-Castle/ecom-app-shop/bye-bye-pixlee,20230915113213,15,,success,1826573
eCommerce-Castle/ecom-app-shop/bye-bye-pixlee,20230918010819,16,,success,2132487
eCommerce-Castle/ecom-app-shop/bye-bye-pixlee,20230918110835,17,,failure,373881
eCommerce-Castle/ecom-app-shop/bye-bye-pixlee,20230918120853,18,,failure,79010
eCommerce-Castle/ecom-app-shop/bye-bye-pixlee,20230918121227,19,,success,2504786
eCommerce-Castle/ecom-app-shop/bye-bye-pixlee,20230919092747,20,,failure,361695
eCommerce-Castle/ecom-app-shop/bye-bye-pixlee,20230919095608,21,,success,1916538
eCommerce-Castle/ecom-app-shop/bye-bye-pixlee,20230919103322,22,,success,1635881
eCommerce-Castle/ecom-app-shop/bye-bye-pixlee,20230919103759,23,,success,1633497
eCommerce-Castle/ecom-app-shop/CASL-2532,20231004095719,1,,success,1258165
eCommerce-Castle/ecom-app-shop/CASL-2532,20231004100426,2,,success,1211736
eCommerce-Castle/ecom-app-shop/CASL-2532-redux,20231004150440,1,,success,1180919
eCommerce-Castle/ecom-app-shop/CASL-2532-release,20231004102451,1,,success,1279794
eCommerce-Castle/ecom-app-shop/CASL-2532-revert,20231004122011,1,,success,1205798
eCommerce-Castle/ecom-app-shop/CASL-2532-revert,20231004124755,2,,success,1207597
eCommerce-Castle/ecom-app-shop/CASL-2533,20230915015404,1,,success,2027708
eCommerce-Castle/ecom-app-shop/CASL-2533,20230925103515,2,,success,2584343
eCommerce-Castle/ecom-app-shop/CASL-2533-qa,20230925105144,1,,success,1126435
eCommerce-Castle/ecom-app-shop/CASL-2533-release,20230925103852,1,,success,1117091
eCommerce-Castle/ecom-app-shop/deploy-qa57-shop,20230911043121,61,,success,1568564
eCommerce-Castle/ecom-app-shop/deploy-qa57-shop,20230911095411,62,,success,1683707
eCommerce-Castle/ecom-app-shop/deploy-qa57-shop,20230925111158,97,,failure,367792
eCommerce-Castle/ecom-app-shop/deploy-qa57-shop,20230925111909,98,,success,1077815
eCommerce-Castle/ecom-app-shop/deploy-qa57-shop,20230925222620,99,,success,1992621
eCommerce-Castle/ecom-app-shop/deploy-qa57-shop,20230925223424,100,,failure,1147148
eCommerce-Castle/ecom-app-shop/deploy-qa57-shop,20230926001836,101,,success,1606332
eCommerce-Castle/ecom-app-shop/deploy-qa57-shop,20230926020748,102,,success,1787718
eCommerce-Castle/ecom-app-shop/deploy-qa57-shop,20230926113259,103,,success,1884115
eCommerce-Castle/ecom-app-shop/deploy-qa57-shop,20230926170513,104,,failure,1080607
eCommerce-Castle/ecom-app-shop/deploy-qa57-shop,20230926232257,105,,success,1818053
eCommerce-Castle/ecom-app-shop/deploy-qa57-shop,20230927093039,106,,success,1526958
eCommerce-Castle/ecom-app-shop/deploy-qa57-shop,20231004100630,107,,success,1444945
eCommerce-Castle/ecom-app-shop/PM-18088,20230927093024,1,,success,1634134
eCommerce-Castle/ecom-app-shop/PM-18088,20230927103850,2,,success,1204231
eCommerce-Castle/ecom-app-shop/PM-18088,20230927113112,3,,failure,812953
eCommerce-Castle/ecom-app-shop/PM-18088,20230927120424,4,,success,1497402
eCommerce-Castle/ecom-app-shop/PM-18088,20230927124709,5,,success,1287959
eCommerce-Castle/ecom-app-shop/RM-37855,20230928152930,1,,success,1204250
eCommerce-Castle/ecom-app-shop/RM-37944,20230925223022,1,,failure,575099
eCommerce-Castle/ecom-app-shop/RM-37944,20230925223254,2,,failure,1059907
eCommerce-Castle/ecom-app-shop/RM-37944,20230925235834,3,,success,1278248
eCommerce-Castle/ecom-app-shop/RM-37944,20230926000034,4,,success,1225020
eCommerce-Castle/ecom-app-shop/RM-37944,20230927102357,5,,success,1830684
eCommerce-Castle/ecom-app-shop/RM-37944,20230927110248,6,,success,1521273
eCommerce-Castle/ecom-app-shop/RM-37944,20230927110335,7,,success,1548155
eCommerce-Castle/ecom-app-shop/RM-37961,20230929154343,1,,success,1277458
eCommerce-Castle/vue-component-ecom-shop-by-room/atc-button-change,20230929082429,1,,success,791634
eCommerce-Castle/vue-component-ecom-shop-by-room/atc-modal,20230929014252,1,,success,690088
eCommerce-Castle/vue-component-ecom-shop-by-room/bye-bye-pixlee,20230914103113,6,,success,824282
eCommerce-Castle/vue-component-ecom-shop-by-room/bye-bye-pixlee,20230914191522,7,,failure,297138
eCommerce-Castle/vue-component-ecom-shop-by-room/bye-bye-pixlee,20230914192258,8,,failure,298101
eCommerce-Castle/vue-component-ecom-shop-by-room/bye-bye-pixlee,20230914210141,9,,unstable,536552
eCommerce-Castle/vue-component-ecom-shop-by-room/bye-bye-pixlee,20230914211125,10,,success,535152
eCommerce-Castle/vue-component-ecom-shop-by-room/bye-bye-pixlee,20230914224021,11,,success,562705
eCommerce-Castle/vue-component-ecom-shop-by-room/bye-bye-pixlee,20230915034913,12,,success,529861
eCommerce-Castle/vue-component-ecom-shop-by-room/bye-bye-pixlee,20230915080558,13,,success,542995
eCommerce-Castle/vue-component-ecom-shop-by-room/bye-bye-pixlee,20230918074702,14,,success,539369
eCommerce-Castle/vue-component-ecom-shop-by-room/CASL-2531,20230911020842,1,,failure,485492
eCommerce-Castle/vue-component-ecom-shop-by-room/CASL-2531,20230911023025,2,,success,841803
eCommerce-Castle/vue-component-ecom-shop-by-room/CASL-2531,20230911025734,3,,success,852154
eCommerce-Castle/vue-component-ecom-shop-by-room/CASL-2531,20230911095418,4,,success,582539
eCommerce-Castle/vue-component-ecom-shop-by-room/CASL-2532-feature,20230920231937,1,,success,507235
eCommerce-Castle/vue-component-ecom-shop-by-room/CASL-2532-feature,20231003094457,2,,success,582364
eCommerce-Castle/vue-component-ecom-shop-by-room/CASL-2532-qa,20230918034825,1,,success,578802
eCommerce-Castle/vue-component-ecom-shop-by-room/CASL-2532-qa,20230918041936,2,,success,599525
eCommerce-Castle/vue-component-ecom-shop-by-room/CASL-2532-qa,20230918045711,3,,success,782340
eCommerce-Castle/vue-component-ecom-shop-by-room/CASL-2532-qa,20230918061841,4,,success,702489
eCommerce-Castle/vue-component-ecom-shop-by-room/CASL-2532-qa,20230918065424,5,,success,530114
eCommerce-Castle/vue-component-ecom-shop-by-room/CASL-2532-qa,20230920024805,6,,success,815398
eCommerce-Castle/vue-component-ecom-shop-by-room/deploy-qa57,20230911094318,1,,success,576901
eCommerce-Castle/vue-component-ecom-shop-by-room/deploy-qa57,20230920204522,2,,success,780080
eCommerce-Castle/vue-component-ecom-shop-by-room/deploy-qa57,20230922010410,3,,success,752403
eCommerce-Castle/vue-component-ecom-shop-by-room/deploy-qa57,20230922102511,4,,success,562622
eCommerce-Castle/vue-component-ecom-shop-by-room/deploy-qa57,20230926093951,5,,success,656114
eCommerce-Castle/vue-component-ecom-shop-by-room/deploy-qa57,20230926130652,6,,success,562008
eCommerce-Castle/vue-component-ecom-shop-by-room/deploy-qa57,20230926172117,7,,success,528210
eCommerce-Castle/vue-component-ecom-shop-by-room/deploy-qa57,20230929092052,8,,success,540692
eCommerce-Castle/vue-component-ecom-shop-by-room/deploy-qa57,20230929100616,9,,success,544707
eCommerce-Castle/vue-component-ecom-shop-by-room/deploy-qa57,20230929100850,10,,success,584463
eCommerce-Castle/vue-component-ecom-shop-by-room/mobile-price-formatter-error,20230928104422,1,,failure,91308
eCommerce-Castle/vue-component-ecom-shop-by-room/mobile-price-formatter-error,20230928104707,2,,success,526633
eCommerce-Castle/vue-component-ecom-shop-by-room/mobile-price-formatter-error,20230928111333,3,,success,646658
eCommerce-Castle/vue-component-ecom-shop-by-room/mobile-price-formatter-error,20230928112723,4,,success,654344
eCommerce-Castle/vue-component-ecom-shop-by-room/mobile-price-formatter-error,20230928115425,5,,aborted,36103
eCommerce-Castle/vue-component-ecom-shop-by-room/mobile-price-formatter-error,20230928115456,6,,success,549312
eCommerce-Castle/vue-component-ecom-shop-by-room/PM-18025,20230920211557,1,,success,577626
eCommerce-Castle/vue-component-ecom-shop-by-room/PM-18025,20230922004732,2,,success,836528
eCommerce-Castle/vue-component-ecom-shop-by-room/RM-37855,20230925165052,1,,success,646891
eCommerce-Castle/vue-component-ecom-shop-by-room/RM-37855,20230925211215,2,,failure,929784
eCommerce-Castle/vue-component-ecom-shop-by-room/RM-37855,20230925212814,3,,failure,504902
eCommerce-Castle/vue-component-ecom-shop-by-room/RM-37855,20230925222021,4,,success,1723205
eCommerce-Castle/vue-component-ecom-shop-by-room/RM-37855,20230925232324,5,,success,649564
eCommerce-Castle/vue-component-ecom-shop-by-room/RM-37855,20230926120035,6,,success,783292
eCommerce-Castle/vue-component-ecom-shop-by-room/RM-37855,20230926161830,7,,failure,132123
eCommerce-Castle/vue-component-ecom-shop-by-room/RM-37855,20230926165845,8,,success,516042
eCommerce-Castle/vue-component-ecom-shop-by-room/RM-37961,20230928162112,1,,success,558533
eCommerce-Castle/vue-component-ecom-shop-by-room/RM-37961,20230929112438,2,,success,696274
eCommerce-Castle/vue-component-ecom-shop-by-room/z-index-issue,20230928203610,1,,success,718951
