eCommerce-Calinga/ecom-app-customer/develop,20230907211329,4,,unstable,619645
eCommerce-Calinga/ecom-app-customer/develop,20230914121459,5,,unstable,970952
eCommerce-Calinga/ecom-app-customer/develop,20230914155445,6,,unstable,660878
eCommerce-Calinga/ecom-app-customer/develop,20230914214714,7,,unstable,1101744
eCommerce-Calinga/ecom-app-customer/develop,20230915090434,8,,unstable,852207
eCommerce-Calinga/ecom-app-customer/develop,20230917191733,9,,failure,183041
eCommerce-Calinga/ecom-app-customer/develop,20230917205019,10,,unstable,828353
eCommerce-Calinga/ecom-app-customer/develop,20230921235316,11,,unstable,1010957
eCommerce-Calinga/ecom-app-customer/develop,20231003052829,12,,unstable,511636
eCommerce-Calinga/ecom-app-customer/develop,20231004063114,13,,unstable,406465
eCommerce-Calinga/ecom-app-customer/RIMO-5076-15092023,20230914121400,1,,success,977828
eCommerce-Calinga/ecom-app-customer/RIMO-5076,20230907211121,2,,success,607416
eCommerce-Calinga/ecom-app-customer/RIMO-5076,20230914131658,3,,success,599610
eCommerce-Calinga/ecom-app-customer/RIMO-5076,20230914215125,4,,success,678005
eCommerce-Calinga/ecom-app-customer/RIMO-5076,20230917190639,5,,success,742945
eCommerce-Calinga/ecom-app-customer/RIMO-5076,20230917190825,6,,success,637583
eCommerce-Calinga/ecom-app-customer/RIMO-5076,20230921001453,7,,failure,387382
eCommerce-Calinga/ecom-app-customer/RIMO-5076,20230921002243,8,,failure,173852
eCommerce-Calinga/ecom-app-customer/RIMO-5076,20230921023258,9,,failure,426798
eCommerce-Calinga/ecom-app-customer/RIMO-5076,20230921111648,10,,failure,232559
eCommerce-Calinga/ecom-app-customer/RIMO-5076,20230921194953,11,,failure,379065
eCommerce-Calinga/ecom-app-customer/RIMO-5130,20231005145339,1,,success,393545
eCommerce-Calinga/ecom-app-customer/RM-38002,20230928025727,1,,success,1065201
eCommerce-Calinga/ecom-app-customer/RM-38002,20230928031348,2,,success,2308105
eCommerce-Calinga/ecom-app-global/develop,20230907213632,278,,success,1074192
eCommerce-Calinga/ecom-app-global/develop,20230908063229,279,,success,880535
eCommerce-Calinga/ecom-app-global/develop,20230912021607,280,,success,1033217
eCommerce-Calinga/ecom-app-global/develop,20230912021700,281,,success,1047889
eCommerce-Calinga/ecom-app-global/develop,20230912021854,282,,success,1263323
eCommerce-Calinga/ecom-app-global/develop,20230912025758,283,,success,1471145
eCommerce-Calinga/ecom-app-global/develop,20230912030122,284,,success,1502606
eCommerce-Calinga/ecom-app-global/develop,20230912030706,285,,success,951040
eCommerce-Calinga/ecom-app-global/develop,20230912101904,286,,success,1254626
eCommerce-Calinga/ecom-app-global/develop,20230912235214,287,,success,972505
eCommerce-Calinga/ecom-app-global/develop,20230914022907,288,,success,1016718
eCommerce-Calinga/ecom-app-global/develop,20230914072409,289,,success,1449169
eCommerce-Calinga/ecom-app-global/develop,20230919122744,298,,success,1346242
eCommerce-Calinga/ecom-app-global/develop,20230920063312,299,,success,1238087
eCommerce-Calinga/ecom-app-global/develop,20230920135914,300,,failure,616145
eCommerce-Calinga/ecom-app-global/develop,20230920151839,301,,failure,1103086
eCommerce-Calinga/ecom-app-global/develop,20230921025902,302,,success,2453332
eCommerce-Calinga/ecom-app-global/develop,20230921052016,303,,failure,632312
eCommerce-Calinga/ecom-app-global/develop,20230921053526,304,,success,1677972
eCommerce-Calinga/ecom-app-global/develop,20230921235146,305,,success,2438300
eCommerce-Calinga/ecom-app-global/develop,20230925224656,306,,success,1140945
eCommerce-Calinga/ecom-app-global/develop,20230925230100,307,,success,1215413
eCommerce-Calinga/ecom-app-global/develop,20230926225329,308,,success,654292
eCommerce-Calinga/ecom-app-global/develop,20230927002835,309,,success,709880
eCommerce-Calinga/ecom-app-global/develop,20231003051042,310,,success,910048
eCommerce-Calinga/ecom-app-global/develop,20231003052751,311,,failure,7543
eCommerce-Calinga/ecom-app-global/develop-21092023,20230921024555,1,,failure,2386897
eCommerce-Calinga/ecom-app-global/hotfix-23.16,20230920100020,1,,success,1228203
eCommerce-Calinga/ecom-app-global/hotfix-23.16,20230920115827,2,,failure,630574
eCommerce-Calinga/ecom-app-global/PM-18204,20231004050323,1,,success,677651
eCommerce-Calinga/ecom-app-global/RIMO-5045-15092023,20230914162605,1,,success,982431
eCommerce-Calinga/ecom-app-global/RIMO-5045,20230907213310,2,,success,1051969
eCommerce-Calinga/ecom-app-global/RIMO-5045,20230908104809,3,,success,992411
eCommerce-Calinga/ecom-app-global/RIMO-5045,20230915100829,4,,success,1004017
eCommerce-Calinga/ecom-app-global/RIMO-5045,20230916203814,5,,success,1014726
eCommerce-Calinga/ecom-app-global/RIMO-5045,20230917072815,6,,success,854120
eCommerce-Calinga/ecom-app-global/RIMO-5045,20230917080113,7,,success,1004476
eCommerce-Calinga/ecom-app-global/RIMO-5045,20230917212619,8,,success,840618
eCommerce-Calinga/ecom-app-global/RIMO-5045,20230919132952,9,,failure,74454
eCommerce-Calinga/ecom-app-global/RIMO-5045,20230919133411,10,,success,1035174
eCommerce-Calinga/ecom-app-global/RIMO-5045,20230920065315,11,,failure,383387
eCommerce-Calinga/ecom-app-global/RIMO-5045,20230920135739,12,,failure,865086
eCommerce-Calinga/ecom-app-global/RIMO-5045,20230921043516,13,,success,2617623
eCommerce-Calinga/ecom-app-global/RIMO-5045,20230921115800,14,,success,3911631
eCommerce-Calinga/ecom-app-global/RIMO-5048,20230925224443,1,,success,1362088
eCommerce-Calinga/ecom-app-global/RIMO-5048,20230926225248,2,,success,690120
eCommerce-Calinga/ecom-app-global/RIMO-5048,20230927002709,3,,success,692340
eCommerce-Calinga/ecom-app-global/RIMO-5048,20231003051119,4,,success,556533
eCommerce-Calinga/ecom-app-global/RIMO-5130,20231005171335,1,,success,2515274
eCommerce-Calinga/ecom-app-global/RM-37596,20230908022423,1,,success,905956
eCommerce-Calinga/ecom-app-global/RM-37734,20230912060050,1,,failure,57192
eCommerce-Calinga/ecom-app-order-servicing/develop,20230907205218,5,,unstable,606095
eCommerce-Calinga/ecom-app-order-servicing/develop,20230908070351,6,,failure,187847
eCommerce-Calinga/ecom-app-order-servicing/develop,20230908072456,7,,unstable,728294
eCommerce-Calinga/ecom-app-order-servicing/develop,20230908101023,8,,unstable,747200
eCommerce-Calinga/ecom-app-order-servicing/develop,20230915002237,16,,unstable,1203153
eCommerce-Calinga/ecom-app-order-servicing/develop,20230915003910,17,,failure,268768
eCommerce-Calinga/ecom-app-order-servicing/develop,20230915004646,18,,failure,262745
eCommerce-Calinga/ecom-app-order-servicing/develop,20230915005429,19,,failure,199441
eCommerce-Calinga/ecom-app-order-servicing/develop,20230915010351,20,,failure,9252
eCommerce-Calinga/ecom-app-order-servicing/develop,20230915010720,21,,failure,7452
eCommerce-Calinga/ecom-app-order-servicing/develop,20230915011846,22,,unstable,1003266
eCommerce-Calinga/ecom-app-order-servicing/develop,20230915040822,23,,failure,30961
eCommerce-Calinga/ecom-app-order-servicing/develop,20230915041045,24,,unstable,1422160
eCommerce-Calinga/ecom-app-order-servicing/develop,20230915090947,25,,unstable,706645
eCommerce-Calinga/ecom-app-order-servicing/develop,20230921235432,26,,unstable,969445
eCommerce-Calinga/ecom-app-order-servicing/develop,20230922220013,27,,unstable,690074
eCommerce-Calinga/ecom-app-order-servicing/RIMO-5076-15092023,20230914135538,1,,success,676376
eCommerce-Calinga/ecom-app-order-servicing/RIMO-5076,20230907205635,2,,success,541631
eCommerce-Calinga/ecom-app-order-servicing/RIMO-5076,20230914142656,3,,success,620090
eCommerce-Calinga/ecom-app-order-servicing/RIMO-5076,20230914160428,4,,success,700120
eCommerce-Calinga/ecom-app-order-servicing/RIMO-5076,20230914171714,5,,success,532853
eCommerce-Calinga/ecom-app-order-servicing/RIMO-5076,20230915091251,6,,success,570631
eCommerce-Calinga/ecom-app-order-servicing/RIMO-5076,20230921004931,7,,success,759547
eCommerce-Calinga/ecom-app-order-servicing/RIMO-5076,20230921034511,8,,success,1705340
eCommerce-Calinga/ecom-app-order-servicing/RIMO-5076,20230921121131,9,,failure,437597
eCommerce-Calinga/ecom-app-order-servicing/RIMO-5076,20230921121504,10,,failure,416023
eCommerce-Calinga/ecom-app-order-servicing/RIMO-5076,20230921194840,11,,success,978652
eCommerce-Calinga/ecom-app-product/develop,20230912042127,20,,unstable,1907024
eCommerce-Calinga/ecom-app-product/develop,20230914063910,21,,unstable,1670864
eCommerce-Calinga/ecom-app-product/develop,20230920004349,22,,success,2179534
eCommerce-Calinga/ecom-app-product/develop,20230921060656,23,,unstable,3342791
eCommerce-Calinga/ecom-app-registry/develop,20230908044407,4,,success,716953
eCommerce-Calinga/ecom-app-registry/develop,20230912062749,5,,success,611707
eCommerce-Calinga/ecom-app-registry/develop,20230914143546,6,,success,633652
eCommerce-Calinga/ecom-app-registry/develop,20230914155619,7,,success,637246
eCommerce-Calinga/ecom-app-registry/develop,20230915090120,8,,success,931847
eCommerce-Calinga/ecom-app-registry/develop,20230915090221,9,,success,803277
eCommerce-Calinga/ecom-app-registry/develop,20230922000832,10,,success,1833370
eCommerce-Calinga/ecom-app-registry/RIMO-5045-15092023,20230914143505,1,,success,833122
eCommerce-Calinga/ecom-app-registry/RIMO-5045-20092023,20230919140730,1,,success,552936
eCommerce-Calinga/ecom-app-registry/RIMO-5045,20230914150502,2,,success,570306
eCommerce-Calinga/ecom-app-registry/RIMO-5045,20230915090047,3,,success,590419
eCommerce-Calinga/ecom-app-registry/RIMO-5045,20230919140851,4,,success,985145
eCommerce-Calinga/ecom-app-registry/RIMO-5045,20230921204540,5,,failure,269696
eCommerce-Calinga/ecom-app-registry/RIMO-5045-21092023,20230921101551,1,,success,1331041
eCommerce-Calinga/ecom-app-registry/RM-38002,20230928070051,1,,failure,265547
eCommerce-Calinga/ecom-app-registry/RM-38002,20230928070307,2,,success,559087
eCommerce-Calinga/ecom-app-registry/RM-38002,20230928080555,3,,success,471039
eCommerce-Calinga/ecom-app-registry/RM-38002,20230929054837,4,,failure,242155
eCommerce-Calinga/ecom-app-registry/RM-38002,20230929055915,5,,failure,252927
eCommerce-Calinga/ecom-app-registry/RM-38002,20230929061010,6,,failure,355343
eCommerce-Calinga/ecom-app-registry/RM-38002,20230929082935,7,,failure,263200
eCommerce-Calinga/ecom-app-registry/RM-38002,20230929083520,8,,failure,370436
eCommerce-Calinga/ecom-app-registry/RM-38002,20230929084451,9,,unstable,434828
eCommerce-Calinga/ecom-app-shop/develop,20230912042052,477,,success,2007035
eCommerce-Calinga/ecom-app-shop/develop,20230914063831,478,,success,2462332
eCommerce-Calinga/vue-component-ecom-account/RIMO-5076,20230911063830,9,,unstable,576842
eCommerce-Calinga/vue-component-ecom-account/RIMO-5076,20230911064222,10,,unstable,445593
eCommerce-Calinga/vue-component-ecom-account/RIMO-5076,20230914014505,11,,unstable,707421
eCommerce-Calinga/vue-component-ecom-account/RIMO-5076,20230914115955,12,,success,548925
eCommerce-Calinga/vue-component-ecom-account/RIMO-5076,20230920074431,13,,success,730459
eCommerce-Calinga/vue-component-ecom-account/RIMO-5076_2,20230914094448,1,,success,674537
eCommerce-Calinga/vue-component-ecom-create-registry/RIMO-5045,20230908041321,5,,success,319685
eCommerce-Calinga/vue-component-ecom-create-registry/RIMO-5045,20230914135018,6,,success,328587
eCommerce-Calinga/vue-component-ecom-create-registry/RIMO-5045,20230919131913,7,,success,456641
eCommerce-Calinga/vue-component-ecom-create-registry/RIMO-5045,20230920235729,8,,success,378809
