eCommerce-Wallaroo/ecom-app-content/PERF-142,20230919055612,1,,success,389519
eCommerce-Wallaroo/ecom-app-content/PERF-142,20230919130910,2,,success,818982
eCommerce-Wallaroo/ecom-app-customer/env-qa55,20230926082628,206,,success,506499
eCommerce-Wallaroo/ecom-app-global/PERF-142,20230911151311,1,,failure,296409
eCommerce-Wallaroo/ecom-app-global/PERF-142,20230915091324,2,,success,957700
eCommerce-Wallaroo/ecom-app-global/PERF-142,20230918135654,3,,success,1404703
eCommerce-Wallaroo/ecom-app-product/PERF-142,20230911150211,1,,success,1799272
eCommerce-Wallaroo/ecom-app-product/PERF-142,20230915084956,2,,success,1583456
eCommerce-Wallaroo/ecom-app-product/PERF-142,20230918134715,3,,success,1911876
eCommerce-Wallaroo/ecom-app-product/PERF-142,20230918135403,4,,failure,126084
eCommerce-Wallaroo/ecom-app-product/PERF-142,20230919130909,5,,failure,911716
eCommerce-Wallaroo/ecom-app-shop/test-codeowners,20230914224402,1,,success,1421464
eCommerce-Wallaroo/ecom-app-style-guide/staging,20230927091827,397,,success,682885
eCommerce-Wallaroo/ecom-styles-common/release-0921,20230922065230,1,,aborted,8072
eCommerce-Wallaroo/ecom-styles-common/release-1002,20230921114306,1,,aborted,7767
eCommerce-Wallaroo/ecom-styles-common/release-1002,20230921130320,2,,aborted,4814
eCommerce-Wallaroo/ecom-styles-common/release-1016,20230929124503,1,,aborted,324441
eCommerce-Wallaroo/ecom-styles-common/staging,20230920123006,205,,success,350110
eCommerce-Wallaroo/ecom-styles-common/staging,20230920131144,206,,success,492048
eCommerce-Wallaroo/ecom-styles-common/WROO-2028,20230920123156,1,,success,434073
eCommerce-Wallaroo/ecom-styles-common/WROO-2028-release,20230921125335,1,,success,463190
eCommerce-Wallaroo/ecom-styles-common/WROO-2028-release,20230921125439,2,,success,420404
eCommerce-Wallaroo/vue-component-ecom-content/mficocelli-patch-1,20230918123439,1,,success,469221
eCommerce-Wallaroo/vue-component-ecom-content/mshah1-patch-1,20230918123439,1,,failure,160926
eCommerce-Wallaroo/vue-component-ecom-content/PERF-142,20230918123521,1,,success,366733
eCommerce-Wallaroo/vue-component-ecom-content/PERF-142,20230918131857,2,,success,427122
eCommerce-Wallaroo/vue-component-ecom-content/PERF-142-v5,20230918131142,1,,success,634079
eCommerce-Wallaroo/vue-component-ecom-content/release-1.3.x,20230918123439,1,,aborted,5964
eCommerce-Wallaroo/vue-component-ecom-content/release,20230918123439,1,,aborted,5833
eCommerce-Wallaroo/vue-component-ecom-content/release-2.0.x,20230918123439,1,,aborted,9334
eCommerce-Wallaroo/vue-component-ecom-content/release-5.1.x,20230918123440,1,,aborted,9701
eCommerce-Wallaroo/vue-component-ecom-content/release-5.x,20230918123440,1,,aborted,7459
eCommerce-Wallaroo/vue-component-ecom-content/release-6.2.x,20230918123440,1,,aborted,8969
eCommerce-Wallaroo/vue-component-ecom-favorites/PERF-142,20230908122231,1,,failure,301140
eCommerce-Wallaroo/vue-component-ecom-favorites/PERF-142,20230908133631,2,,failure,199999
eCommerce-Wallaroo/vue-component-ecom-favorites/PERF-142,20230911055327,3,,success,314138
eCommerce-Wallaroo/vue-component-ecom-favorites/PERF-142-v6,20230914064251,1,,failure,280117
eCommerce-Wallaroo/vue-component-ecom-favorites/PERF-142-v6,20230914105030,2,,failure,155831
eCommerce-Wallaroo/vue-component-ecom-favorites/PERF-142-v6,20230914132359,3,,failure,131074
eCommerce-Wallaroo/vue-component-ecom-favorites/PERF-142-v6,20230915064358,4,,success,335160
eCommerce-Wallaroo/vue-component-ecom-product-recommendations/PERF-142,20230911140518,1,,success,469692
eCommerce-Wallaroo/vue-component-ecom-product-recommendations/PERF-142,20230913091953,2,,success,467579
eCommerce-Wallaroo/vue-component-ecom-product-recommendations/PERF-142,20230913092048,3,,success,419369
eCommerce-Wallaroo/vue-component-ecom-product-recommendations/PERF-142,20230913132838,4,,success,429781
eCommerce-Wallaroo/vue-component-ecom-product-recommendations/PERF-142-v4,20230915083739,1,,success,493740
eCommerce-Wallaroo/vue-component-ecom-product-recommendations/release,20230911140434,1,,aborted,6499
eCommerce-Wallaroo/vue-component-ecom-product-recommendations/release-4.1.x,20230911140435,1,,aborted,8318
eCommerce-Wallaroo/vue-component-ecom-product-recommendations/release-5.1.x,20230911140435,1,,aborted,6154
eCommerce-Wallaroo/vue-component-ecom-product-recommendations/release-6.1.x,20230911140435,1,,aborted,7708
eCommerce-Wallaroo/vue-component-ecom-product-recommendations/release-6.1.xx,20230911140435,1,,aborted,8986
eCommerce-Wallaroo/vue-component-ecom-product-recommendations/revert-2-review-tig-2460-update-component-for-shop,20230911140436,1,,failure,85586
