eCommerce-Nuptse/datafeeds-app/develop,20230908024137,197,,success,843180
eCommerce-Nuptse/datafeeds-app/develop,20230913215034,198,,success,721655
eCommerce-Nuptse/datafeeds-app/develop,20230914014138,199,,success,1119449
eCommerce-Nuptse/datafeeds-app/develop,20230914135502,200,,success,1320589
eCommerce-Nuptse/datafeeds-app/develop,20230915222838,201,,success,602312
eCommerce-Nuptse/datafeeds-app/develop,20230921224541,202,,success,718527
eCommerce-Nuptse/datafeeds-app/develop,20230927052229,203,,success,772925
eCommerce-Nuptse/datafeeds-app/develop,20231005032928,204,,success,710859
eCommerce-Nuptse/datafeeds-app/develop,20231005213246,205,,success,819338
eCommerce-Nuptse/datafeeds-app/NUPT-1168,20230927220132,3,,success,694117
eCommerce-Nuptse/datafeeds-app/NUPT-1213,20230908024423,25,,success,1276684
eCommerce-Nuptse/datafeeds-app/NUPT-1213,20230910224950,26,,success,694784
eCommerce-Nuptse/datafeeds-app/NUPT-1213,20230912023614,27,,success,810551
eCommerce-Nuptse/datafeeds-app/NUPT-1213,20230913215249,28,,success,732820
eCommerce-Nuptse/datafeeds-app/NUPT-1213,20230913220712,29,,success,723337
eCommerce-Nuptse/datafeeds-app/NUPT-1252,20230927232726,1,,failure,253381
eCommerce-Nuptse/datafeeds-app/NUPT-1252,20230928233939,2,,success,886155
eCommerce-Nuptse/datafeeds-app/NUPT-960-PB-Performance,20230927230231,18,,failure,497865
eCommerce-Nuptse/datafeeds-app/NUPT-960-PB-Performance,20231002214717,19,,success,758337
eCommerce-Nuptse/datafeeds-app/NUPT-960-PB-Performance,20231004021907,20,,unstable,995995
eCommerce-Nuptse/datafeeds-app/NUPT-960-PB-Performance,20231004030807,21,,success,870295
eCommerce-Nuptse/datafeeds-app/NUPT-960-PB-Performance,20231005033158,22,,success,812366
eCommerce-Nuptse/datafeeds-app/NUPT---Catalog-API-upgrade-and-validation-for-slice-PIP,20230917234647,1,,success,764743
eCommerce-Nuptse/datafeeds-app/NUPT-CatalogApi-Upgrade-for-PIP-Slice,20230917235727,1,,success,1081793
eCommerce-Nuptse/datafeeds-app/NUPT-CatalogApi-Upgrade-for-PIP-Slice,20230918001412,2,,success,673388
eCommerce-Nuptse/ecom-app-order-servicing/HLFD-1661,20231003045645,8,,success,830846
eCommerce-Nuptse/ecom-app-order-servicing/HLFD-1661,20231004042808,9,,failure,275014
eCommerce-Nuptse/ecom-app-order-servicing/HLFD-1661,20231004045844,10,,success,990623
eCommerce-Nuptse/ecom-app-shop/SPIC-107,20230908035126,21,,unstable,1924566
eCommerce-Nuptse/ecom-app-shop/SPIC-107,20230908035945,22,,failure,406500
eCommerce-Nuptse/ecom-app-shop/SPIC-107,20230908040739,23,,unstable,1789311
eCommerce-Nuptse/ecom-app-shop/SPIC-107,20230908080401,24,,success,1847052
eCommerce-Nuptse/ecom-svc-app-delivery/develop,20230914021209,5,,unstable,1136743
eCommerce-Nuptse/ecom-svc-app-delivery/logcorrelation,20230914012441,22,,failure,1140620
eCommerce-Nuptse/ecom-svc-app-delivery/logcorrelation,20230914014433,23,,failure,1201616
eCommerce-Nuptse/ecom-svc-app-delivery/logcorrelation,20230914023727,24,,unstable,941842
eCommerce-Nuptse/ecom-svc-app-delivery/logcorrelation,20230915024129,25,,failure,812095
eCommerce-Nuptse/ecom-svc-app-delivery/logcorrelation,20230915030806,26,,failure,2273101
eCommerce-Nuptse/ecom-svc-app-delivery/logcorrelation,20230915034656,27,,unstable,2180759
eCommerce-Nuptse/ecom-svc-app-delivery/logcorrelation_v2,20230908020912,4,,unstable,976265
eCommerce-Nuptse/ecom-svc-app-delivery/logcorrelation_v2,20230908035919,5,,failure,914203
eCommerce-Nuptse/ecom-svc-app-delivery/logcorrelation_v2,20230908043411,6,,unstable,1103177
eCommerce-Nuptse/ecom-svc-app-delivery/logcorrelation_v2,20230908045229,7,,unstable,907090
eCommerce-Nuptse/ecom-svc-app-delivery/logcorrelation_v2,20230910231307,8,,unstable,971397
eCommerce-Nuptse/ecom-svc-app-delivery/logcorrelation_v2,20230911012414,9,,success,1214638
eCommerce-Nuptse/platform-svc-session/PK-27,20230915011408,1,,success,982220
