eCommerce-Vinson/MarketingTagAutomationTool/release,20230907231250,1142,,failure,17621
eCommerce-Vinson/MarketingTagAutomationTool/release,20230907231325,1143,,aborted,126233
eCommerce-Vinson/MarketingTagAutomationTool/release,20230907231342,1144,,aborted,62486
eCommerce-Vinson/MarketingTagAutomationTool/release,20230907231513,1145,,failure,18420
eCommerce-Vinson/MarketingTagAutomationTool/release,20230907231544,1146,,failure,3993940
eCommerce-Vinson/MarketingTagAutomationTool/release,20230907231557,1147,,failure,16531372
eCommerce-Vinson/MarketingTagAutomationTool/release,20230908173139,1148,,failure,28314
eCommerce-Vinson/MarketingTagAutomationTool/release,20230908173216,1149,,failure,39930354
eCommerce-Vinson/MarketingTagAutomationTool/release,20230908173229,1150,,failure,25450685
eCommerce-Vinson/MarketingTagAutomationTool/release,20230908173250,1151,,failure,20146519
eCommerce-Vinson/MarketingTagAutomationTool/release,20230908173313,1152,,failure,34282582
eCommerce-Vinson/MarketingTagAutomationTool/release,20230911154747,1153,,failure,25760
eCommerce-Vinson/MarketingTagAutomationTool/release,20230912104108,1156,,failure,16779
eCommerce-Vinson/MarketingTagAutomationTool/release,20230913104036,1157,,failure,35767
eCommerce-Vinson/MarketingTagAutomationTool/release,20230913104140,1158,,aborted,2848548
eCommerce-Vinson/MarketingTagAutomationTool/release,20230913111405,1159,,failure,23696
eCommerce-Vinson/MarketingTagAutomationTool/release,20230913112916,1160,,failure,17818
eCommerce-Vinson/MarketingTagAutomationTool/release,20230913113009,1161,,failure,3654501
eCommerce-Vinson/MarketingTagAutomationTool/release,20230913123409,1162,,failure,17750
eCommerce-Vinson/MarketingTagAutomationTool/release,20230913123752,1163,,failure,3623945
eCommerce-Vinson/MarketingTagAutomationTool/release,20230913154538,1164,,failure,2419507
eCommerce-Vinson/MarketingTagAutomationTool/release,20230913154553,1165,,failure,18192
eCommerce-Vinson/MarketingTagAutomationTool/release,20230913160838,1166,,failure,15935
eCommerce-Vinson/MarketingTagAutomationTool/release,20230914140118,1167,,failure,30437
eCommerce-Vinson/MarketingTagAutomationTool/release,20230914140311,1168,,failure,2369858
eCommerce-Vinson/MarketingTagAutomationTool/release,20230914150310,1169,,failure,17667
eCommerce-Vinson/MarketingTagAutomationTool/release,20230914150616,1170,,failure,15500
eCommerce-Vinson/MarketingTagAutomationTool/release,20230920104151,1171,,failure,37833
eCommerce-Vinson/MarketingTagAutomationTool/release,20230920104252,1172,,failure,3110358
eCommerce-Vinson/MarketingTagAutomationTool/release,20230920124116,1173,,failure,4253
eCommerce-Vinson/MarketingTagAutomationTool/release,20230920124315,1174,,failure,15367
eCommerce-Vinson/MarketingTagAutomationTool/release,20230920124704,1175,,failure,2498
eCommerce-Vinson/MarketingTagAutomationTool/release,20230920125535,1176,,failure,14840
eCommerce-Vinson/MarketingTagAutomationTool/release,20230920130517,1177,,failure,3724567
eCommerce-Vinson/MarketingTagAutomationTool/release,20230920142038,1178,,failure,23315
eCommerce-Vinson/MarketingTagAutomationTool/release,20230920143548,1179,,failure,4439186
eCommerce-Vinson/MarketingTagAutomationTool/release,20230920155640,1180,,failure,15930
eCommerce-Vinson/MarketingTagAutomationTool/release,20230920155709,1181,,failure,3811661
eCommerce-Vinson/MarketingTagAutomationTool/release,20230921172820,1182,,failure,3940124
eCommerce-Vinson/MarketingTagAutomationTool/release,20230921172832,1183,,failure,6780587
eCommerce-Vinson/MarketingTagAutomationTool/release,20230922123623,1185,,aborted,32067
eCommerce-Vinson/MarketingTagAutomationTool/release,20230922123627,1186,,failure,17702
eCommerce-Vinson/MarketingTagAutomationTool/release,20230922123705,1187,,failure,3909420
eCommerce-Vinson/MarketingTagAutomationTool/release,20230922140459,1188,,failure,23054
eCommerce-Vinson/MarketingTagAutomationTool/release,20230922140647,1189,,failure,3979276
eCommerce-Vinson/MarketingTagAutomationTool/release,20230922152906,1190,,failure,20078
eCommerce-Vinson/MarketingTagAutomationTool/release,20230922152937,1191,,failure,3911134
eCommerce-Vinson/MarketingTagAutomationTool/release,20230922165056,1192,,failure,21747
eCommerce-Vinson/MarketingTagAutomationTool/release,20230922165057,1193,,aborted,67513
eCommerce-Vinson/MarketingTagAutomationTool/release,20230922165215,1194,,failure,3629036
eCommerce-Vinson/MarketingTagAutomationTool/release,20230922173753,1195,,failure,21803678
eCommerce-Vinson/MarketingTagAutomationTool/release,20230922173755,1196,,failure,29272
eCommerce-Vinson/MarketingTagAutomationTool/release,20230922173806,1197,,failure,16271418
eCommerce-Vinson/MarketingTagAutomationTool/release,20230922173823,1198,,failure,38232044
eCommerce-Vinson/MarketingTagAutomationTool/release,20230922173841,1199,,failure,30497696
eCommerce-Vinson/MarketingTagAutomationTool/release,20230926115746,1200,,failure,41080
eCommerce-Vinson/MarketingTagAutomationTool/release,20230926120652,1201,,failure,3677610
eCommerce-Vinson/MarketingTagAutomationTool/release,20230926120702,1202,,failure,3903674
eCommerce-Vinson/MarketingTagAutomationTool/release,20230926121504,1203,,failure,6666647
eCommerce-Vinson/MarketingTagAutomationTool/release,20230926151952,1204,,failure,16457
eCommerce-Vinson/MarketingTagAutomationTool/release,20230926152022,1205,,failure,3602890
eCommerce-Vinson/MarketingTagAutomationTool/release,20230926152245,1206,,failure,16580
eCommerce-Vinson/MarketingTagAutomationTool/release,20230927110311,1207,,failure,17352183
eCommerce-Vinson/MarketingTagAutomationTool/release,20230929004633,1215,,failure,3864
eCommerce-Vinson/MarketingTagAutomationTool/release,20230929005039,1216,,failure,2643
eCommerce-Vinson/MarketingTagAutomationTool/release,20230929005444,1217,,failure,3398
eCommerce-Vinson/MarketingTagAutomationTool/release,20230929005611,1218,,aborted,230798
eCommerce-Vinson/MarketingTagAutomationTool/release,20230929010844,1219,,aborted,66089
eCommerce-Vinson/MarketingTagAutomationTool/release,20230929025531,1220,,failure,9988
eCommerce-Vinson/MarketingTagAutomationTool/release,20230929030056,1221,,aborted,15895
eCommerce-Vinson/MarketingTagAutomationTool/release,20230929030150,1222,,failure,9172
eCommerce-Vinson/MarketingTagAutomationTool/release,20230929030517,1223,,aborted,18048
eCommerce-Vinson/MarketingTagAutomationTool/release,20230929030549,1224,,failure,14688
eCommerce-Vinson/MarketingTagAutomationTool/release,20230929030636,1225,,aborted,4893
eCommerce-Vinson/MarketingTagAutomationTool/release,20230929030650,1226,,failure,15343
eCommerce-Vinson/MarketingTagAutomationTool/release,20230929031114,1227,,aborted,4931
eCommerce-Vinson/MarketingTagAutomationTool/release,20230929031151,1228,,aborted,37709
eCommerce-Vinson/MarketingTagAutomationTool/release,20230929085208,1229,,failure,23361113
eCommerce-Vinson/MarketingTagAutomationTool/release,20231002095147,1230,,aborted,192024
eCommerce-Vinson/MarketingTagAutomationTool/release,20231002104913,1231,,failure,18613
eCommerce-Vinson/MarketingTagAutomationTool/release,20231002105209,1232,,failure,14837
eCommerce-Vinson/MarketingTagAutomationTool/release,20231002105922,1233,,failure,23367626
eCommerce-Vinson/MarketingTagAutomationTool/release,20231003085636,1234,,failure,3657728
eCommerce-Vinson/MarketingTagAutomationTool/release,20231004162536,1235,,failure,22183
eCommerce-Vinson/MarketingTagAutomationTool/release,20231004162623,1236,,failure,3830437
eCommerce-Vinson/MarketingTagAutomationTool/release,20231005100544,1237,,failure,3810232
eCommerce-Vinson/MarketingTagAutomationTool/release,20231005100558,1238,,failure,4005833
eCommerce-Vinson/MarketingTagAutomationTool/release,20231006103054,1239,,failure,24140075
eCommerce-Vinson/MarketingTagAutomationTool/release,20231006103109,1240,,failure,16543185
eCommerce-Vinson/MarketingTagAutomationTool/release,20231006103119,1241,,failure,42198188
eCommerce-Vinson/MarketingTagAutomationTool/release,20231006121644,1242,,failure,25216
eCommerce-Vinson/platform-itpm-relay-connectors/develop,20230915004339,1,,success,375294
eCommerce-Vinson/platform-itpm-relay-connectors/develop,20230915010219,2,,success,508468
eCommerce-Vinson/platform-itpm-relay-connectors/develop,20230915021450,3,,success,293367
eCommerce-Vinson/platform-itpm-relay-connectors/develop,20230915033658,4,,failure,8262
eCommerce-Vinson/platform-itpm-relay-connectors/develop,20230915034130,5,,failure,123968
eCommerce-Vinson/platform-itpm-relay-connectors/develop,20230915034726,6,,success,222687
eCommerce-Vinson/platform-itpm-relay-connectors/PM-18071%255Dca_to_can_market,20230914120938,1,,failure,42670
eCommerce-Vinson/platform-itpm-relay-connectors/release,20230913030200,1,,aborted,6846
eCommerce-Vinson/platform-itpm-relay-connectors/release,20230914120544,2,,aborted,8542
