eCommerce-Echo/scm-tools/MANIFEST-2.0,20230802054614,4,,success,65587
eCommerce-Echo/scm-tools/ECHO-131,20230130232043,13,,success,233363
eCommerce-Echo/scm-tools/ECHO-131,20230130231918,12,,success,438798
eCommerce-Echo/scm-tools/ECHO-131,20230127063236,11,,success,124212
eCommerce-Echo/scm-tools/ECHO-131,20230127063146,10,,success,63229
eCommerce-Echo/scm-tools/ECHO-131,20230126074015,9,,success,78039
eCommerce-Echo/scm-tools/ECHO-131,20230126053739,8,,success,81852
eCommerce-Echo/scm-tools/ECHO-131,20230126053554,7,,success,117007
eCommerce-Echo/scm-tools/ECHO-131,20230123072202,6,,success,62481
eCommerce-Echo/scm-tools/ECHO-131,20230123051931,5,,success,19070
eCommerce-Echo/scm-tools/ECHO-131,20230123051303,4,,success,43544
eCommerce-Echo/scm-tools/ECHO-173,20230112064807,1,,success,22757
eCommerce-Echo/scm-tools/ECHO-204,20230427110303,6,,success,69321
eCommerce-Echo/scm-tools/ECHO-204,20230427060704,5,,success,23311
eCommerce-Echo/scm-tools/ECHO-204,20230322055146,4,,success,24741
eCommerce-Echo/scm-tools/ECHO-204,20230322033501,3,,success,190570
eCommerce-Echo/scm-tools/ECHO-204,20230321064101,2,,success,49429
eCommerce-Echo/scm-tools/ECHO-204,20230321063017,1,,success,141960
eCommerce-Echo/scm-tools/ECHO-204_test,20230428082911,1,,success,51931
eCommerce-Echo/scm-tools/ECHO-24,20221220022054,1,,success,58937
eCommerce-Echo/scm-tools/ECHO-285,20230308054744,30,,success,136291
eCommerce-Echo/scm-tools/ECHO-285,20230307073342,29,,success,25327
eCommerce-Echo/scm-tools/ECHO-285,20230307072716,28,,success,42847
eCommerce-Echo/scm-tools/ECHO-285,20230307071724,27,,success,23034
eCommerce-Echo/scm-tools/ECHO-285,20230307070319,26,,success,22930
eCommerce-Echo/scm-tools/ECHO-285,20230307070134,25,,success,22733
eCommerce-Echo/scm-tools/ECHO-285,20230307065218,24,,success,29904
eCommerce-Echo/scm-tools/ECHO-285,20230307064912,23,,success,113085
eCommerce-Echo/scm-tools/ECHO-285,20230307064529,22,,success,24101
eCommerce-Echo/scm-tools/ECHO-285,20230307064454,21,,success,30817
eCommerce-Echo/scm-tools/ECHO-399,20230524040606,11,,success,79153
eCommerce-Echo/scm-tools/ECHO-399,20230524040227,10,,success,134843
eCommerce-Echo/scm-tools/ECHO-399,20230523073038,9,,success,32527
eCommerce-Echo/scm-tools/ECHO-399,20230523072345,8,,success,30988
eCommerce-Echo/scm-tools/ECHO-399,20230523072116,7,,success,96172
eCommerce-Echo/scm-tools/ECHO-399,20230523065444,6,,success,83613
eCommerce-Echo/scm-tools/ECHO-399,20230523065334,5,,success,28421
eCommerce-Echo/scm-tools/ECHO-399,20230523065131,4,,success,30114
eCommerce-Echo/scm-tools/ECHO-399,20230523063640,3,,success,31435
eCommerce-Echo/scm-tools/ECHO-399,20230523061339,2,,success,30568
eCommerce-Echo/scm-tools/ECHO-441,20230630022739,4,,success,25334
eCommerce-Echo/scm-tools/ECHO-441,20230629071951,3,,success,32420
eCommerce-Echo/scm-tools/ECHO-441,20230629063309,2,,success,43419
eCommerce-Echo/scm-tools/ECHO-441,20230627052523,1,,success,27708
eCommerce-Echo/scm-tools/master,20221220022054,1,,success,151412
eCommerce-Echo/toolchain-node-qa/release,20230622100217,5,,success,2019
eCommerce-Echo/toolchain-node-qa/release,20230622100159,4,,success,2016
eCommerce-Echo/toolchain-node-qa/release,20230622100057,3,,success,1828
eCommerce-Echo/toolchain-node-qa/release,20230622094116,2,,success,1526
eCommerce-Echo/toolchain-node-qa/release,20230622094001,1,,aborted,7478
eCommerce-Echo/toolchain-resource-model/ECHO-336,20230609033255,28,,success,2064
eCommerce-Echo/toolchain-resource-model/ECHO-336,20230531093428,27,,success,2332
eCommerce-Echo/toolchain-resource-model/ECHO-336,20230531093355,26,,success,1295
eCommerce-Echo/toolchain-resource-model/ECHO-336,20230531093331,25,,success,2345
eCommerce-Echo/toolchain-resource-model/ECHO-336,20230531093256,24,,success,2195
eCommerce-Echo/toolchain-resource-model/ECHO-460,20230622100220,6,,success,2303
eCommerce-Echo/toolchain-resource-model/ECHO-336,20230531093223,23,,success,2715
eCommerce-Echo/toolchain-resource-model/ECHO-460,20230622100030,5,,success,2542
eCommerce-Echo/toolchain-resource-model/ECHO-336,20230531093144,22,,success,2158
eCommerce-Echo/toolchain-resource-model/ECHO-460,20230622095126,4,,success,2192
eCommerce-Echo/toolchain-resource-model/ECHO-336,20230531085034,21,,success,2524
eCommerce-Echo/toolchain-resource-model/ECHO-460,20230622084218,3,,success,2211
eCommerce-Echo/toolchain-resource-model/ECHO-460,20230622083731,2,,success,1427
eCommerce-Echo/toolchain-resource-model/ECHO-336,20230531084854,20,,success,2480
eCommerce-Echo/toolchain-resource-model/master,20230531054053,3,,success,1906
eCommerce-Echo/toolchain-resource-model/ECHO-336,20230531080908,19,,success,1846
eCommerce-Echo/toolchain-resource-model/ECHO-460,20230622081118,1,,success,2093
eCommerce-Echo/toolchain-resource-model/master,20230531054011,2,,success,1950
eCommerce-Echo/toolchain-resource-model/ECHO-336,20230531080806,18,,success,1769
eCommerce-Echo/toolchain-resource-model/master,20230531053712,1,,aborted,20206
eCommerce-Echo/toolchain-resource-model/ECHO-336,20230531080432,17,,success,1967
eCommerce-Echo/scm-tools/ECHO-131,20230130232043,13,,success,233363
eCommerce-Echo/scm-tools/ECHO-131,20230130231918,12,,success,438798
eCommerce-Echo/scm-tools/ECHO-131,20230127063236,11,,success,124212
eCommerce-Echo/scm-tools/ECHO-131,20230127063146,10,,success,63229
eCommerce-Echo/scm-tools/ECHO-131,20230126074015,9,,success,78039
eCommerce-Echo/scm-tools/ECHO-131,20230126053739,8,,success,81852
eCommerce-Echo/scm-tools/ECHO-131,20230126053554,7,,success,117007
eCommerce-Echo/scm-tools/ECHO-131,20230123072202,6,,success,62481
eCommerce-Echo/scm-tools/ECHO-131,20230123051931,5,,success,19070
eCommerce-Echo/scm-tools/ECHO-131,20230123051303,4,,success,43544
eCommerce-Echo/scm-tools/ECHO-173,20230112064807,1,,success,22757
eCommerce-Echo/scm-tools/ECHO-204,20230427110303,6,,success,69321
eCommerce-Echo/scm-tools/ECHO-204,20230427060704,5,,success,23311
eCommerce-Echo/scm-tools/ECHO-204,20230322055146,4,,success,24741
eCommerce-Echo/scm-tools/ECHO-204,20230322033501,3,,success,190570
eCommerce-Echo/scm-tools/ECHO-204,20230321064101,2,,success,49429
eCommerce-Echo/scm-tools/ECHO-204,20230321063017,1,,success,141960
eCommerce-Echo/scm-tools/ECHO-204_test,20230428082911,1,,success,51931
eCommerce-Echo/scm-tools/ECHO-24,20221220022054,1,,success,58937
eCommerce-Echo/scm-tools/ECHO-285,20230308054744,30,,success,136291
eCommerce-Echo/scm-tools/ECHO-285,20230307073342,29,,success,25327
eCommerce-Echo/scm-tools/ECHO-285,20230307072716,28,,success,42847
eCommerce-Echo/scm-tools/ECHO-285,20230307071724,27,,success,23034
eCommerce-Echo/scm-tools/ECHO-285,20230307070319,26,,success,22930
eCommerce-Echo/scm-tools/ECHO-285,20230307070134,25,,success,22733
eCommerce-Echo/scm-tools/ECHO-285,20230307065218,24,,success,29904
eCommerce-Echo/scm-tools/ECHO-285,20230307064912,23,,success,113085
eCommerce-Echo/scm-tools/ECHO-285,20230307064529,22,,success,24101
eCommerce-Echo/scm-tools/ECHO-285,20230307064454,21,,success,30817
eCommerce-Echo/scm-tools/ECHO-399,20230524040606,11,,success,79153
eCommerce-Echo/scm-tools/ECHO-399,20230524040227,10,,success,134843
eCommerce-Echo/scm-tools/ECHO-399,20230523073038,9,,success,32527
eCommerce-Echo/scm-tools/ECHO-399,20230523072345,8,,success,30988
eCommerce-Echo/scm-tools/ECHO-399,20230523072116,7,,success,96172
eCommerce-Echo/scm-tools/ECHO-399,20230523065444,6,,success,83613
eCommerce-Echo/scm-tools/ECHO-399,20230523065334,5,,success,28421
eCommerce-Echo/scm-tools/ECHO-399,20230523065131,4,,success,30114
eCommerce-Echo/scm-tools/ECHO-399,20230523063640,3,,success,31435
eCommerce-Echo/scm-tools/ECHO-399,20230523061339,2,,success,30568
eCommerce-Echo/scm-tools/ECHO-441,20230630022739,4,,success,25334
eCommerce-Echo/scm-tools/ECHO-441,20230629071951,3,,success,32420
eCommerce-Echo/scm-tools/ECHO-441,20230629063309,2,,success,43419
eCommerce-Echo/scm-tools/ECHO-441,20230627052523,1,,success,27708
eCommerce-Echo/scm-tools/master,20221220022054,1,,success,151412
eCommerce-Echo/toolchain-node-qa/release,20230622100217,5,,success,2019
eCommerce-Echo/toolchain-node-qa/release,20230622100159,4,,success,2016
eCommerce-Echo/toolchain-node-qa/release,20230622100057,3,,success,1828
eCommerce-Echo/toolchain-node-qa/release,20230622094116,2,,success,1526
eCommerce-Echo/toolchain-node-qa/release,20230622094001,1,,aborted,7478
eCommerce-Echo/toolchain-resource-model/ECHO-336,20230609033255,28,,success,2064
eCommerce-Echo/toolchain-resource-model/ECHO-336,20230531093428,27,,success,2332
eCommerce-Echo/toolchain-resource-model/ECHO-336,20230531093355,26,,success,1295
eCommerce-Echo/toolchain-resource-model/ECHO-460,20230622100220,6,,success,2303
eCommerce-Echo/toolchain-resource-model/ECHO-336,20230531093331,25,,success,2345
eCommerce-Echo/toolchain-resource-model/ECHO-460,20230622100030,5,,success,2542
eCommerce-Echo/toolchain-resource-model/ECHO-336,20230531093256,24,,success,2195
eCommerce-Echo/toolchain-resource-model/ECHO-336,20230531093223,23,,success,2715
eCommerce-Echo/toolchain-resource-model/ECHO-460,20230622095126,4,,success,2192
eCommerce-Echo/toolchain-resource-model/master,20230531054053,3,,success,1906
eCommerce-Echo/toolchain-resource-model/ECHO-336,20230531093144,22,,success,2158
eCommerce-Echo/toolchain-resource-model/ECHO-460,20230622084218,3,,success,2211
eCommerce-Echo/toolchain-resource-model/master,20230531054011,2,,success,1950
eCommerce-Echo/scm-tools/ECHO-131,20230130232043,13,,success,233363
eCommerce-Echo/scm-tools/ECHO-131,20230130231918,12,,success,438798
eCommerce-Echo/scm-tools/ECHO-131,20230127063236,11,,success,124212
eCommerce-Echo/scm-tools/ECHO-131,20230127063146,10,,success,63229
eCommerce-Echo/scm-tools/ECHO-131,20230126074015,9,,success,78039
eCommerce-Echo/scm-tools/ECHO-131,20230126053739,8,,success,81852
eCommerce-Echo/scm-tools/ECHO-131,20230126053554,7,,success,117007
eCommerce-Echo/scm-tools/ECHO-131,20230123072202,6,,success,62481
eCommerce-Echo/scm-tools/ECHO-131,20230123051931,5,,success,19070
eCommerce-Echo/scm-tools/ECHO-131,20230123051303,4,,success,43544
eCommerce-Echo/scm-tools/ECHO-173,20230112064807,1,,success,22757
eCommerce-Echo/scm-tools/ECHO-204,20230427110303,6,,success,69321
eCommerce-Echo/scm-tools/ECHO-204,20230427060704,5,,success,23311
eCommerce-Echo/scm-tools/ECHO-204,20230322055146,4,,success,24741
eCommerce-Echo/scm-tools/ECHO-204,20230322033501,3,,success,190570
eCommerce-Echo/scm-tools/ECHO-204,20230321064101,2,,success,49429
eCommerce-Echo/scm-tools/ECHO-204,20230321063017,1,,success,141960
eCommerce-Echo/scm-tools/ECHO-204_test,20230428082911,1,,success,51931
eCommerce-Echo/scm-tools/ECHO-24,20221220022054,1,,success,58937
eCommerce-Echo/scm-tools/ECHO-285,20230308054744,30,,success,136291
eCommerce-Echo/scm-tools/ECHO-285,20230307073342,29,,success,25327
eCommerce-Echo/scm-tools/ECHO-285,20230307072716,28,,success,42847
eCommerce-Echo/scm-tools/ECHO-285,20230307071724,27,,success,23034
eCommerce-Echo/scm-tools/ECHO-285,20230307070319,26,,success,22930
eCommerce-Echo/scm-tools/ECHO-285,20230307070134,25,,success,22733
eCommerce-Echo/scm-tools/ECHO-285,20230307065218,24,,success,29904
eCommerce-Echo/scm-tools/ECHO-285,20230307064912,23,,success,113085
eCommerce-Echo/scm-tools/ECHO-285,20230307064529,22,,success,24101
eCommerce-Echo/scm-tools/ECHO-285,20230307064454,21,,success,30817
eCommerce-Echo/scm-tools/ECHO-399,20230524040606,11,,success,79153
eCommerce-Echo/scm-tools/ECHO-399,20230524040227,10,,success,134843
eCommerce-Echo/scm-tools/ECHO-399,20230523073038,9,,success,32527
eCommerce-Echo/scm-tools/ECHO-399,20230523072345,8,,success,30988
eCommerce-Echo/scm-tools/ECHO-399,20230523072116,7,,success,96172
eCommerce-Echo/scm-tools/ECHO-399,20230523065444,6,,success,83613
eCommerce-Echo/scm-tools/ECHO-399,20230523065334,5,,success,28421
eCommerce-Echo/scm-tools/ECHO-399,20230523065131,4,,success,30114
eCommerce-Echo/scm-tools/ECHO-399,20230523063640,3,,success,31435
eCommerce-Echo/scm-tools/ECHO-399,20230523061339,2,,success,30568
eCommerce-Echo/scm-tools/ECHO-441,20230630022739,4,,success,25334
eCommerce-Echo/scm-tools/ECHO-441,20230629071951,3,,success,32420
eCommerce-Echo/scm-tools/ECHO-441,20230629063309,2,,success,43419
eCommerce-Echo/scm-tools/ECHO-441,20230627052523,1,,success,27708
eCommerce-Echo/scm-tools/master,20221220022054,1,,success,151412
eCommerce-Echo/toolchain-node-qa/release,20230622100217,5,,success,2019
eCommerce-Echo/toolchain-node-qa/release,20230622100159,4,,success,2016
eCommerce-Echo/toolchain-node-qa/release,20230622100057,3,,success,1828
eCommerce-Echo/toolchain-node-qa/release,20230622094116,2,,success,1526
eCommerce-Echo/toolchain-node-qa/release,20230622094001,1,,aborted,7478
eCommerce-Echo/toolchain-resource-model/ECHO-336,20230609033255,28,,success,2064
eCommerce-Echo/toolchain-resource-model/ECHO-336,20230531093428,27,,success,2332
eCommerce-Echo/toolchain-resource-model/ECHO-336,20230531093355,26,,success,1295
eCommerce-Echo/toolchain-resource-model/ECHO-336,20230531093331,25,,success,2345
eCommerce-Echo/toolchain-resource-model/ECHO-336,20230531093256,24,,success,2195
eCommerce-Echo/toolchain-resource-model/ECHO-336,20230531093223,23,,success,2715
eCommerce-Echo/toolchain-resource-model/ECHO-336,20230531093144,22,,success,2158
eCommerce-Echo/toolchain-resource-model/ECHO-336,20230531085034,21,,success,2524
eCommerce-Echo/toolchain-resource-model/ECHO-336,20230531084854,20,,success,2480
eCommerce-Echo/toolchain-resource-model/ECHO-336,20230531080908,19,,success,1846
eCommerce-Echo/toolchain-resource-model/ECHO-336,20230531080806,18,,success,1769
eCommerce-Echo/toolchain-resource-model/ECHO-460,20230622100220,6,,success,2303
eCommerce-Echo/toolchain-resource-model/ECHO-336,20230531080432,17,,success,1967
eCommerce-Echo/toolchain-resource-model/ECHO-460,20230622100030,5,,success,2542
eCommerce-Echo/toolchain-resource-model/ECHO-336,20230531080406,16,,success,1590
eCommerce-Echo/toolchain-resource-model/ECHO-460,20230622095126,4,,success,2192
eCommerce-Echo/toolchain-resource-model/ECHO-336,20230531072622,15,,success,1476
eCommerce-Echo/toolchain-resource-model/ECHO-460,20230622084218,3,,success,2211
eCommerce-Echo/toolchain-resource-model/ECHO-336,20230531072514,14,,success,1712
eCommerce-Echo/toolchain-resource-model/ECHO-460,20230622083731,2,,success,1427
eCommerce-Echo/toolchain-resource-model/ECHO-460,20230622081118,1,,success,2093
eCommerce-Echo/toolchain-resource-model/master,20230531054053,3,,success,1906
eCommerce-Echo/toolchain-resource-model/master,20230531054011,2,,success,1950
eCommerce-Echo/toolchain-resource-model/master,20230531053712,1,,aborted,20206
eCommerce-Echo/scm-tools/ECHO-131,20230130232043,13,,success,233363
eCommerce-Echo/scm-tools/ECHO-131,20230130231918,12,,success,438798
eCommerce-Echo/scm-tools/ECHO-131,20230127063236,11,,success,124212
eCommerce-Echo/scm-tools/ECHO-131,20230127063146,10,,success,63229
eCommerce-Echo/scm-tools/ECHO-131,20230126074015,9,,success,78039
eCommerce-Echo/scm-tools/ECHO-131,20230126053739,8,,success,81852
eCommerce-Echo/scm-tools/ECHO-131,20230126053554,7,,success,117007
eCommerce-Echo/scm-tools/ECHO-131,20230123072202,6,,success,62481
eCommerce-Echo/scm-tools/ECHO-131,20230123051931,5,,success,19070
eCommerce-Echo/scm-tools/ECHO-131,20230123051303,4,,success,43544
eCommerce-Echo/scm-tools/ECHO-173,20230112064807,1,,success,22757
eCommerce-Echo/scm-tools/ECHO-204,20230427110303,6,,success,69321
eCommerce-Echo/scm-tools/ECHO-204,20230427060704,5,,success,23311
eCommerce-Echo/scm-tools/ECHO-204,20230322055146,4,,success,24741
eCommerce-Echo/scm-tools/ECHO-204,20230322033501,3,,success,190570
eCommerce-Echo/scm-tools/ECHO-204,20230321064101,2,,success,49429
eCommerce-Echo/scm-tools/ECHO-204,20230321063017,1,,success,141960
eCommerce-Echo/scm-tools/ECHO-204_test,20230428082911,1,,success,51931
eCommerce-Echo/scm-tools/ECHO-24,20221220022054,1,,success,58937
eCommerce-Echo/scm-tools/ECHO-285,20230308054744,30,,success,136291
eCommerce-Echo/scm-tools/ECHO-285,20230307073342,29,,success,25327
eCommerce-Echo/scm-tools/ECHO-285,20230307072716,28,,success,42847
eCommerce-Echo/scm-tools/ECHO-285,20230307071724,27,,success,23034
eCommerce-Echo/scm-tools/ECHO-285,20230307070319,26,,success,22930
eCommerce-Echo/scm-tools/ECHO-285,20230307070134,25,,success,22733
eCommerce-Echo/scm-tools/ECHO-285,20230307065218,24,,success,29904
eCommerce-Echo/scm-tools/ECHO-285,20230307064912,23,,success,113085
eCommerce-Echo/scm-tools/ECHO-285,20230307064529,22,,success,24101
eCommerce-Echo/scm-tools/ECHO-285,20230307064454,21,,success,30817
eCommerce-Echo/scm-tools/ECHO-399,20230524040606,11,,success,79153
eCommerce-Echo/scm-tools/ECHO-399,20230524040227,10,,success,134843
eCommerce-Echo/scm-tools/ECHO-399,20230523073038,9,,success,32527
eCommerce-Echo/scm-tools/ECHO-399,20230523072345,8,,success,30988
eCommerce-Echo/scm-tools/ECHO-399,20230523072116,7,,success,96172
eCommerce-Echo/scm-tools/ECHO-399,20230523065444,6,,success,83613
eCommerce-Echo/scm-tools/ECHO-399,20230523065334,5,,success,28421
eCommerce-Echo/scm-tools/ECHO-399,20230523065131,4,,success,30114
eCommerce-Echo/scm-tools/ECHO-399,20230523063640,3,,success,31435
eCommerce-Echo/scm-tools/ECHO-399,20230523061339,2,,success,30568
eCommerce-Echo/scm-tools/ECHO-441,20230630022739,4,,success,25334
eCommerce-Echo/scm-tools/ECHO-441,20230629071951,3,,success,32420
eCommerce-Echo/scm-tools/ECHO-441,20230629063309,2,,success,43419
eCommerce-Echo/scm-tools/ECHO-441,20230627052523,1,,success,27708
eCommerce-Echo/scm-tools/master,20221220022054,1,,success,151412
eCommerce-Echo/toolchain-node-qa/release,20230622100217,5,,success,2019
eCommerce-Echo/toolchain-node-qa/release,20230622100159,4,,success,2016
eCommerce-Echo/toolchain-node-qa/release,20230622100057,3,,success,1828
eCommerce-Echo/toolchain-node-qa/release,20230622094116,2,,success,1526
eCommerce-Echo/toolchain-node-qa/release,20230622094001,1,,aborted,7478
eCommerce-Echo/toolchain-resource-model/ECHO-336,20230609033255,28,,success,2064
eCommerce-Echo/toolchain-resource-model/ECHO-336,20230531093428,27,,success,2332
eCommerce-Echo/toolchain-resource-model/ECHO-336,20230531093355,26,,success,1295
eCommerce-Echo/toolchain-resource-model/ECHO-336,20230531093331,25,,success,2345
eCommerce-Echo/toolchain-resource-model/ECHO-336,20230531093256,24,,success,2195
eCommerce-Echo/toolchain-resource-model/ECHO-336,20230531093223,23,,success,2715
eCommerce-Echo/toolchain-resource-model/ECHO-336,20230531093144,22,,success,2158
eCommerce-Echo/toolchain-resource-model/ECHO-460,20230622100220,6,,success,2303
eCommerce-Echo/toolchain-resource-model/ECHO-336,20230531085034,21,,success,2524
eCommerce-Echo/toolchain-resource-model/ECHO-460,20230622100030,5,,success,2542
eCommerce-Echo/toolchain-resource-model/ECHO-336,20230531084854,20,,success,2480
eCommerce-Echo/toolchain-resource-model/ECHO-460,20230622095126,4,,success,2192
eCommerce-Echo/toolchain-resource-model/ECHO-336,20230531080908,19,,success,1846
eCommerce-Echo/toolchain-resource-model/ECHO-460,20230622084218,3,,success,2211
eCommerce-Echo/toolchain-resource-model/ECHO-336,20230531080806,18,,success,1769
eCommerce-Echo/toolchain-resource-model/ECHO-460,20230622083731,2,,success,1427
eCommerce-Echo/toolchain-resource-model/master,20230531054053,3,,success,1906
eCommerce-Echo/toolchain-resource-model/ECHO-336,20230531080432,17,,success,1967
eCommerce-Echo/toolchain-resource-model/ECHO-460,20230622081118,1,,success,2093
eCommerce-Echo/toolchain-resource-model/master,20230531054011,2,,success,1950
eCommerce-Echo/toolchain-resource-model/master,20230531053712,1,,aborted,20206
eCommerce-Echo/toolchain-resource-model/ECHO-336,20230531080406,16,,success,1590
eCommerce-Echo/toolchain-resource-model/ECHO-336,20230531072622,15,,success,1476
eCommerce-Echo/scm-tools/ECHO-131,20230130232043,13,,success,233363
eCommerce-Echo/scm-tools/ECHO-173,20230112064807,1,,success,22757
eCommerce-Echo/scm-tools/ECHO-204,20230427110303,6,,success,69321
eCommerce-Echo/scm-tools/ECHO-399,20230524040606,11,,success,79153
eCommerce-Echo/scm-tools/ECHO-441,20230630022739,4,,success,25334
eCommerce-Echo/scm-tools/ECHO-441,20230629071951,3,,success,32420
eCommerce-Echo/scm-tools/ECHO-441,20230629063309,2,,success,43419
eCommerce-Echo/scm-tools/ECHO-441,20230627052523,1,,success,27708
eCommerce-Echo/scm-tools/master,20221220022054,1,,success,151412
eCommerce-Echo/toolchain-node-qa/release,20230622100217,5,,success,2019
eCommerce-Echo/toolchain-node-qa/release,20230622100159,4,,success,2016
eCommerce-Echo/toolchain-node-qa/release,20230622100057,3,,success,1828
eCommerce-Echo/toolchain-node-qa/release,20230622094116,2,,success,1526
eCommerce-Echo/toolchain-node-qa/release,20230622094001,1,,aborted,7478
eCommerce-Echo/toolchain-resource-model/ECHO-336,20230609033255,28,,success,2064
eCommerce-Echo/toolchain-resource-model/ECHO-460,20230622100220,6,,success,2303
eCommerce-Echo/toolchain-resource-model/ECHO-460,20230622100030,5,,success,2542
eCommerce-Echo/toolchain-resource-model/ECHO-460,20230622095126,4,,success,2192
eCommerce-Echo/toolchain-resource-model/ECHO-460,20230622084218,3,,success,2211
eCommerce-Echo/toolchain-resource-model/ECHO-460,20230622083731,2,,success,1427
eCommerce-Echo/toolchain-resource-model/ECHO-460,20230622081118,1,,success,2093
eCommerce-Echo/scm-tools/ECHO-131,20230130232043,13,,success,233363
eCommerce-Echo/scm-tools/ECHO-173,20230112064807,1,,success,22757
eCommerce-Echo/scm-tools/ECHO-204,20230427110303,6,,success,69321
eCommerce-Echo/scm-tools/ECHO-399,20230524040606,11,,success,79153
eCommerce-Echo/scm-tools/ECHO-441,20230630022739,4,,success,25334
eCommerce-Echo/scm-tools/ECHO-441,20230629071951,3,,success,32420
eCommerce-Echo/scm-tools/ECHO-441,20230629063309,2,,success,43419
eCommerce-Echo/scm-tools/ECHO-441,20230627052523,1,,success,27708
eCommerce-Echo/scm-tools/master,20221220022054,1,,success,151412
eCommerce-Echo/toolchain-node-qa/release,20230622100217,5,,success,2019
eCommerce-Echo/toolchain-node-qa/release,20230622100159,4,,success,2016
eCommerce-Echo/toolchain-node-qa/release,20230622100057,3,,success,1828
eCommerce-Echo/toolchain-node-qa/release,20230622094116,2,,success,1526
eCommerce-Echo/toolchain-node-qa/release,20230622094001,1,,aborted,7478
eCommerce-Echo/toolchain-resource-model/ECHO-336,20230609033255,28,,success,2064
eCommerce-Echo/toolchain-resource-model/ECHO-460,20230622100220,6,,success,2303
eCommerce-Echo/toolchain-resource-model/ECHO-460,20230622100030,5,,success,2542
eCommerce-Echo/toolchain-resource-model/ECHO-460,20230622095126,4,,success,2192
eCommerce-Echo/toolchain-resource-model/ECHO-460,20230622084218,3,,success,2211
eCommerce-Echo/toolchain-resource-model/ECHO-460,20230622083731,2,,success,1427
eCommerce-Echo/toolchain-resource-model/ECHO-460,20230622081118,1,,success,2093
eCommerce-Echo/scm-tools/ECHO-131,20230130232043,13,,success,233363
eCommerce-Echo/scm-tools/ECHO-173,20230112064807,1,,success,22757
eCommerce-Echo/scm-tools/ECHO-204,20230427110303,6,,success,69321
eCommerce-Echo/scm-tools/ECHO-399,20230524040606,11,,success,79153
eCommerce-Echo/scm-tools/ECHO-441,20230630022739,4,,success,25334
eCommerce-Echo/scm-tools/ECHO-441,20230629071951,3,,success,32420
eCommerce-Echo/scm-tools/ECHO-441,20230629063309,2,,success,43419
eCommerce-Echo/scm-tools/ECHO-441,20230627052523,1,,success,27708
eCommerce-Echo/scm-tools/master,20221220022054,1,,success,151412
eCommerce-Echo/toolchain-node-qa/release,20230622100217,5,,success,2019
eCommerce-Echo/toolchain-node-qa/release,20230622100159,4,,success,2016
eCommerce-Echo/toolchain-node-qa/release,20230622100057,3,,success,1828
eCommerce-Echo/toolchain-node-qa/release,20230622094116,2,,success,1526
eCommerce-Echo/toolchain-node-qa/release,20230622094001,1,,aborted,7478
eCommerce-Echo/toolchain-resource-model/ECHO-336,20230609033255,28,,success,2064
eCommerce-Echo/toolchain-resource-model/ECHO-460,20230622100220,6,,success,2303
eCommerce-Echo/toolchain-resource-model/ECHO-460,20230622100030,5,,success,2542
eCommerce-Echo/toolchain-resource-model/ECHO-460,20230622095126,4,,success,2192
eCommerce-Echo/toolchain-resource-model/ECHO-460,20230622084218,3,,success,2211
eCommerce-Echo/toolchain-resource-model/ECHO-460,20230622083731,2,,success,1427
eCommerce-Echo/toolchain-resource-model/ECHO-460,20230622081118,1,,success,2093
eCommerce-Echo/scm-tools/ECHO-131,20230130232043,13,,success,233363
eCommerce-Echo/scm-tools/ECHO-173,20230112064807,1,,success,22757
eCommerce-Echo/scm-tools/ECHO-204,20230427110303,6,,success,69321
eCommerce-Echo/scm-tools/ECHO-399,20230524040606,11,,success,79153
eCommerce-Echo/scm-tools/ECHO-441,20230630022739,4,,success,25334
eCommerce-Echo/scm-tools/ECHO-441,20230629071951,3,,success,32420
eCommerce-Echo/scm-tools/ECHO-441,20230629063309,2,,success,43419
eCommerce-Echo/scm-tools/ECHO-441,20230627052523,1,,success,27708
eCommerce-Echo/scm-tools/master,20221220022054,1,,success,151412
eCommerce-Echo/toolchain-node-qa/release,20230622100217,5,,success,2019
eCommerce-Echo/toolchain-node-qa/release,20230622100159,4,,success,2016
eCommerce-Echo/toolchain-node-qa/release,20230622100057,3,,success,1828
eCommerce-Echo/toolchain-node-qa/release,20230622094116,2,,success,1526
eCommerce-Echo/toolchain-node-qa/release,20230622094001,1,,aborted,7478
eCommerce-Echo/toolchain-resource-model/ECHO-336,20230609033255,28,,success,2064
eCommerce-Echo/toolchain-resource-model/ECHO-460,20230622100220,6,,success,2303
eCommerce-Echo/toolchain-resource-model/ECHO-460,20230622100030,5,,success,2542
eCommerce-Echo/toolchain-resource-model/ECHO-460,20230622095126,4,,success,2192
eCommerce-Echo/toolchain-resource-model/ECHO-460,20230622084218,3,,success,2211
eCommerce-Echo/toolchain-resource-model/ECHO-460,20230622083731,2,,success,1427
eCommerce-Echo/toolchain-resource-model/ECHO-460,20230622081118,1,,success,2093
eCommerce-Echo/scm-tools/ECHO-131,20230130232043,13,,success,233363
eCommerce-Echo/scm-tools/ECHO-173,20230112064807,1,,success,22757
eCommerce-Echo/scm-tools/ECHO-204,20230427110303,6,,success,69321
eCommerce-Echo/scm-tools/ECHO-399,20230524040606,11,,success,79153
eCommerce-Echo/scm-tools/ECHO-441,20230630022739,4,,success,25334
eCommerce-Echo/scm-tools/ECHO-441,20230629071951,3,,success,32420
eCommerce-Echo/scm-tools/ECHO-441,20230629063309,2,,success,43419
eCommerce-Echo/scm-tools/ECHO-441,20230627052523,1,,success,27708
eCommerce-Echo/scm-tools/master,20221220022054,1,,success,151412
eCommerce-Echo/toolchain-node-qa/release,20230622100217,5,,success,2019
eCommerce-Echo/toolchain-node-qa/release,20230622100159,4,,success,2016
eCommerce-Echo/toolchain-node-qa/release,20230622100057,3,,success,1828
eCommerce-Echo/toolchain-node-qa/release,20230622094116,2,,success,1526
eCommerce-Echo/toolchain-node-qa/release,20230622094001,1,,aborted,7478
eCommerce-Echo/toolchain-resource-model/ECHO-336,20230609033255,28,,success,2064
eCommerce-Echo/toolchain-resource-model/ECHO-460,20230622100220,6,,success,2303
eCommerce-Echo/toolchain-resource-model/ECHO-460,20230622100030,5,,success,2542
eCommerce-Echo/toolchain-resource-model/ECHO-460,20230622095126,4,,success,2192
eCommerce-Echo/toolchain-resource-model/ECHO-460,20230622084218,3,,success,2211
eCommerce-Echo/toolchain-resource-model/ECHO-460,20230622083731,2,,success,1427
eCommerce-Echo/toolchain-resource-model/ECHO-460,20230622081118,1,,success,2093
eCommerce-Echo/scm-tools/ECHO-131,20230130232043,13,,success,233363
eCommerce-Echo/scm-tools/ECHO-173,20230112064807,1,,success,22757
eCommerce-Echo/scm-tools/ECHO-204,20230427110303,6,,success,69321
eCommerce-Echo/scm-tools/ECHO-399,20230524040606,11,,success,79153
eCommerce-Echo/scm-tools/ECHO-441,20230630022739,4,,success,25334
eCommerce-Echo/scm-tools/ECHO-441,20230629071951,3,,success,32420
eCommerce-Echo/scm-tools/ECHO-441,20230629063309,2,,success,43419
eCommerce-Echo/scm-tools/ECHO-441,20230627052523,1,,success,27708
eCommerce-Echo/scm-tools/master,20221220022054,1,,success,151412
eCommerce-Echo/toolchain-node-qa/release,20230622100217,5,,success,2019
eCommerce-Echo/toolchain-node-qa/release,20230622100159,4,,success,2016
eCommerce-Echo/toolchain-node-qa/release,20230622100057,3,,success,1828
eCommerce-Echo/toolchain-node-qa/release,20230622094116,2,,success,1526
eCommerce-Echo/toolchain-node-qa/release,20230622094001,1,,aborted,7478
eCommerce-Echo/toolchain-resource-model/ECHO-336,20230609033255,28,,success,2064
eCommerce-Echo/toolchain-resource-model/ECHO-460,20230622100220,6,,success,2303
eCommerce-Echo/toolchain-resource-model/ECHO-460,20230622100030,5,,success,2542
eCommerce-Echo/toolchain-resource-model/ECHO-460,20230622095126,4,,success,2192
eCommerce-Echo/toolchain-resource-model/ECHO-460,20230622084218,3,,success,2211
eCommerce-Echo/toolchain-resource-model/ECHO-460,20230622083731,2,,success,1427
eCommerce-Echo/toolchain-resource-model/ECHO-460,20230622081118,1,,success,2093
eCommerce-Echo/scm-tools/ECHO-131,20230130232043,13,,success,233363
eCommerce-Echo/scm-tools/ECHO-173,20230112064807,1,,success,22757
eCommerce-Echo/scm-tools/ECHO-204,20230427110303,6,,success,69321
eCommerce-Echo/scm-tools/ECHO-399,20230524040606,11,,success,79153
eCommerce-Echo/scm-tools/ECHO-441,20230630022739,4,,success,25334
eCommerce-Echo/scm-tools/ECHO-441,20230629071951,3,,success,32420
eCommerce-Echo/scm-tools/ECHO-441,20230629063309,2,,success,43419
eCommerce-Echo/scm-tools/ECHO-441,20230627052523,1,,success,27708
eCommerce-Echo/scm-tools/master,20221220022054,1,,success,151412
eCommerce-Echo/toolchain-node-qa/release,20230622100217,5,,success,2019
eCommerce-Echo/toolchain-node-qa/release,20230622100159,4,,success,2016
eCommerce-Echo/toolchain-node-qa/release,20230622100057,3,,success,1828
eCommerce-Echo/toolchain-node-qa/release,20230622094116,2,,success,1526
eCommerce-Echo/toolchain-node-qa/release,20230622094001,1,,aborted,7478
eCommerce-Echo/toolchain-resource-model/ECHO-336,20230609033255,28,,success,2064
eCommerce-Echo/toolchain-resource-model/ECHO-460,20230622100220,6,,success,2303
eCommerce-Echo/toolchain-resource-model/ECHO-460,20230622100030,5,,success,2542
eCommerce-Echo/toolchain-resource-model/ECHO-460,20230622095126,4,,success,2192
eCommerce-Echo/toolchain-resource-model/ECHO-460,20230622084218,3,,success,2211
eCommerce-Echo/toolchain-resource-model/ECHO-460,20230622083731,2,,success,1427
eCommerce-Echo/toolchain-resource-model/ECHO-460,20230622081118,1,,success,2093
eCommerce-Echo/scm-tools/ECHO-131,20230130232043,13,,success,233363
eCommerce-Echo/scm-tools/ECHO-173,20230112064807,1,,success,22757
eCommerce-Echo/scm-tools/ECHO-204,20230427110303,6,,success,69321
eCommerce-Echo/scm-tools/ECHO-399,20230524040606,11,,success,79153
eCommerce-Echo/scm-tools/ECHO-441,20230630022739,4,,success,25334
eCommerce-Echo/scm-tools/ECHO-441,20230629071951,3,,success,32420
eCommerce-Echo/scm-tools/ECHO-441,20230629063309,2,,success,43419
eCommerce-Echo/scm-tools/ECHO-441,20230627052523,1,,success,27708
eCommerce-Echo/scm-tools/master,20221220022054,1,,success,151412
eCommerce-Echo/toolchain-node-qa/release,20230622100217,5,,success,2019
eCommerce-Echo/toolchain-node-qa/release,20230622100159,4,,success,2016
eCommerce-Echo/toolchain-node-qa/release,20230622100057,3,,success,1828
eCommerce-Echo/toolchain-node-qa/release,20230622094116,2,,success,1526
eCommerce-Echo/toolchain-node-qa/release,20230622094001,1,,aborted,7478
eCommerce-Echo/toolchain-resource-model/ECHO-336,20230609033255,28,,success,2064
eCommerce-Echo/toolchain-resource-model/ECHO-460,20230622100220,6,,success,2303
eCommerce-Echo/toolchain-resource-model/ECHO-460,20230622100030,5,,success,2542
eCommerce-Echo/toolchain-resource-model/ECHO-460,20230622095126,4,,success,2192
eCommerce-Echo/toolchain-resource-model/ECHO-460,20230622084218,3,,success,2211
eCommerce-Echo/toolchain-resource-model/ECHO-460,20230622083731,2,,success,1427
eCommerce-Echo/scm-tools/ECHO-131,20230130232043,13,,success,233363
eCommerce-Echo/scm-tools/ECHO-173,20230112064807,1,,success,22757
eCommerce-Echo/scm-tools/ECHO-204,20230427110303,6,,success,69321
eCommerce-Echo/scm-tools/ECHO-399,20230524040606,11,,success,79153
eCommerce-Echo/scm-tools/ECHO-441,20230630022739,4,,success,25334
eCommerce-Echo/scm-tools/ECHO-441,20230629071951,3,,success,32420
eCommerce-Echo/scm-tools/ECHO-441,20230629063309,2,,success,43419
eCommerce-Echo/scm-tools/ECHO-441,20230627052523,1,,success,27708
eCommerce-Echo/scm-tools/master,20221220022054,1,,success,151412
eCommerce-Echo/toolchain-node-qa/release,20230622100217,5,,success,2019
eCommerce-Echo/toolchain-node-qa/release,20230622100159,4,,success,2016
eCommerce-Echo/toolchain-node-qa/release,20230622100057,3,,success,1828
eCommerce-Echo/toolchain-node-qa/release,20230622094116,2,,success,1526
eCommerce-Echo/toolchain-node-qa/release,20230622094001,1,,aborted,7478
eCommerce-Echo/toolchain-resource-model/ECHO-336,20230609033255,28,,success,2064
eCommerce-Echo/toolchain-resource-model/ECHO-460,20230622100220,6,,success,2303
eCommerce-Echo/toolchain-resource-model/ECHO-460,20230622100030,5,,success,2542
eCommerce-Echo/toolchain-resource-model/ECHO-460,20230622095126,4,,success,2192
eCommerce-Echo/toolchain-resource-model/ECHO-460,20230622084218,3,,success,2211
eCommerce-Echo/toolchain-resource-model/ECHO-460,20230622083731,2,,success,1427
eCommerce-Echo/toolchain-resource-model/ECHO-460,20230622081118,1,,success,2093
eCommerce-Echo/scm-tools/ECHO-131,20230130232043,13,,success,233363
eCommerce-Echo/scm-tools/ECHO-173,20230112064807,1,,success,22757
eCommerce-Echo/scm-tools/ECHO-204,20230427110303,6,,success,69321
eCommerce-Echo/scm-tools/ECHO-399,20230524040606,11,,success,79153
eCommerce-Echo/scm-tools/ECHO-441,20230630022739,4,,success,25334
eCommerce-Echo/scm-tools/ECHO-441,20230629071951,3,,success,32420
eCommerce-Echo/scm-tools/ECHO-441,20230629063309,2,,success,43419
eCommerce-Echo/scm-tools/ECHO-441,20230627052523,1,,success,27708
eCommerce-Echo/scm-tools/master,20221220022054,1,,success,151412
eCommerce-Echo/toolchain-node-qa/release,20230622100217,5,,success,2019
eCommerce-Echo/toolchain-node-qa/release,20230622100159,4,,success,2016
eCommerce-Echo/toolchain-node-qa/release,20230622100057,3,,success,1828
eCommerce-Echo/toolchain-node-qa/release,20230622094116,2,,success,1526
eCommerce-Echo/toolchain-node-qa/release,20230622094001,1,,aborted,7478
eCommerce-Echo/toolchain-resource-model/ECHO-336,20230609033255,28,,success,2064
eCommerce-Echo/toolchain-resource-model/ECHO-460,20230622100220,6,,success,2303
eCommerce-Echo/toolchain-resource-model/ECHO-460,20230622100030,5,,success,2542
eCommerce-Echo/toolchain-resource-model/ECHO-460,20230622095126,4,,success,2192
eCommerce-Echo/toolchain-resource-model/ECHO-460,20230622084218,3,,success,2211
eCommerce-Echo/toolchain-resource-model/ECHO-460,20230622083731,2,,success,1427
eCommerce-Echo/toolchain-resource-model/ECHO-460,20230622081118,1,,success,2093
eCommerce-Echo/scm-tools/ECHO-131,20230130232043,13,,success,233363
eCommerce-Echo/scm-tools/ECHO-173,20230112064807,1,,success,22757
eCommerce-Echo/scm-tools/ECHO-204,20230427110303,6,,success,69321
eCommerce-Echo/scm-tools/ECHO-399,20230524040606,11,,success,79153
eCommerce-Echo/scm-tools/ECHO-441,20230630022739,4,,success,25334
eCommerce-Echo/scm-tools/ECHO-441,20230629071951,3,,success,32420
eCommerce-Echo/scm-tools/ECHO-441,20230629063309,2,,success,43419
eCommerce-Echo/scm-tools/ECHO-441,20230627052523,1,,success,27708
eCommerce-Echo/scm-tools/master,20221220022054,1,,success,151412
eCommerce-Echo/toolchain-node-qa/release,20230622100217,5,,success,2019
eCommerce-Echo/toolchain-node-qa/release,20230622100159,4,,success,2016
eCommerce-Echo/toolchain-node-qa/release,20230622100057,3,,success,1828
eCommerce-Echo/toolchain-node-qa/release,20230622094116,2,,success,1526
eCommerce-Echo/toolchain-node-qa/release,20230622094001,1,,aborted,7478
eCommerce-Echo/toolchain-resource-model/ECHO-336,20230609033255,28,,success,2064
eCommerce-Echo/toolchain-resource-model/ECHO-460,20230622100220,6,,success,2303
eCommerce-Echo/toolchain-resource-model/ECHO-460,20230622100030,5,,success,2542
eCommerce-Echo/toolchain-resource-model/ECHO-460,20230622095126,4,,success,2192
eCommerce-Echo/toolchain-resource-model/ECHO-460,20230622084218,3,,success,2211
eCommerce-Echo/toolchain-resource-model/ECHO-460,20230622083731,2,,success,1427
eCommerce-Echo/toolchain-resource-model/ECHO-460,20230622081118,1,,success,2093
eCommerce-Echo/scm-tools/ECHO-131,20230130232043,13,,success,233363
eCommerce-Echo/scm-tools/ECHO-173,20230112064807,1,,success,22757
eCommerce-Echo/scm-tools/ECHO-204,20230427110303,6,,success,69321
eCommerce-Echo/scm-tools/ECHO-399,20230524040606,11,,success,79153
eCommerce-Echo/scm-tools/ECHO-441,20230630022739,4,,success,25334
eCommerce-Echo/scm-tools/ECHO-441,20230629071951,3,,success,32420
eCommerce-Echo/scm-tools/ECHO-441,20230629063309,2,,success,43419
eCommerce-Echo/scm-tools/ECHO-441,20230627052523,1,,success,27708
eCommerce-Echo/scm-tools/master,20221220022054,1,,success,151412
eCommerce-Echo/toolchain-node-qa/release,20230622100217,5,,success,2019
eCommerce-Echo/toolchain-node-qa/release,20230622100159,4,,success,2016
eCommerce-Echo/toolchain-node-qa/release,20230622100057,3,,success,1828
eCommerce-Echo/toolchain-node-qa/release,20230622094116,2,,success,1526
eCommerce-Echo/toolchain-node-qa/release,20230622094001,1,,aborted,7478
eCommerce-Echo/toolchain-resource-model/ECHO-336,20230609033255,28,,success,2064
eCommerce-Echo/toolchain-resource-model/ECHO-460,20230622100220,6,,success,2303
eCommerce-Echo/toolchain-resource-model/ECHO-460,20230622100030,5,,success,2542
eCommerce-Echo/toolchain-resource-model/ECHO-460,20230622095126,4,,success,2192
eCommerce-Echo/toolchain-resource-model/ECHO-460,20230622084218,3,,success,2211
eCommerce-Echo/toolchain-resource-model/ECHO-460,20230622083731,2,,success,1427
eCommerce-Echo/toolchain-resource-model/ECHO-460,20230622081118,1,,success,2093
eCommerce-Echo/scm-tools/ECHO-131,20230130232043,13,,success,233363
eCommerce-Echo/scm-tools/ECHO-173,20230112064807,1,,success,22757
eCommerce-Echo/scm-tools/ECHO-204,20230427110303,6,,success,69321
eCommerce-Echo/scm-tools/ECHO-399,20230524040606,11,,success,79153
eCommerce-Echo/scm-tools/ECHO-441,20230630022739,4,,success,25334
eCommerce-Echo/scm-tools/ECHO-441,20230629071951,3,,success,32420
eCommerce-Echo/scm-tools/ECHO-441,20230629063309,2,,success,43419
eCommerce-Echo/scm-tools/ECHO-441,20230627052523,1,,success,27708
eCommerce-Echo/scm-tools/master,20221220022054,1,,success,151412
eCommerce-Echo/toolchain-node-qa/release,20230622100217,5,,success,2019
eCommerce-Echo/toolchain-node-qa/release,20230622100159,4,,success,2016
eCommerce-Echo/toolchain-node-qa/release,20230622100057,3,,success,1828
eCommerce-Echo/toolchain-node-qa/release,20230622094116,2,,success,1526
eCommerce-Echo/toolchain-node-qa/release,20230622094001,1,,aborted,7478
eCommerce-Echo/toolchain-resource-model/ECHO-336,20230609033255,28,,success,2064
eCommerce-Echo/toolchain-resource-model/ECHO-460,20230622100220,6,,success,2303
eCommerce-Echo/toolchain-resource-model/ECHO-460,20230622100030,5,,success,2542
eCommerce-Echo/toolchain-resource-model/ECHO-460,20230622095126,4,,success,2192
eCommerce-Echo/toolchain-resource-model/ECHO-460,20230622084218,3,,success,2211
eCommerce-Echo/toolchain-resource-model/ECHO-460,20230622083731,2,,success,1427
eCommerce-Echo/toolchain-resource-model/ECHO-460,20230622081118,1,,success,2093
eCommerce-Echo/scm-tools/ECHO-131,20230130232043,13,,success,233363
eCommerce-Echo/scm-tools/ECHO-173,20230112064807,1,,success,22757
eCommerce-Echo/scm-tools/ECHO-204,20230427110303,6,,success,69321
eCommerce-Echo/scm-tools/ECHO-399,20230524040606,11,,success,79153
eCommerce-Echo/scm-tools/ECHO-441,20230630022739,4,,success,25334
eCommerce-Echo/scm-tools/ECHO-441,20230629071951,3,,success,32420
eCommerce-Echo/scm-tools/ECHO-441,20230629063309,2,,success,43419
eCommerce-Echo/scm-tools/ECHO-441,20230627052523,1,,success,27708
eCommerce-Echo/scm-tools/master,20221220022054,1,,success,151412
eCommerce-Echo/toolchain-node-qa/release,20230622100217,5,,success,2019
eCommerce-Echo/toolchain-node-qa/release,20230622100159,4,,success,2016
eCommerce-Echo/toolchain-node-qa/release,20230622100057,3,,success,1828
eCommerce-Echo/toolchain-node-qa/release,20230622094116,2,,success,1526
eCommerce-Echo/toolchain-node-qa/release,20230622094001,1,,aborted,7478
eCommerce-Echo/toolchain-resource-model/ECHO-336,20230609033255,28,,success,2064
eCommerce-Echo/toolchain-resource-model/ECHO-460,20230622100220,6,,success,2303
eCommerce-Echo/toolchain-resource-model/ECHO-460,20230622100030,5,,success,2542
eCommerce-Echo/toolchain-resource-model/ECHO-460,20230622095126,4,,success,2192
eCommerce-Echo/toolchain-resource-model/ECHO-460,20230622084218,3,,success,2211
eCommerce-Echo/toolchain-resource-model/ECHO-460,20230622083731,2,,success,1427
eCommerce-Echo/toolchain-resource-model/ECHO-460,20230622081118,1,,success,2093
eCommerce-Echo/scm-tools/ECHO-131,20230130232043,13,,success,233363
eCommerce-Echo/scm-tools/ECHO-173,20230112064807,1,,success,22757
eCommerce-Echo/scm-tools/ECHO-204,20230427110303,6,,success,69321
eCommerce-Echo/scm-tools/ECHO-399,20230524040606,11,,success,79153
eCommerce-Echo/scm-tools/ECHO-441,20230630022739,4,,success,25334
eCommerce-Echo/scm-tools/ECHO-441,20230629071951,3,,success,32420
eCommerce-Echo/scm-tools/ECHO-441,20230629063309,2,,success,43419
eCommerce-Echo/scm-tools/ECHO-441,20230627052523,1,,success,27708
eCommerce-Echo/scm-tools/master,20221220022054,1,,success,151412
eCommerce-Echo/toolchain-node-qa/release,20230622100217,5,,success,2019
eCommerce-Echo/toolchain-node-qa/release,20230622100159,4,,success,2016
eCommerce-Echo/toolchain-node-qa/release,20230622100057,3,,success,1828
eCommerce-Echo/toolchain-node-qa/release,20230622094116,2,,success,1526
eCommerce-Echo/toolchain-node-qa/release,20230622094001,1,,aborted,7478
eCommerce-Echo/toolchain-resource-model/ECHO-336,20230609033255,28,,success,2064
eCommerce-Echo/toolchain-resource-model/ECHO-460,20230622100220,6,,success,2303
eCommerce-Echo/toolchain-resource-model/ECHO-460,20230622100030,5,,success,2542
eCommerce-Echo/toolchain-resource-model/ECHO-460,20230622095126,4,,success,2192
eCommerce-Echo/toolchain-resource-model/ECHO-460,20230622084218,3,,success,2211
eCommerce-Echo/toolchain-resource-model/ECHO-460,20230622083731,2,,success,1427
eCommerce-Echo/toolchain-resource-model/ECHO-460,20230622081118,1,,success,2093
eCommerce-Echo/scm-tools/ECHO-131,20230130232043,13,,success,233363
eCommerce-Echo/scm-tools/ECHO-173,20230112064807,1,,success,22757
eCommerce-Echo/scm-tools/ECHO-204,20230427110303,6,,success,69321
eCommerce-Echo/scm-tools/ECHO-399,20230524040606,11,,success,79153
eCommerce-Echo/scm-tools/ECHO-441,20230630022739,4,,success,25334
eCommerce-Echo/scm-tools/ECHO-441,20230629071951,3,,success,32420
eCommerce-Echo/scm-tools/ECHO-441,20230629063309,2,,success,43419
eCommerce-Echo/scm-tools/ECHO-441,20230627052523,1,,success,27708
eCommerce-Echo/scm-tools/master,20221220022054,1,,success,151412
eCommerce-Echo/toolchain-node-qa/release,20230622100217,5,,success,2019
eCommerce-Echo/toolchain-node-qa/release,20230622100159,4,,success,2016
eCommerce-Echo/toolchain-node-qa/release,20230622100057,3,,success,1828
eCommerce-Echo/toolchain-node-qa/release,20230622094116,2,,success,1526
eCommerce-Echo/toolchain-node-qa/release,20230622094001,1,,aborted,7478
eCommerce-Echo/toolchain-resource-model/ECHO-336,20230609033255,28,,success,2064
eCommerce-Echo/toolchain-resource-model/ECHO-460,20230622100220,6,,success,2303
eCommerce-Echo/toolchain-resource-model/ECHO-460,20230622100030,5,,success,2542
eCommerce-Echo/toolchain-resource-model/ECHO-460,20230622095126,4,,success,2192
eCommerce-Echo/toolchain-resource-model/ECHO-460,20230622084218,3,,success,2211
eCommerce-Echo/toolchain-resource-model/ECHO-460,20230622083731,2,,success,1427
eCommerce-Echo/toolchain-resource-model/ECHO-460,20230622081118,1,,success,2093
eCommerce-Echo/scm-tools/ECHO-131,20230130232043,13,,success,233363
eCommerce-Echo/scm-tools/ECHO-173,20230112064807,1,,success,22757
eCommerce-Echo/scm-tools/ECHO-204,20230427110303,6,,success,69321
eCommerce-Echo/scm-tools/ECHO-399,20230524040606,11,,success,79153
eCommerce-Echo/scm-tools/ECHO-441,20230630022739,4,,success,25334
eCommerce-Echo/scm-tools/ECHO-441,20230629071951,3,,success,32420
eCommerce-Echo/scm-tools/ECHO-441,20230629063309,2,,success,43419
eCommerce-Echo/scm-tools/ECHO-441,20230627052523,1,,success,27708
eCommerce-Echo/scm-tools/master,20221220022054,1,,success,151412
eCommerce-Echo/toolchain-node-qa/release,20230622100217,5,,success,2019
eCommerce-Echo/toolchain-node-qa/release,20230622100159,4,,success,2016
eCommerce-Echo/toolchain-node-qa/release,20230622100057,3,,success,1828
eCommerce-Echo/toolchain-node-qa/release,20230622094116,2,,success,1526
eCommerce-Echo/toolchain-node-qa/release,20230622094001,1,,aborted,7478
eCommerce-Echo/toolchain-resource-model/ECHO-336,20230609033255,28,,success,2064
eCommerce-Echo/toolchain-resource-model/ECHO-460,20230622100220,6,,success,2303
eCommerce-Echo/toolchain-resource-model/ECHO-460,20230622100030,5,,success,2542
eCommerce-Echo/toolchain-resource-model/ECHO-460,20230622095126,4,,success,2192
eCommerce-Echo/toolchain-resource-model/ECHO-460,20230622084218,3,,success,2211
eCommerce-Echo/toolchain-resource-model/ECHO-460,20230622083731,2,,success,1427
eCommerce-Echo/scm-tools/ECHO-131,20230130232043,13,,success,233363
eCommerce-Echo/scm-tools/ECHO-173,20230112064807,1,,success,22757
eCommerce-Echo/scm-tools/ECHO-204,20230427110303,6,,success,69321
eCommerce-Echo/scm-tools/ECHO-399,20230524040606,11,,success,79153
eCommerce-Echo/scm-tools/ECHO-441,20230630022739,4,,success,25334
eCommerce-Echo/scm-tools/ECHO-441,20230629071951,3,,success,32420
eCommerce-Echo/scm-tools/ECHO-441,20230629063309,2,,success,43419
eCommerce-Echo/scm-tools/ECHO-441,20230627052523,1,,success,27708
eCommerce-Echo/scm-tools/master,20221220022054,1,,success,151412
eCommerce-Echo/toolchain-node-qa/release,20230622100217,5,,success,2019
eCommerce-Echo/toolchain-node-qa/release,20230622100159,4,,success,2016
eCommerce-Echo/toolchain-node-qa/release,20230622100057,3,,success,1828
eCommerce-Echo/toolchain-node-qa/release,20230622094116,2,,success,1526
eCommerce-Echo/toolchain-node-qa/release,20230622094001,1,,aborted,7478
eCommerce-Echo/toolchain-resource-model/ECHO-336,20230609033255,28,,success,2064
eCommerce-Echo/toolchain-resource-model/ECHO-460,20230622100220,6,,success,2303
eCommerce-Echo/toolchain-resource-model/ECHO-460,20230622100030,5,,success,2542
eCommerce-Echo/toolchain-resource-model/ECHO-460,20230622095126,4,,success,2192
eCommerce-Echo/toolchain-resource-model/ECHO-460,20230622084218,3,,success,2211
eCommerce-Echo/toolchain-resource-model/ECHO-460,20230622083731,2,,success,1427
eCommerce-Echo/toolchain-resource-model/ECHO-460,20230622081118,1,,success,2093
eCommerce-Echo/toolchain-node-qa/release,20230622100217,5,,success,2019
eCommerce-Echo/toolchain-node-qa/release,20230622100159,4,,success,2016
eCommerce-Echo/toolchain-node-qa/release,20230622100057,3,,success,1828
eCommerce-Echo/toolchain-node-qa/release,20230622094116,2,,success,1526
eCommerce-Echo/toolchain-node-qa/release,20230622094001,1,,aborted,7478
eCommerce-Echo/toolchain-resource-model/ECHO-336,20230609033255,28,,success,2064
eCommerce-Echo/toolchain-resource-model/ECHO-460,20230622100220,6,,success,2303
eCommerce-Echo/toolchain-resource-model/ECHO-460,20230622100030,5,,success,2542
eCommerce-Echo/toolchain-resource-model/ECHO-460,20230622095126,4,,success,2192
eCommerce-Echo/toolchain-resource-model/ECHO-460,20230622084218,3,,success,2211
eCommerce-Echo/toolchain-resource-model/ECHO-460,20230622083731,2,,success,1427
eCommerce-Echo/toolchain-resource-model/ECHO-460,20230622081118,1,,success,2093
eCommerce-Echo/scm-tools/ECHO-131,20230130232043,13,,success,233363
eCommerce-Echo/scm-tools/ECHO-173,20230112064807,1,,success,22757
eCommerce-Echo/scm-tools/ECHO-204,20230427110303,6,,success,69321
eCommerce-Echo/scm-tools/ECHO-399,20230524040606,11,,success,79153
eCommerce-Echo/scm-tools/ECHO-441,20230630022739,4,,success,25334
eCommerce-Echo/scm-tools/ECHO-441,20230629071951,3,,success,32420
eCommerce-Echo/scm-tools/ECHO-441,20230629063309,2,,success,43419
eCommerce-Echo/scm-tools/ECHO-441,20230627052523,1,,success,27708
eCommerce-Echo/scm-tools/master,20221220022054,1,,success,151412
eCommerce-Echo/toolchain-node-qa/release,20230622100217,5,,success,2019
eCommerce-Echo/toolchain-node-qa/release,20230622100159,4,,success,2016
eCommerce-Echo/toolchain-node-qa/release,20230622100057,3,,success,1828
eCommerce-Echo/toolchain-node-qa/release,20230622094116,2,,success,1526
eCommerce-Echo/toolchain-node-qa/release,20230622094001,1,,aborted,7478
eCommerce-Echo/toolchain-resource-model/ECHO-336,20230609033255,28,,success,2064
eCommerce-Echo/toolchain-resource-model/ECHO-460,20230622100220,6,,success,2303
eCommerce-Echo/toolchain-resource-model/ECHO-460,20230622100030,5,,success,2542
eCommerce-Echo/toolchain-resource-model/ECHO-460,20230622095126,4,,success,2192
eCommerce-Echo/toolchain-resource-model/ECHO-460,20230622084218,3,,success,2211
eCommerce-Echo/toolchain-resource-model/ECHO-460,20230622083731,2,,success,1427
eCommerce-Echo/toolchain-resource-model/ECHO-460,20230622081118,1,,success,2093
eCommerce-Echo/scm-tools/ECHO-131,20230130232043,13,,success,233363
eCommerce-Echo/scm-tools/ECHO-173,20230112064807,1,,success,22757
eCommerce-Echo/scm-tools/ECHO-204,20230427110303,6,,success,69321
eCommerce-Echo/scm-tools/ECHO-399,20230524040606,11,,success,79153
eCommerce-Echo/scm-tools/ECHO-441,20230630022739,4,,success,25334
eCommerce-Echo/scm-tools/ECHO-441,20230629071951,3,,success,32420
eCommerce-Echo/scm-tools/ECHO-441,20230629063309,2,,success,43419
eCommerce-Echo/scm-tools/ECHO-441,20230627052523,1,,success,27708
eCommerce-Echo/scm-tools/master,20221220022054,1,,success,151412
eCommerce-Echo/toolchain-node-qa/release,20230622100217,5,,success,2019
eCommerce-Echo/toolchain-node-qa/release,20230622100159,4,,success,2016
eCommerce-Echo/toolchain-node-qa/release,20230622100057,3,,success,1828
eCommerce-Echo/toolchain-node-qa/release,20230622094116,2,,success,1526
eCommerce-Echo/toolchain-node-qa/release,20230622094001,1,,aborted,7478
eCommerce-Echo/toolchain-resource-model/ECHO-336,20230609033255,28,,success,2064
eCommerce-Echo/toolchain-resource-model/ECHO-460,20230622100220,6,,success,2303
eCommerce-Echo/toolchain-resource-model/ECHO-460,20230622100030,5,,success,2542
eCommerce-Echo/toolchain-resource-model/ECHO-460,20230622095126,4,,success,2192
eCommerce-Echo/toolchain-resource-model/ECHO-460,20230622084218,3,,success,2211
eCommerce-Echo/toolchain-resource-model/ECHO-460,20230622083731,2,,success,1427
eCommerce-Echo/toolchain-resource-model/ECHO-460,20230622081118,1,,success,2093
eCommerce-Echo/scm-tools/ECHO-131,20230130232043,13,,success,233363
eCommerce-Echo/scm-tools/ECHO-173,20230112064807,1,,success,22757
eCommerce-Echo/scm-tools/ECHO-204,20230427110303,6,,success,69321
eCommerce-Echo/scm-tools/ECHO-399,20230524040606,11,,success,79153
eCommerce-Echo/scm-tools/ECHO-441,20230630022739,4,,success,25334
eCommerce-Echo/scm-tools/ECHO-441,20230629071951,3,,success,32420
eCommerce-Echo/scm-tools/ECHO-441,20230629063309,2,,success,43419
eCommerce-Echo/scm-tools/ECHO-441,20230627052523,1,,success,27708
eCommerce-Echo/scm-tools/master,20221220022054,1,,success,151412
eCommerce-Echo/toolchain-node-qa/release,20230622100217,5,,success,2019
eCommerce-Echo/toolchain-node-qa/release,20230622100159,4,,success,2016
eCommerce-Echo/toolchain-node-qa/release,20230622100057,3,,success,1828
eCommerce-Echo/toolchain-node-qa/release,20230622094116,2,,success,1526
eCommerce-Echo/toolchain-node-qa/release,20230622094001,1,,aborted,7478
eCommerce-Echo/toolchain-resource-model/ECHO-336,20230609033255,28,,success,2064
eCommerce-Echo/toolchain-resource-model/ECHO-460,20230622100220,6,,success,2303
eCommerce-Echo/toolchain-resource-model/ECHO-460,20230622100030,5,,success,2542
eCommerce-Echo/toolchain-resource-model/ECHO-460,20230622095126,4,,success,2192
eCommerce-Echo/toolchain-resource-model/ECHO-460,20230622084218,3,,success,2211
eCommerce-Echo/toolchain-resource-model/ECHO-460,20230622083731,2,,success,1427
eCommerce-Echo/toolchain-resource-model/ECHO-460,20230622081118,1,,success,2093
eCommerce-Echo/scm-tools/ECHO-131,20230130232043,13,,success,233363
eCommerce-Echo/scm-tools/ECHO-173,20230112064807,1,,success,22757
eCommerce-Echo/scm-tools/ECHO-204,20230427110303,6,,success,69321
eCommerce-Echo/scm-tools/ECHO-399,20230524040606,11,,success,79153
eCommerce-Echo/scm-tools/ECHO-441,20230630022739,4,,success,25334
eCommerce-Echo/scm-tools/ECHO-441,20230629071951,3,,success,32420
eCommerce-Echo/scm-tools/ECHO-441,20230629063309,2,,success,43419
eCommerce-Echo/scm-tools/ECHO-441,20230627052523,1,,success,27708
eCommerce-Echo/scm-tools/master,20221220022054,1,,success,151412
eCommerce-Echo/toolchain-node-qa/release,20230622100217,5,,success,2019
eCommerce-Echo/toolchain-node-qa/release,20230622100159,4,,success,2016
eCommerce-Echo/toolchain-node-qa/release,20230622100057,3,,success,1828
eCommerce-Echo/toolchain-node-qa/release,20230622094116,2,,success,1526
eCommerce-Echo/toolchain-node-qa/release,20230622094001,1,,aborted,7478
eCommerce-Echo/toolchain-resource-model/ECHO-336,20230609033255,28,,success,2064
eCommerce-Echo/toolchain-resource-model/ECHO-460,20230622100220,6,,success,2303
eCommerce-Echo/toolchain-resource-model/ECHO-460,20230622100030,5,,success,2542
eCommerce-Echo/toolchain-resource-model/ECHO-460,20230622095126,4,,success,2192
eCommerce-Echo/toolchain-resource-model/ECHO-460,20230622084218,3,,success,2211
eCommerce-Echo/toolchain-resource-model/ECHO-460,20230622083731,2,,success,1427
eCommerce-Echo/toolchain-resource-model/ECHO-460,20230622081118,1,,success,2093
eCommerce-Echo/scm-tools/ECHO-131,20230130232043,13,,success,233363
eCommerce-Echo/scm-tools/ECHO-173,20230112064807,1,,success,22757
eCommerce-Echo/scm-tools/ECHO-204,20230427110303,6,,success,69321
eCommerce-Echo/scm-tools/ECHO-399,20230524040606,11,,success,79153
eCommerce-Echo/scm-tools/ECHO-441,20230630022739,4,,success,25334
eCommerce-Echo/scm-tools/ECHO-441,20230629071951,3,,success,32420
eCommerce-Echo/scm-tools/ECHO-441,20230629063309,2,,success,43419
eCommerce-Echo/scm-tools/ECHO-441,20230627052523,1,,success,27708
eCommerce-Echo/scm-tools/master,20221220022054,1,,success,151412
eCommerce-Echo/toolchain-node-qa/release,20230622100217,5,,success,2019
eCommerce-Echo/toolchain-node-qa/release,20230622100159,4,,success,2016
eCommerce-Echo/toolchain-node-qa/release,20230622100057,3,,success,1828
eCommerce-Echo/toolchain-node-qa/release,20230622094116,2,,success,1526
eCommerce-Echo/toolchain-node-qa/release,20230622094001,1,,aborted,7478
eCommerce-Echo/toolchain-resource-model/ECHO-336,20230609033255,28,,success,2064
eCommerce-Echo/toolchain-resource-model/ECHO-460,20230622100220,6,,success,2303
eCommerce-Echo/toolchain-resource-model/ECHO-460,20230622100030,5,,success,2542
eCommerce-Echo/toolchain-resource-model/ECHO-460,20230622095126,4,,success,2192
eCommerce-Echo/toolchain-resource-model/ECHO-460,20230622084218,3,,success,2211
eCommerce-Echo/toolchain-resource-model/ECHO-460,20230622083731,2,,success,1427
eCommerce-Echo/toolchain-resource-model/ECHO-460,20230622081118,1,,success,2093
