eCommerce-Kangto/datafeeds-app/TCE-25328,20230912074409,1,,success,680148
eCommerce-Kangto/dp-baselogic/ADMIN-REDIRECTS,20230921112809,4,,success,3482360
eCommerce-Kangto/dp-baselogic/PM-18066,20230921212032,1,,failure,284070
eCommerce-Kangto/dp-baselogic/PM-18066,20230921222141,2,,success,3260302
eCommerce-Kangto/dp-baselogic/PM-18066,20230922043031,3,,failure,970635
eCommerce-Kangto/dp-baselogic/PM-18066,20230922071723,4,,success,3362523
eCommerce-Kangto/dp-baselogic/TCE-24550,20230912082933,1,,success,3134969
eCommerce-Kangto/dp-baselogic/TCE-24550,20230915034713,2,,success,3590737
eCommerce-Kangto/dp-baselogic/TCE-24550,20230921054156,3,,success,4429134
eCommerce-Kangto/dp-baselogic/TCE-24550-LATEST,20230921064145,1,,success,7691452
eCommerce-Kangto/dp-baselogic/TCE-25219,20230927072657,10,,success,2556564
eCommerce-Kangto/dp-baselogic/TCE-25219,20230927082631,11,,success,2436621
eCommerce-Kangto/dp-baselogic/TCE-25219,20230927231825,12,,failure,235341
eCommerce-Kangto/dp-baselogic/TCE-25219,20230928084155,13,,success,3219407
eCommerce-Kangto/dp-baselogic/TCE-25219,20230928084624,14,,success,3395164
eCommerce-Kangto/dp-baselogic/TCE-25219,20230928084756,15,,success,3332013
eCommerce-Kangto/dp-baselogic/TCE-25219,20230928110404,16,,success,2718666
eCommerce-Kangto/dp-baselogic/TCE-25219,20230928112804,17,,unstable,2763570
eCommerce-Kangto/dp-baselogic/TCE-25219,20230928114627,18,,unstable,3033512
eCommerce-Kangto/dp-baselogic/TCE-25219,20230928122929,19,,success,2717333
eCommerce-Kangto/dp-baselogic/TCE-25219-23-18,20230928123715,1,,success,2824621
eCommerce-Kangto/dp-baselogic/TCE-25219-23-18,20230928124018,2,,success,2760191
eCommerce-Kangto/dp-baselogic/TCE-25328-2316,20230912082556,3,,success,2519476
eCommerce-Kangto/dp-baselogic/TCE-25450,20230921112856,1,,failure,2248439
eCommerce-Kangto/dp-baselogic/TCE-25450,20230921112946,2,,failure,2254028
eCommerce-Kangto/dp-baselogic/TCE-25450,20230922000331,3,,failure,2810485
eCommerce-Kangto/ecom-svc-catalog/PM-18066,20230914130851,1,,success,591305
eCommerce-Kangto/ecom-svc-catalog/PM-18066-LATEST,20230918214627,1,,success,533928
eCommerce-Kangto/ecom-svc-catalog/TCE-25219,20230928022328,1,,success,599084
eCommerce-Kangto/ecom-svc-catalog/TCE-25219,20230928031538,2,,failure,2996221
eCommerce-Kangto/ecom-svc-catalog/TCE-25219,20230928031652,3,,failure,3283268
eCommerce-Kangto/ecom-svc-catalog/TCE-25450,20230929141859,1,,success,727025
eCommerce-Kangto/ecom-svc-catalog/TCE-25601,20230920124050,1,,success,732996
eCommerce-Kangto/ecom-svc-catalog-webapp/PM-18066,20230914211138,1,,success,884901
eCommerce-Kangto/ecom-svc-catalog-webapp/PM-18066-LATEST,20230918223143,1,,success,705608
eCommerce-Kangto/ecom-svc-catalog-webapp/TCE-25450,20230924221825,1,,failure,1316222
eCommerce-Kangto/ecom-svc-catalog-webapp/TCE-25450,20230925123943,2,,failure,779537
eCommerce-Kangto/ecom-svc-catalog-webapp/TCE-25450,20230928125706,3,,success,895441
eCommerce-Kangto/ecom-svc-catalog-webapp/TCE-25601,20230920212826,1,,failure,679576
eCommerce-Kangto/ecom-svc-catalog-webapp/TCE-25601,20230920221951,2,,success,1035021
eCommerce-Kangto/ecom-svc-catalog-webapp/TCE-25601,20230921171338,3,,success,952893
eCommerce-Kangto/ecom-svc-catalog-webapp/TCE-25601,20230922013635,4,,success,1512844
eCommerce-Kangto/ecom-svc-catalog-webapp/TCE-25601,20230925210712,5,,success,887487
eCommerce-Kangto/ecom-svc-catalog-webapp/TCE-25935,20230928085441,1,,failure,933658
eCommerce-Kangto/ecom-svc-delivery-estimate/bopis-atp-calls,20230914234641,1,,success,156826
eCommerce-Kangto/ecom-svc-delivery-estimate/bopis-atp-calls,20230915000347,2,,unstable,183871
eCommerce-Kangto/ecom-svc-delivery-estimate/PM-18066,20230914203859,1,,success,310647
eCommerce-Kangto/ecom-svc-delivery-estimate/PM-18066-LATEST,20230918221314,1,,success,332630
eCommerce-Kangto/ecom-svc-delivery-estimate/TCE-25219,20230926200313,1,,success,263475
eCommerce-Kangto/ecom-svc-delivery-estimate/TCE-25450,20230926105734,1,,success,244740
eCommerce-Kangto/ecom-svc-delivery-estimate/TCE-25450,20230926105753,2,,success,238511
eCommerce-Kangto/ecom-svc-delivery-estimate/TCE-25601,20230920131032,1,,success,257398
eCommerce-Kangto/ecom-svc-delivery-estimate/TCE-25601,20230920131331,2,,success,225249
eCommerce-Kangto/ecom-svc-delivery-estimate/TCE-25601,20230920210011,3,,success,370673
eCommerce-Kangto/ecom-svc-delivery-estimate/TCE-25601,20230921122850,4,,unstable,243679
eCommerce-Kangto/ecom-svc-delivery-estimate/TCE-25601,20230921163905,5,,unstable,336726
eCommerce-Kangto/ecom-svc-delivery-estimate/TCE-25601,20230921164046,6,,unstable,336980
eCommerce-Kangto/ecom-svc-delivery-estimate/TCE-25601,20230921165246,7,,success,320699
eCommerce-Kangto/ecom-svc-delivery-estimate/TCE-25601,20230925204056,8,,success,264460
eCommerce-Kangto/ecom-svc-delivery-estimate/TCE-25935,20230927083143,1,,success,167747
eCommerce-Kangto/ecom-svc-delivery-estimate/TCE-25971,20230928072153,1,,failure,140192
eCommerce-Kangto/ecom-svc-delivery-estimate/TCE-25971,20230928072644,2,,success,163095
eCommerce-Kangto/ecom-svc-delivery-estimate/TCE-25971,20230928081517,3,,success,199154
eCommerce-Kangto/event-notification-service/develop,20230915024802,1,,success,411892
eCommerce-Kangto/inventory/PM-18066,20230914082555,1,,success,1583053
eCommerce-Kangto/inventory/PM-18066,20230918103954,2,,unstable,1336034
eCommerce-Kangto/inventory/PM-18066-LATEST,20230918104212,1,,success,1531947
eCommerce-Kangto/inventory/PM-18066-LATEST,20230918112518,2,,success,1576185
eCommerce-Kangto/inventory/PM-18066-LATEST,20230918113831,3,,success,1119698
eCommerce-Kangto/inventory/PM-18066-LATEST,20230918115407,4,,failure,149627
eCommerce-Kangto/inventory/PM-18066-LATEST,20230918120925,5,,failure,154230
eCommerce-Kangto/inventory/PM-18066-LATEST,20230918121544,6,,success,1404931
eCommerce-Kangto/inventory/PM-18066-LATEST,20230918210219,7,,success,1432668
eCommerce-Kangto/inventory/TCE-25450,20230929103055,1,,success,1201038
eCommerce-Kangto/inventory/TCE-25601,20230920064759,1,,failure,1166797
eCommerce-Kangto/inventory/TCE-25601,20230920064944,2,,failure,1167806
eCommerce-Kangto/inventory/TCE-25601,20230920073053,3,,success,1309406
eCommerce-Kangto/inventory/TCE-25601,20230920092923,4,,failure,1182202
eCommerce-Kangto/inventory/TCE-25601,20230920101742,5,,success,1369833
eCommerce-Kangto/inventory/TCE-25601,20230920103157,6,,failure,1200096
eCommerce-Kangto/inventory/TCE-25601,20230920103408,7,,success,1423301
eCommerce-Kangto/inventory/TCE-25601,20230920103828,8,,success,1280648
eCommerce-Kangto/inventory/TCE-25971,20230927233113,1,,failure,963853
eCommerce-Kangto/inventory/TCE-25971,20230927233342,2,,failure,91809
eCommerce-Kangto/inventory/TCE-25971,20230927235405,3,,failure,1185675
eCommerce-Kangto/membership-service/config-raml,20230915030412,1,,failure,263693
eCommerce-Kangto/membership-service/HIM-284-Review,20230915030405,1,,unstable,366892
eCommerce-Kangto/membership-service/HIM-325,20230915030405,1,,unstable,319422
eCommerce-Kangto/membership-service/HIM-53-Review,20230915030410,1,,unstable,259261
eCommerce-Kangto/membership-service/mnazim,20230915030415,1,,failure,1434542
