eCommerce-Huron/dp-end2end/FEATURE-RGSN-39079,20230606210830,21,,success,57198
eCommerce-Huron/dp-end2end/FEATURE-RGSN-39079,20230606212011,22,,success,58536
eCommerce-Huron/dp-end2end/FEATURE-RGSN-39079,20230606222512,23,,success,59818
eCommerce-Huron/dp-end2end/FEATURE-RGSN-39079,20230607044524,24,,success,59258
eCommerce-Huron/dp-end2end/FEATURE-RGSN-39079,20230607044843,25,,success,55249
eCommerce-Huron/dp-end2end/FEATURE-RGSN-39079,20230607235010,26,,success,58948
eCommerce-Huron/dp-end2end/FEATURE-RGSN-39079,20230611215713,27,,success,48521
eCommerce-Huron/dp-end2end/FEATURE-RGSN-39079,20230611224416,28,,success,48970
eCommerce-Huron/dp-end2end/FEATURE-RGSN-39079,20230611225624,29,,success,50996
eCommerce-Huron/dp-end2end/FEATURE-RGSN-39079,20230613022811,30,,success,48829
eCommerce-Huron/dp-end2end/FEATURE-RGSN-39079,20230613035024,31,,success,48781
eCommerce-Huron/dp-end2end/FEATURE-RGSN-39079,20230613035532,32,,success,48920
eCommerce-Huron/dp-end2end/FEATURE-RGSN-39079,20230613040307,33,,success,50245
eCommerce-Huron/dp-end2end/FEATURE-RGSN-39079,20230613040343,34,,success,47400
eCommerce-Huron/dp-end2end/FEATURE-RGSN-39079,20230614045358,35,,failure,46383
eCommerce-Huron/dp-end2end/FEATURE-RGSN-39079,20230614050145,36,,success,48379
eCommerce-Huron/dp-end2end/FEATURE-RGSN-39079,20230614051034,37,,success,48326
eCommerce-Huron/dp-end2end/FEATURE-RGSN-39079,20230614051501,38,,success,47905
eCommerce-Huron/dp-end2end/FEATURE-RGSN-39079,20230614053754,39,,success,48747
eCommerce-Huron/dp-end2end/FEATURE-RGSN-39079,20230614054347,40,,success,47460
eCommerce-Huron/dp-end2end/FEATURE-RGSN-39079,20230614060412,41,,success,48432
eCommerce-Huron/dp-end2end/FEATURE-RGSN-39079,20230614060804,42,,success,50212
eCommerce-Huron/dp-end2end/FEATURE-RGSN-39079,20230614062905,43,,success,53591
eCommerce-Huron/dp-end2end/FEATURE-RGSN-39079,20230615061942,44,,success,58546
eCommerce-Huron/dp-end2end/FEATURE-RGSN-39079,20230615071642,45,,success,57637
eCommerce-Huron/dp-end2end/FEATURE-RGSN-39079,20230615222708,46,,success,54918
eCommerce-Huron/dp-end2end/FEATURE-RGSN-39079,20230619004555,47,,success,53847
eCommerce-Huron/dp-end2end/FEATURE-RGSN-39079,20230619210309,48,,success,54151
eCommerce-Huron/dp-end2end/FEATURE-RGSN-39079,20230619215602,49,,failure,49695
eCommerce-Huron/dp-end2end/FEATURE-RGSN-39079,20230619220359,50,,success,57964
eCommerce-Huron/dp-end2end/FEATURE-RGSN-39079,20230619221119,51,,success,59337
eCommerce-Huron/dp-end2end/FEATURE-RGSN-39079,20230619221139,52,,success,59900
eCommerce-Huron/dp-end2end/FEATURE-RGSN-39079,20230619221740,53,,success,53489
eCommerce-Huron/dp-end2end/FEATURE-RGSN-39079,20230619221902,54,,success,56400
eCommerce-Huron/dp-end2end/FEATURE-RGSN-39079,20230619222117,55,,success,56483
eCommerce-Huron/dp-end2end/FEATURE-RGSN-39079,20230619224159,56,,success,54178
eCommerce-Huron/dp-end2end/FEATURE-RGSN-39079,20230619231757,57,,success,57915
eCommerce-Huron/dp-end2end/FEATURE-RGSN-39079,20230620094800,58,,success,59716
eCommerce-Huron/dp-end2end/FEATURE-RGSN-39079,20230620095619,59,,success,54887
eCommerce-Huron/dp-end2end/FEATURE-RGSN-39079,20230620095711,60,,success,56638
eCommerce-Huron/dp-end2end/FEATURE-RGSN-39079,20230620112513,61,,success,55976
eCommerce-Huron/dp-end2end/FEATURE-RGSN-39079,20230620201952,62,,success,56486
eCommerce-Huron/dp-end2end/FEATURE-RGSN-39079,20230620202109,63,,success,54604
eCommerce-Huron/dp-end2end/FEATURE-RGSN-39079_LATEST,20230619235909,1,,success,53087
eCommerce-Huron/dp-end2end/FEATURE-RGSN-39079_LATEST,20230620030557,2,,success,53372
eCommerce-Huron/dp-end2end/release,20230615102731,17,,success,55407
eCommerce-Huron/dp-end2end/review-RGSN-38150,20230628020904,6,,success,55877
eCommerce-Huron/dp-end2end/review-RGSN-38150,20230628021949,7,,success,55278
eCommerce-Huron/dp-end2end/review-RGSN-38150,20230628022102,8,,success,53478
eCommerce-Huron/dp-end2end/review-RGSN-38150,20230703012616,9,,success,54166
eCommerce-Huron/dp-end2end/review-RGSN-38150,20230703012939,10,,success,56974
eCommerce-Huron/dp-end2end/review-RGSN-38150,20230703071555,11,,success,50248
eCommerce-Huron/dp-end2end/review-RGSN-38150,20230703072416,12,,success,52839
eCommerce-Huron/dp-end2end/review-RGSN-38173,20230703013816,16,,success,54422
eCommerce-Huron/dp-end2end/review-RGSN-38690,20230608141940,42,,success,56489
eCommerce-Huron/dp-end2end/review-RGSN-38690,20230609080050,43,,success,54676
eCommerce-Huron/dp-end2end/review-RGSN-38690,20230612011514,44,,success,51297
eCommerce-Huron/dp-end2end/review-RGSN-38690,20230620040525,45,,success,53363
eCommerce-Huron/dp-end2end/review-RGSN-38690,20230621224639,46,,success,54607
eCommerce-Huron/dp-end2end/review-RGSN-38690,20230625211041,47,,success,52872
eCommerce-Huron/dp-end2end/review-RGSN-38690,20230625232815,48,,success,57537
eCommerce-Huron/dp-end2end/review-RGSN-38690,20230630003947,49,,success,57109
eCommerce-Huron/dp-end2end/review-RGSN-39051,20230625225212,1,,success,57295
eCommerce-Huron/dp-end2end/review-RGSN-39054,20230616033457,1,,success,52710
eCommerce-Huron/dp-end2end/review-RGSN-39054,20230619220325,2,,failure,51342
eCommerce-Huron/dp-end2end/review-RGSN-39054,20230619231352,3,,success,55602
eCommerce-Huron/dp-end2end/review-RGSN-39054,20230621201313,4,,success,53552
eCommerce-Huron/dp-end2end/review-RGSN-39054,20230629193445,5,,success,52163
eCommerce-Huron/dp-end2end/review-RGSN-39054,20230630040619,6,,success,56779
eCommerce-Huron/dp-end2end/review-RGSN-39054,20230630083448,7,,success,55440
eCommerce-Huron/dp-end2end/review-RGSN-39057,20230702224203,1,,success,57042
eCommerce-Huron/dp-end2end/review-RGSN-39057,20230702231137,2,,success,52978
eCommerce-Huron/dp-end2end/review-RGSN-39059,20230615004745,1,,success,52265
eCommerce-Huron/dp-end2end/review-RGSN-39059,20230615203545,2,,success,50641
eCommerce-Huron/dp-end2end/review-RGSN-39059,20230619225236,3,,failure,47732
eCommerce-Huron/dp-end2end/review-RGSN-39059,20230619231048,4,,success,54444
eCommerce-Huron/dp-end2end/review-RGSN-39059,20230620205733,5,,success,53335
eCommerce-Huron/dp-end2end/review-RGSN-39059,20230621044550,6,,success,53042
eCommerce-Huron/dp-end2end/review-RGSN-39059,20230621044818,7,,success,53971
eCommerce-Huron/dp-end2end/review-RGSN-39059,20230621230231,8,,success,57161
eCommerce-Huron/dp-end2end/review-RGSN-39059,20230626003530,9,,success,55140
eCommerce-Huron/dp-end2end/review-RGSN-39059,20230629195547,10,,success,52555
eCommerce-Huron/dp-end2end/review-RGSN-39059,20230629231115,11,,success,54569
eCommerce-Huron/dp-end2end/review-RGSN-39059,20230630031705,12,,success,55797
eCommerce-Huron/dp-end2end/review-RGSN-39081,20230612215953,1,,success,50094
eCommerce-Huron/dp-end2end/review-RGSN-39081,20230613004712,2,,success,50128
eCommerce-Huron/dp-end2end/review-RGSN-39082,20230611221249,2,,success,48909
eCommerce-Huron/dp-end2end/review-RGSN-39082,20230612041230,3,,success,49023
eCommerce-Huron/dp-end2end/review-RGSN-39084,20230609063725,3,,success,57477
eCommerce-Huron/dp-end2end/review-RGSN-39084,20230611202728,4,,success,49555
eCommerce-Huron/dp-end2end/review-RGSN-39084,20230611202850,5,,success,48205
eCommerce-Huron/dp-end2end/review-RGSN-39123,20230613204259,1,,success,47963
eCommerce-Huron/dp-end2end/review-RGSN-39123,20230614043534,2,,success,49720
eCommerce-Huron/dp-end2end/review-RGSN-39124,20230618211307,1,,success,54283
eCommerce-Huron/dp-end2end/review-RGSN-39124,20230619085601,2,,success,54860
eCommerce-Huron/dp-end2end/review-RGSN-39125,20230612025005,1,,success,51418
eCommerce-Huron/dp-end2end/review-RGSN-39125,20230612203207,2,,success,50275
eCommerce-Huron/dp-end2end/review-RGSN-39125,20230613084418,3,,success,49646
eCommerce-Huron/dp-end2end/review-RGSN-39125,20230614205454,4,,success,53200
eCommerce-Huron/dp-end2end/review-RGSN-39125,20230614220355,5,,success,50886
eCommerce-Huron/dp-end2end/review-RGSN-39126,20230614003324,1,,success,53348
eCommerce-Huron/dp-end2end/review-RGSN-39126,20230614205309,2,,success,52397
eCommerce-Huron/dp-end2end/review-RGSN-39126,20230615035952,3,,success,50963
eCommerce-Huron/dp-end2end/review-RGSN-39131,20230626004139,1,,success,55601
eCommerce-Huron/dp-end2end/review-RGSN-39131,20230626233507,2,,success,51679
eCommerce-Huron/dp-end2end/review-RGSN-39131,20230629193010,3,,success,51852
eCommerce-Huron/dp-end2end/review-RGSN-39131,20230629231241,4,,success,55849
eCommerce-Huron/dp-end2end/review-RGSN-39131,20230630031655,5,,success,58383
eCommerce-Huron/dp-end2end/review-RGSN-39132,20230621044408,1,,success,56696
eCommerce-Huron/dp-end2end/review-RGSN-39221,20230623051945,1,,success,51745
eCommerce-Huron/dp-end2end/review-RGSN-39250,20230630024818,1,,success,58249
eCommerce-Huron/dp-end2end/RGSN-38173,20230703014245,51,,success,56463
eCommerce-Huron/dp-end2end/RGSN-38173,20230703064516,52,,success,53334
eCommerce-Huron/dp-end2end/RGSN-38173,20230707021550,53,,success,55083
eCommerce-Huron/dp-end2end/RGSN-38690-new,20230607060328,171,,success,57379
eCommerce-Huron/dp-end2end/RGSN-38690-new,20230607060614,172,,success,52702
eCommerce-Huron/dp-end2end/RGSN-38690-new,20230607065205,173,,success,52826
eCommerce-Huron/dp-end2end/RGSN-38690-new,20230608020433,174,,success,57476
eCommerce-Huron/dp-end2end/RGSN-38690-new,20230608030138,175,,success,55489
eCommerce-Huron/dp-end2end/RGSN-38690-new,20230608030229,176,,success,54683
eCommerce-Huron/dp-end2end/RGSN-38690-new,20230608034346,177,,success,54598
eCommerce-Huron/dp-end2end/RGSN-38690-new,20230608040453,178,,success,55699
eCommerce-Huron/dp-end2end/RGSN-38690-new,20230608052545,179,,success,54496
eCommerce-Huron/dp-end2end/RGSN-38690-new,20230608053442,180,,success,55807
eCommerce-Huron/dp-end2end/RGSN-38690-new,20230608053515,181,,success,53772
eCommerce-Huron/dp-end2end/RGSN-38690-new,20230609064006,182,,success,56727
eCommerce-Huron/dp-end2end/RGSN-38690-new,20230609073952,183,,success,55489
eCommerce-Huron/dp-end2end/RGSN-38690-new,20230609074121,184,,success,56089
eCommerce-Huron/dp-end2end/RGSN-38690-new,20230609074842,185,,success,58629
eCommerce-Huron/dp-end2end/RGSN-38690-new,20230612011614,186,,success,49831
eCommerce-Huron/dp-end2end/RGSN-38690-new,20230612044048,187,,success,49458
eCommerce-Huron/dp-end2end/RGSN-38690-new,20230619040205,188,,success,57549
eCommerce-Huron/dp-end2end/RGSN-38690-new,20230619042140,189,,success,52896
eCommerce-Huron/dp-end2end/RGSN-38690-new,20230619053022,190,,success,52495
eCommerce-Huron/dp-end2end/RGSN-38690-new,20230620040609,191,,success,53412
eCommerce-Huron/dp-end2end/RGSN-38690-new,20230620041617,192,,success,54087
eCommerce-Huron/dp-end2end/RGSN-38690-new,20230620041701,193,,success,54051
eCommerce-Huron/dp-end2end/RGSN-38690-new,20230620041756,194,,success,52069
eCommerce-Huron/dp-end2end/RGSN-38690-new,20230620065733,195,,success,55198
eCommerce-Huron/dp-end2end/RGSN-38690-new,20230621065217,196,,success,52195
eCommerce-Huron/dp-end2end/RGSN-38690-new,20230621224543,197,,success,54923
eCommerce-Huron/dp-end2end/RGSN-38690-new,20230621224913,198,,success,50734
eCommerce-Huron/dp-end2end/RGSN-38690-new,20230621225124,199,,success,50046
eCommerce-Huron/dp-end2end/RGSN-38690-new,20230622054006,200,,success,54087
eCommerce-Huron/dp-end2end/RGSN-38690-new,20230623020333,201,,success,52791
eCommerce-Huron/dp-end2end/RGSN-38690-new,20230623023941,202,,success,52147
eCommerce-Huron/dp-end2end/RGSN-38690-new,20230623035608,203,,success,55847
eCommerce-Huron/dp-end2end/RGSN-38690-new,20230623040843,204,,success,53692
eCommerce-Huron/dp-end2end/RGSN-38690-new,20230625204411,205,,success,56402
eCommerce-Huron/dp-end2end/RGSN-38690-new,20230625204540,206,,success,54112
eCommerce-Huron/dp-end2end/RGSN-38690-new,20230625204741,207,,success,58633
eCommerce-Huron/dp-end2end/RGSN-38690-new,20230625204802,208,,success,59923
eCommerce-Huron/dp-end2end/RGSN-38690-new,20230625232841,209,,success,54881
eCommerce-Huron/dp-end2end/RGSN-38690-new,20230627052254,210,,success,51613
eCommerce-Huron/dp-end2end/RGSN-38690-new,20230628045307,211,,success,54733
eCommerce-Huron/dp-end2end/RGSN-38690-new,20230628045743,212,,success,53649
eCommerce-Huron/dp-end2end/RGSN-38690-new,20230628051742,213,,success,53108
eCommerce-Huron/dp-end2end/RGSN-38690-new,20230630004017,214,,success,53101
eCommerce-Huron/dp-end2end/RGSN-38690-new,20230630004218,215,,success,55490
eCommerce-Huron/dp-end2end/RGSN-38690-new,20230630035238,216,,success,54541
eCommerce-Huron/dp-end2end/RGSN-38690-new,20230630043755,217,,success,54800
eCommerce-Huron/dp-end2end/RGSN-38690-new,20230630093419,218,,success,51569
eCommerce-Huron/dp-end2end/RGSN-39054,20230616033516,1,,success,53332
eCommerce-Huron/dp-end2end/RGSN-39054,20230616034127,2,,success,50064
eCommerce-Huron/dp-end2end/RGSN-39054,20230619220443,3,,failure,53551
eCommerce-Huron/dp-end2end/RGSN-39054,20230619231423,4,,success,59954
eCommerce-Huron/dp-end2end/RGSN-39054,20230621201356,5,,success,58224
eCommerce-Huron/dp-end2end/RGSN-39054,20230629193531,6,,success,57927
eCommerce-Huron/dp-end2end/RGSN-39054,20230630040716,7,,success,56911
eCommerce-Huron/dp-end2end/RGSN-39054,20230630051927,8,,success,62513
eCommerce-Huron/dp-end2end/RGSN-39054,20230630052031,9,,success,56582
eCommerce-Huron/dp-end2end/RGSN-39059,20230615004805,1,,success,53187
eCommerce-Huron/dp-end2end/RGSN-39059,20230615010742,2,,success,65235
eCommerce-Huron/dp-end2end/RGSN-39059,20230615203631,3,,success,54107
eCommerce-Huron/dp-end2end/RGSN-39059,20230619231121,4,,success,57338
eCommerce-Huron/dp-end2end/RGSN-39059,20230620205825,5,,success,55935
eCommerce-Huron/dp-end2end/RGSN-39059,20230621044627,6,,success,54621
eCommerce-Huron/dp-end2end/RGSN-39059,20230621230158,7,,success,55088
eCommerce-Huron/dp-end2end/RGSN-39059,20230621230307,8,,success,54081
eCommerce-Huron/dp-end2end/RGSN-39059,20230622001928,9,,success,53012
eCommerce-Huron/dp-end2end/RGSN-39059,20230623041028,10,,success,55145
eCommerce-Huron/dp-end2end/RGSN-39059,20230623041124,11,,success,51441
eCommerce-Huron/dp-end2end/RGSN-39059,20230623041445,12,,success,55828
eCommerce-Huron/dp-end2end/RGSN-39059,20230623041519,13,,success,57667
eCommerce-Huron/dp-end2end/RGSN-39059,20230626003618,14,,success,58598
eCommerce-Huron/dp-end2end/RGSN-39059,20230629195640,15,,success,56322
eCommerce-Huron/dp-end2end/RGSN-39059,20230629195838,16,,success,54178
eCommerce-Huron/dp-end2end/RGSN-39059,20230629200056,17,,success,54312
eCommerce-Huron/dp-end2end/RGSN-39059,20230629231200,18,,success,60016
eCommerce-Huron/dp-end2end/RGSN-39081,20230606193831,3,,success,55781
eCommerce-Huron/dp-end2end/RGSN-39081,20230612215735,4,,success,47178
eCommerce-Huron/dp-end2end/RGSN-39081,20230612220504,5,,success,49837
eCommerce-Huron/dp-end2end/RGSN-39081,20230612225112,6,,success,51024
eCommerce-Huron/dp-end2end/RGSN-39081,20230612225209,7,,success,51996
eCommerce-Huron/dp-end2end/RGSN-39081,20230612233004,8,,success,55271
eCommerce-Huron/dp-end2end/RGSN-39081,20230612233109,9,,success,54002
eCommerce-Huron/dp-end2end/RGSN-39081,20230613004442,10,,success,66991
eCommerce-Huron/dp-end2end/RGSN-39081,20230613004545,11,,success,53130
eCommerce-Huron/dp-end2end/RGSN-39082,20230607044130,2,,success,55958
eCommerce-Huron/dp-end2end/RGSN-39082,20230609051132,3,,success,63241
eCommerce-Huron/dp-end2end/RGSN-39082,20230609051243,4,,success,56605
eCommerce-Huron/dp-end2end/RGSN-39082,20230609051549,5,,success,65367
eCommerce-Huron/dp-end2end/RGSN-39082,20230609051623,6,,success,63339
eCommerce-Huron/dp-end2end/RGSN-39082,20230609060723,7,,success,57910
eCommerce-Huron/dp-end2end/RGSN-39082,20230611221448,8,,failure,49869
eCommerce-Huron/dp-end2end/RGSN-39082,20230612024140,9,,success,51471
eCommerce-Huron/dp-end2end/RGSN-39082,20230612024325,10,,success,49932
eCommerce-Huron/dp-end2end/RGSN-39082,20230612040741,11,,success,55008
eCommerce-Huron/dp-end2end/RGSN-39082,20230612040822,12,,success,54628
eCommerce-Huron/dp-end2end/RGSN-39084,20230608012243,9,,success,60085
eCommerce-Huron/dp-end2end/RGSN-39084,20230608012404,10,,failure,6286
eCommerce-Huron/dp-end2end/RGSN-39123,20230612230550,1,,success,48680
eCommerce-Huron/dp-end2end/RGSN-39123,20230613070050,2,,success,48337
eCommerce-Huron/dp-end2end/RGSN-39123,20230613072231,3,,success,48409
eCommerce-Huron/dp-end2end/RGSN-39123,20230613075625,4,,success,48336
eCommerce-Huron/dp-end2end/RGSN-39123,20230613204141,5,,success,49483
eCommerce-Huron/dp-end2end/RGSN-39124,20230613205721,1,,success,48761
eCommerce-Huron/dp-end2end/RGSN-39124,20230617081300,2,,success,51176
eCommerce-Huron/dp-end2end/RGSN-39124,20230617083058,3,,success,49919
eCommerce-Huron/dp-end2end/RGSN-39124,20230618231421,4,,success,54480
eCommerce-Huron/dp-end2end/RGSN-39124,20230618231629,5,,success,51975
eCommerce-Huron/dp-end2end/RGSN-39124,20230620082310,6,,success,52456
eCommerce-Huron/dp-end2end/RGSN-39124,20230620221725,7,,success,54597
eCommerce-Huron/dp-end2end/RGSN-39125,20230612025024,1,,success,53294
eCommerce-Huron/dp-end2end/RGSN-39125,20230612203256,2,,success,47608
eCommerce-Huron/dp-end2end/RGSN-39125,20230613061817,3,,success,50469
eCommerce-Huron/dp-end2end/RGSN-39125,20230613084501,4,,success,54279
eCommerce-Huron/dp-end2end/RGSN-39125,20230614004205,5,,success,55214
eCommerce-Huron/dp-end2end/RGSN-39125,20230614005634,6,,success,51830
eCommerce-Huron/dp-end2end/RGSN-39125,20230614205534,7,,success,53006
eCommerce-Huron/dp-end2end/RGSN-39126,20230614003337,1,,success,51795
eCommerce-Huron/dp-end2end/RGSN-39126,20230614010222,2,,success,60764
eCommerce-Huron/dp-end2end/RGSN-39126,20230614041212,3,,success,59670
eCommerce-Huron/dp-end2end/RGSN-39126,20230614041250,4,,success,55340
eCommerce-Huron/dp-end2end/RGSN-39126,20230614205359,5,,success,54269
eCommerce-Huron/dp-end2end/RGSN-39126,20230614222106,6,,success,58266
eCommerce-Huron/dp-end2end/RGSN-39126,20230614222142,7,,success,57630
eCommerce-Huron/dp-end2end/RGSN-39126,20230614224335,8,,success,52358
eCommerce-Huron/dp-end2end/RGSN-39126,20230614224456,9,,success,54614
eCommerce-Huron/dp-end2end/RGSN-39126,20230614224552,10,,success,58373
eCommerce-Huron/dp-end2end/RGSN-39126,20230614230316,11,,success,54651
eCommerce-Huron/dp-end2end/RGSN-39126,20230614230403,12,,success,57715
eCommerce-Huron/dp-end2end/RGSN-39126,20230615034814,13,,success,57320
eCommerce-Huron/dp-end2end/RGSN-39126,20230615034857,14,,success,54942
eCommerce-Huron/dp-end2end/RGSN-39130,20230619183645,1,,success,51060
eCommerce-Huron/dp-end2end/RGSN-39130,20230623061340,2,,success,51301
eCommerce-Huron/dp-end2end/RGSN-39131,20230626004157,1,,success,56432
eCommerce-Huron/dp-end2end/RGSN-39131,20230626233355,2,,success,52160
eCommerce-Huron/dp-end2end/RGSN-39131,20230626233541,3,,success,52974
eCommerce-Huron/dp-end2end/RGSN-39131,20230629192819,4,,success,54309
eCommerce-Huron/dp-end2end/RGSN-39131,20230629193056,5,,success,59862
eCommerce-Huron/dp-end2end/RGSN-39131,20230629193117,6,,success,59151
eCommerce-Huron/dp-end2end/RGSN-39131,20230629200953,7,,success,57165
eCommerce-Huron/dp-end2end/RGSN-39131,20230629201041,8,,success,57087
eCommerce-Huron/dp-end2end/RGSN-39132,20230621044424,1,,success,55259
eCommerce-Huron/dp-end2end/RGSN-39158,20230620222710,1,,success,52825
eCommerce-Huron/dp-end2end/RGSN-39158,20230622024132,2,,success,54289
eCommerce-Huron/dp-end2end/RGSN-39158,20230622024335,3,,failure,5725
eCommerce-Huron/dp-end2end/RGSN-39158,20230622031809,4,,success,49038
eCommerce-Huron/dp-end2end/RGSN-39158,20230622041625,5,,success,52936
eCommerce-Huron/dp-end2end/RGSN-39158,20230622043742,6,,success,52644
eCommerce-Huron/dp-end2end/RGSN-39158,20230622054851,7,,success,54459
eCommerce-Huron/dp-end2end/RGSN-39158,20230622194115,8,,success,51197
eCommerce-Huron/dp-end2end/RGSN-39158,20230622203119,9,,success,51268
eCommerce-Huron/dp-end2end/RGSN-39158,20230622230236,10,,success,53644
eCommerce-Huron/dp-end2end/RGSN-39158,20230622233010,11,,success,55079
eCommerce-Huron/dp-end2end/RGSN-39158,20230622234724,12,,success,51290
eCommerce-Huron/dp-end2end/RGSN-39158,20230623000350,13,,success,53871
eCommerce-Huron/dp-end2end/RGSN-39158,20230623001350,14,,success,52745
eCommerce-Huron/dp-end2end/RGSN-39158,20230623010747,15,,success,58252
eCommerce-Huron/dp-end2end/RGSN-39158,20230623011427,16,,success,56956
eCommerce-Huron/dp-end2end/RGSN-39158,20230623012335,17,,success,53554
eCommerce-Huron/dp-end2end/RGSN-39158,20230623020425,18,,success,52386
eCommerce-Huron/dp-end2end/RGSN-39158,20230623020711,19,,success,49826
eCommerce-Huron/dp-end2end/RGSN-39158,20230623021522,20,,success,51309
eCommerce-Huron/dp-end2end/RGSN-39158,20230623022229,21,,success,51394
eCommerce-Huron/dp-end2end/RGSN-39158,20230623030807,22,,success,52240
eCommerce-Huron/dp-end2end/RGSN-39158,20230623042317,23,,success,55287
eCommerce-Huron/dp-end2end/RGSN-39158,20230623043529,24,,success,51103
eCommerce-Huron/dp-end2end/RGSN-39158,20230623044808,25,,success,51850
eCommerce-Huron/dp-end2end/RGSN-39221,20230620221920,1,,success,55169
eCommerce-Huron/dp-end2end/RGSN-39221,20230623051618,2,,success,52632
eCommerce-Huron/dp-end2end/RGSN-39221,20230623051829,3,,success,51415
eCommerce-Huron/dp-end2end/RGSN-39221,20230625223518,4,,success,58695
eCommerce-Huron/dp-end2end/RGSN-39221,20230625224310,5,,success,54441
eCommerce-Huron/dp-end2end/RGSN-39221,20230702205144,6,,success,59673
eCommerce-Huron/dp-end2end/RGSN-39221,20230702205619,7,,success,59050
eCommerce-Huron/dp-end2end/RGSN-39221,20230702222544,8,,success,61237
eCommerce-Huron/dp-end2end/RGSN-39221,20230702223802,9,,success,64314
eCommerce-Huron/dp-end2end/RGSN-39242,20230625205826,1,,success,54521
eCommerce-Huron/dp-end2end/RGSN-39242,20230627015645,2,,success,54167
eCommerce-Huron/dp-end2end/RGSN-39242,20230629230220,3,,success,55167
eCommerce-Huron/dp-end2end/RGSN-39242,20230630040332,4,,success,53480
eCommerce-Huron/dp-end2end/RGSN-39248,20230620232944,1,,success,90237
eCommerce-Huron/dp-end2end/RGSN-39248,20230620233400,2,,success,51717
eCommerce-Huron/dp-end2end/RGSN-39248-LATEST,20230621035249,1,,success,55840
eCommerce-Huron/dp-end2end/RGSN-39248-LATEST,20230621041159,2,,success,56081
eCommerce-Huron/dp-end2end/RGSN-39248-LATEST,20230621061315,3,,failure,47822
eCommerce-Huron/dp-end2end/RGSN-39248-LATEST,20230621061945,4,,success,56248
eCommerce-Huron/dp-end2end/RGSN-39248-LATEST,20230621062524,5,,success,52470
eCommerce-Huron/dp-end2end/RGSN-39248-LATEST,20230621070601,6,,success,54229
eCommerce-Huron/dp-end2end/RGSN-39250,20230630024835,1,,success,54298
eCommerce-Huron/dp-end2end/version-updates,20230626085659,29,,success,53872
eCommerce-Huron/dp-end2end/version-updates,20230626085747,30,,success,54773
eCommerce-Huron/dp-end2end/version-updates,20230626202156,31,,success,51925
eCommerce-Huron/dp-end2end/version-updates,20230626224829,32,,success,50858
eCommerce-Huron/dp-end2end/version-updates,20230627003049,33,,success,51971
eCommerce-Huron/evergreen-core/FEATURE-RGSN-39079,20230613022925,1,,success,49021
eCommerce-Huron/evergreen-core/FEATURE-RGSN-39120-LATEST,20230615053710,1,,failure,254502
eCommerce-Huron/evergreen-core/FEATURE-RGSN-39120-LATEST,20230615055617,2,,success,363227
eCommerce-Huron/evergreen-core/FEATURE_RGSN-39120-LATEST,20230615063619,1,,success,318553
eCommerce-Huron/evergreen-core/FEATURE_RGSN-39120-LATEST,20230615063937,2,,success,348738
eCommerce-Huron/evergreen-core/RGSN-38207,20230608035118,6,,success,150446
eCommerce-Huron/evergreen-core/RGSN-39120,20230613040406,18,,unstable,176117
eCommerce-Huron/evergreen-core/RGSN-39120,20230613041206,19,,failure,71711
eCommerce-Huron/evergreen-core/RGSN-39120,20230613041447,20,,failure,66145
eCommerce-Huron/evergreen-core/RGSN-39120,20230613043846,21,,failure,62315
eCommerce-Huron/evergreen-core/RGSN-39120,20230613044414,22,,failure,61528
eCommerce-Huron/evergreen-core/RGSN-39120,20230613044655,23,,unstable,153394
eCommerce-Huron/evergreen-core/RGSN-39120,20230613200218,24,,failure,117143
eCommerce-Huron/evergreen-core/RGSN-39120,20230613201129,25,,unstable,142070
eCommerce-Huron/evergreen-core/RGSN-39120,20230613203300,26,,failure,96334
eCommerce-Huron/evergreen-core/RGSN-39120,20230613220232,27,,success,216677
eCommerce-Huron/evergreen-core/RGSN-39120-LATEST,20230613225256,1,,success,305492
eCommerce-Huron/evergreen-core/RGSN-39120-LATEST,20230613234355,2,,failure,158287
eCommerce-Huron/evergreen-core/RGSN-39120-LATEST,20230614020509,3,,failure,183524
eCommerce-Huron/evergreen-core/RGSN-39120-LATEST,20230614020910,4,,failure,314453
eCommerce-Huron/evergreen-core/RGSN-39120-LATEST,20230614021732,5,,failure,129257
eCommerce-Huron/evergreen-core/RGSN-39120-LATEST,20230614031946,6,,success,280573
eCommerce-Huron/evergreen-core/RGSN-39134,20230622200140,1,,failure,26515
eCommerce-Huron/evergreen-core/RGSN-39134,20230622202539,2,,failure,230875
eCommerce-Huron/evergreen-core/RGSN-39134,20230622223421,3,,failure,311427
eCommerce-Huron/evergreen-core/RGSN-39134,20230623022616,4,,success,398743
eCommerce-Huron/evergreen-core/RGSN-39159,20230702213037,1,,failure,63650
eCommerce-Huron/evergreen-core/RGSN-39159,20230702213346,2,,failure,296205
eCommerce-Huron/evergreen-core/RGSN-39159,20230702220101,3,,failure,309296
eCommerce-Huron/evergreen-core/RGSN-39159,20230702220925,4,,failure,299166
eCommerce-Huron/evergreen-core/RGSN-39159,20230702224118,5,,failure,269015
eCommerce-Huron/evergreen-core/RGSN-39159,20230702230658,6,,failure,231382
eCommerce-Huron/hinoki-data/data-fix,20230621022016,56,,success,146285
eCommerce-Huron/hinoki-data/data-fix,20230623074340,57,,success,12948
eCommerce-Huron/hinoki-data/data-fix,20230623074443,58,,success,75443
eCommerce-Huron/hinoki-data/data-fix,20230623213118,59,,success,10905
eCommerce-Huron/hinoki-data/data-fix,20230623215040,60,,success,13747
eCommerce-Huron/hinoki-data/data-fix,20230626084755,61,,success,87078
eCommerce-Huron/hinoki-data/data-fix,20230626211454,62,,success,28146
eCommerce-Huron/hinoki-data/data-fix,20230627062355,63,,success,29976
eCommerce-Huron/hinoki-data/data-fix,20230630022432,64,,success,19408
eCommerce-Huron/hinoki-data/data-fix,20230630022549,65,,success,12219
eCommerce-Huron/hinoki-data/data-fix,20230703001848,66,,success,45904
eCommerce-Huron/hinoki-data/data-fix,20230703002008,67,,success,12056
eCommerce-Huron/hinoki-data/review-RGSN-39059,20230615042929,1,,success,132245
eCommerce-Huron/hinoki-data/review-RGSN-39059,20230615052844,2,,success,68351
eCommerce-Huron/hinoki-data/review-RGSN-39059,20230615052952,3,,success,81869
eCommerce-Huron/hinoki-data/RGSN-38225,20230609062741,11,,success,77317
eCommerce-Huron/hinoki-data/RGSN-38225,20230609063008,12,,success,39207
eCommerce-Huron/hinoki-data/RGSN-38225,20230620062455,13,,success,17739
eCommerce-Huron/hinoki-data/RGSN-38225,20230620064015,14,,success,14821
eCommerce-Huron/hinoki-data/RGSN-38225,20230621215420,15,,success,85653
eCommerce-Huron/hinoki-data/RGSN-38225,20230621223820,16,,success,83602
eCommerce-Huron/hinoki-data/RGSN-38225,20230622050835,17,,success,144597
eCommerce-Huron/hinoki-data/RGSN-38225,20230622051036,18,,success,108089
eCommerce-Huron/hinoki-data/RGSN-38225,20230623033523,19,,success,42403
eCommerce-Huron/hinoki-data/RGSN-38225,20230623033722,20,,success,11978
eCommerce-Huron/hinoki-data/RGSN-39059,20230615053055,1,,success,43129
eCommerce-Huron/hinoki-data/RGSN-39059,20230615053234,2,,success,19355
eCommerce-Huron/hinoki-data/RGSN-39059,20230622031228,3,,success,66847
eCommerce-Huron/hinoki-data/RGSN-39059,20230623040424,4,,success,14467
eCommerce-Huron/hinoki-data/RGSN-39059,20230623040530,5,,success,13087
eCommerce-Huron/hinoki-data/RGSN-39082,20230607035619,2,,success,31446
eCommerce-Huron/hinoki-data/RGSN-39082,20230607041800,3,,success,13638
eCommerce-Huron/hinoki-data/RGSN-39082-new,20230609044013,1,,success,15096
eCommerce-Huron/hinoki-data/RGSN-39082-new,20230609044727,2,,success,11587
eCommerce-Huron/hinoki-data/RGSN-39082-new,20230609045308,3,,success,14233
eCommerce-Huron/hinoki-data/RGSN-39085,20230612222521,5,,success,12381
eCommerce-Huron/hinoki-data/RGSN-39123,20230612231059,1,,success,66732
eCommerce-Huron/hinoki-data/RGSN-39124,20230612234657,1,,success,19156
eCommerce-Huron/hinoki-data/RGSN-39124,20230617083247,2,,success,17180
eCommerce-Huron/hinoki-data/RGSN-39124,20230618204413,3,,success,29397
eCommerce-Huron/hinoki-data/RGSN-39124,20230623011054,4,,success,42513
eCommerce-Huron/hinoki-data/RGSN-39125,20230612040246,1,,success,13685
eCommerce-Huron/hinoki-data/RGSN-39125,20230613054629,2,,success,14103
eCommerce-Huron/hinoki-data/RGSN-39125-new,20230613084831,1,,success,14664
eCommerce-Huron/hinoki-data/RGSN-39125-new,20230613084928,2,,success,17570
eCommerce-Huron/hinoki-data/RGSN-39125-new,20230613085218,3,,success,11143
eCommerce-Huron/hinoki-data/RGSN-39238,20230627090907,1,,success,51710
