eCommerce-Ishbel/ecom-app-global/env-qa36,20231004115159,29,,success,811125
eCommerce-Ishbel/ecom-app-product/env-qa36,20230908082842,796,,unstable,1331707
eCommerce-Ishbel/ecom-app-product/env-qa36,20230911075026,797,,unstable,1582163
eCommerce-Ishbel/ecom-app-product/env-qa36,20230915101449,798,,unstable,1327974
eCommerce-Ishbel/ecom-app-product/env-qa36,20230918075406,799,,failure,98179
eCommerce-Ishbel/ecom-app-product/env-qa36,20230918084452,800,,failure,62095
eCommerce-Ishbel/ecom-app-product/env-qa36,20230919074600,801,,unstable,1603571
eCommerce-Ishbel/ecom-app-product/env-qa36,20230919103812,802,,unstable,1361928
eCommerce-Ishbel/ecom-app-product/env-qa36,20230919131019,803,,unstable,1817533
eCommerce-Ishbel/ecom-app-product/env-qa36,20230920081414,804,,unstable,1940678
eCommerce-Ishbel/ecom-app-product/env-qa36,20230920120955,805,,failure,979213
eCommerce-Ishbel/ecom-app-product/env-qa36,20230920122835,806,,unstable,2087214
eCommerce-Ishbel/ecom-app-product/env-qa36,20230920123458,807,,failure,1205098
eCommerce-Ishbel/ecom-app-product/env-qa36,20230920133605,808,,failure,1048113
eCommerce-Ishbel/ecom-app-product/env-qa36,20230920135405,809,,failure,443429
eCommerce-Ishbel/ecom-app-product/env-qa36,20230920141020,810,,failure,1223795
eCommerce-Ishbel/ecom-app-product/env-qa36,20230920143051,811,,unstable,2046977
eCommerce-Ishbel/ecom-app-product/env-qa36,20230921055243,812,,unstable,2389192
eCommerce-Ishbel/ecom-app-product/env-qa36,20230926141124,813,,unstable,1515530
eCommerce-Ishbel/ecom-app-product/env-qa36,20230926141320,814,,unstable,1768585
eCommerce-Ishbel/ecom-app-product/env-qa36,20230926141742,815,,unstable,1723605
eCommerce-Ishbel/ecom-app-product/env-qa36,20230929113446,816,,unstable,2173995
eCommerce-Ishbel/ecom-app-product/env-qa36,20230929124927,817,,unstable,1790547
eCommerce-Ishbel/ecom-app-product/env-qa36,20230929151120,818,,unstable,2265975
eCommerce-Ishbel/ecom-app-product/env-qa36,20231002053916,819,,unstable,2015839
eCommerce-Ishbel/ecom-app-product/env-qa36,20231002072548,820,,unstable,1829670
eCommerce-Ishbel/ecom-app-product/env-qa36,20231002080618,821,,unstable,1753934
eCommerce-Ishbel/ecom-app-product/env-qa36,20231003092024,822,,failure,541092
eCommerce-Ishbel/ecom-app-product/env-qa36,20231003100550,823,,unstable,1254220
eCommerce-Ishbel/ecom-app-product/env-qa36,20231003132654,824,,failure,871580
eCommerce-Ishbel/ecom-app-product/env-qa36,20231003142330,825,,failure,882799
eCommerce-Ishbel/ecom-app-product/env-qa36,20231003150354,826,,failure,1103630
eCommerce-Ishbel/ecom-app-product/env-qa36,20231003161142,827,,failure,794019
eCommerce-Ishbel/ecom-app-product/env-qa36,20231004060458,829,,failure,1524190
eCommerce-Ishbel/ecom-app-product/env-qa36,20231004063344,830,,unstable,1166614
eCommerce-Ishbel/ecom-app-product/env-qa36,20231004063457,831,,failure,794171
eCommerce-Ishbel/ecom-app-product/env-qa36,20231004080637,832,,unstable,1150437
eCommerce-Ishbel/ecom-app-product/env-qa36,20231004100234,833,,failure,18175
eCommerce-Ishbel/ecom-app-product/env-qa36,20231004100254,834,,unstable,1348085
eCommerce-Ishbel/ecom-app-product/env-qa36,20231004114214,835,,failure,767228
eCommerce-Ishbel/ecom-app-product/env-qa36,20231004115927,836,,unstable,1371238
eCommerce-Ishbel/ecom-app-product/env-qa36,20231004120329,837,,unstable,1179810
eCommerce-Ishbel/ecom-app-product/env-qa36,20231004123556,838,,unstable,1108102
eCommerce-Ishbel/ecom-app-product/env-qa36,20231005080706,841,,unstable,950378
eCommerce-Ishbel/ecom-app-product/env-qa36,20231005090028,842,,unstable,1003406
eCommerce-Ishbel/ecom-app-product/env-qa36,20231005092732,843,,failure,687257
eCommerce-Ishbel/ecom-app-product/env-qa36,20231005100250,844,,unstable,1095003
eCommerce-Ishbel/ecom-app-product/env-qa36,20231005102340,845,,unstable,1018466
eCommerce-Ishbel/ecom-app-product/env-qa36,20231005104649,846,,unstable,1054443
eCommerce-Ishbel/ecom-app-product/env-qa36,20231005120039,847,,failure,791374
eCommerce-Ishbel/ecom-app-product/env-qa36,20231005120158,848,,unstable,1361193
eCommerce-Ishbel/ecom-app-product/env-qa36,20231005122322,849,,unstable,1103848
eCommerce-Ishbel/ecom-app-product/env-qa36,20231005123855,850,,unstable,1314308
eCommerce-Ishbel/ecom-app-product/env-qa36,20231006032353,851,,failure,289083
eCommerce-Ishbel/ecom-app-product/env-qa36,20231006034139,852,,unstable,1487191
eCommerce-Ishbel/ecom-app-product/env-qa36,20231006063741,853,,unstable,1158102
eCommerce-Ishbel/ecom-app-product/env-qa36,20231006080316,854,,failure,952017
eCommerce-Ishbel/ecom-app-product/env-qa36,20231006082254,855,,unstable,1329168
eCommerce-Ishbel/ecom-app-product/env-qa36,20231006083151,856,,unstable,1008441
eCommerce-Ishbel/ecom-app-product/env-qa36,20231006105825,857,,unstable,1129972
eCommerce-Ishbel/ecom-app-product/env-qa36,20231006120653,858,,unstable,1269225
eCommerce-Ishbel/ecom-app-product/env-qa36-backup,20231002173906,1,,success,1546532
eCommerce-Ishbel/ecom-app-product/feature-direct-add-to-cart-yman-copy-10-3-22,20231003114039,1,,success,1712131
eCommerce-Ishbel/ecom-app-product/feature-direct-atc-yman,20231003112447,6,,success,1661880
eCommerce-Ishbel/ecom-app-product/feature-direct-atc-yman,20231003131423,7,,failure,816630
eCommerce-Ishbel/ecom-app-product/feature-direct-atc-yman,20231004060538,8,,failure,1444215
eCommerce-Ishbel/ecom-app-product/feature-direct-atc-yman,20231004072046,9,,unstable,1144889
eCommerce-Ishbel/ecom-app-product/feature-direct-atc-yman,20231005093651,10,,unstable,1065291
eCommerce-Ishbel/ecom-app-product/feature-direct-atc-yman,20231006094808,11,,unstable,1183495
eCommerce-Ishbel/ecom-app-product/feature-direct-atc-yman-copy-2,20231003125915,1,,failure,816652
eCommerce-Ishbel/ecom-app-product/feature-dynamic-messaging,20230908020148,5,,failure,84723
eCommerce-Ishbel/ecom-app-product/feature-dynamic-messaging,20230908022248,6,,failure,774560
eCommerce-Ishbel/ecom-app-product/feature-dynamic-messaging,20230908073904,7,,unstable,1971089
eCommerce-Ishbel/ecom-app-product/feature-dynamic-messaging-pr,20230911115711,1,,success,1456428
eCommerce-Ishbel/ecom-app-product/feature-enable-bazaarvoice,20230918093153,1,,failure,82629
eCommerce-Ishbel/ecom-app-product/feature-enable-bazaarvoice,20230919104716,2,,success,1770453
eCommerce-Ishbel/ecom-app-product/feature-enable-bazaarvoice,20230919105056,3,,failure,446225
eCommerce-Ishbel/ecom-app-product/feature-enable-bazaarvoice,20230919113459,4,,success,2146570
eCommerce-Ishbel/ecom-app-product/feature-enable-bazaarvoice,20230919131210,5,,failure,723572
eCommerce-Ishbel/ecom-app-product/feature-enable-bazaarvoice,20230919132519,6,,success,2752762
eCommerce-Ishbel/ecom-app-product/feature-enable-bazaarvoice,20230920061859,7,,failure,122097
eCommerce-Ishbel/ecom-app-product/feature-enable-bazaarvoice,20230920090359,8,,success,1547579
eCommerce-Ishbel/ecom-app-product/feature-enable-bazaarvoice,20230920121423,9,,failure,613325
eCommerce-Ishbel/ecom-app-product/feature-enable-bazaarvoice,20230920122629,10,,failure,964646
eCommerce-Ishbel/ecom-app-product/feature-enable-bazaarvoice,20230920123116,11,,success,2044692
eCommerce-Ishbel/ecom-app-product/feature-enable-bazaarvoice_backup_before_reset_to_release,20230919104643,1,,success,1557206
eCommerce-Ishbel/ecom-app-product/FEATURE-ISH-2428,20230918153326,8,,failure,109276
eCommerce-Ishbel/ecom-app-product/FEATURE-ISH-2428,20230918154138,9,,failure,88029
eCommerce-Ishbel/ecom-app-product/FEATURE-ISH-2428,20230918170400,10,,success,2003541
eCommerce-Ishbel/ecom-app-product/FEATURE-ISH-2428,20230918171618,11,,success,1815736
eCommerce-Ishbel/ecom-app-product/FEATURE-ISH-2428,20230919010138,12,,success,1885997
eCommerce-Ishbel/ecom-app-product/FEATURE-ISH-2428,20230919123205,13,,failure,176445
eCommerce-Ishbel/ecom-app-product/FEATURE-ISH-2428,20230919131955,14,,success,1477006
eCommerce-Ishbel/ecom-app-product/FEATURE-ISH-2428,20230919144923,15,,success,1397963
eCommerce-Ishbel/ecom-app-product/FEATURE-ISH-2428,20230919180635,16,,failure,111019
eCommerce-Ishbel/ecom-app-product/FEATURE-ISH-2428,20230919185943,17,,success,1539567
eCommerce-Ishbel/ecom-app-product/FEATURE-ISH-2428,20230920151935,18,,failure,1121929
eCommerce-Ishbel/ecom-app-product/feature-splitpip-multiguided,20230912114415,62,,failure,684645
eCommerce-Ishbel/ecom-app-product/feature-splitpip-multiguided,20230912131312,63,,unstable,1657559
eCommerce-Ishbel/ecom-app-product/feature-splitpip-multiguided,20230913104208,64,,unstable,1787566
eCommerce-Ishbel/ecom-app-product/feature-splitpip-multiguided,20230914103206,65,,unstable,1847144
eCommerce-Ishbel/ecom-app-product/feature-splitpip-multiguided,20230914122644,66,,failure,786293
eCommerce-Ishbel/ecom-app-product/feature-splitpip-multiguided,20230914203700,67,,unstable,2084288
eCommerce-Ishbel/ecom-app-product/feature-splitpip-multiguided,20230915082331,68,,unstable,1449510
eCommerce-Ishbel/ecom-app-product/feature-splitpip-multiguided,20230915132448,69,,unstable,1479137
eCommerce-Ishbel/ecom-app-product/feature-splitpip-multiguided,20230915171326,70,,unstable,1608551
eCommerce-Ishbel/ecom-app-product/feature-splitpip-multiguided,20230915184117,71,,unstable,1498458
eCommerce-Ishbel/ecom-app-product/feature-splitpip-multiguided,20230915215406,72,,unstable,1591420
eCommerce-Ishbel/ecom-app-product/feature-splitpip-multiguided,20230915232726,73,,unstable,1902215
eCommerce-Ishbel/ecom-app-product/feature-splitpip-multiguided,20230915232912,74,,unstable,1865892
eCommerce-Ishbel/ecom-app-product/feature-splitpip-multiguided,20230918123802,75,,unstable,1663179
eCommerce-Ishbel/ecom-app-product/feature-splitpip-multiguided,20230918124042,76,,failure,708962
eCommerce-Ishbel/ecom-app-product/feature-splitpip-multiguided,20230918185855,77,,unstable,1358419
eCommerce-Ishbel/ecom-app-product/feature-splitpip-multiguided,20230919001156,78,,unstable,1474264
eCommerce-Ishbel/ecom-app-product/feature-splitpip-multiguided,20230919222437,79,,unstable,1460056
eCommerce-Ishbel/ecom-app-product/feature-splitpip-multiguided,20230921230023,80,,failure,446766
eCommerce-Ishbel/ecom-app-product/feature-splitpip-multiguided,20230922025026,81,,success,2142024
eCommerce-Ishbel/ecom-app-product/feature-splitpip-multiguided,20230925044148,82,,success,1807596
eCommerce-Ishbel/ecom-app-product/feature-splitpip-multiguided,20230927084412,83,,success,1029321
eCommerce-Ishbel/ecom-app-product/feature-splitpip-multiguided,20230928102304,84,,failure,881321
eCommerce-Ishbel/ecom-app-product/feature-splitpip-multiguided,20231003132723,85,,success,1404825
eCommerce-Ishbel/ecom-app-product/feature-splitpip-multiguided,20231005123946,86,,success,1259693
eCommerce-Ishbel/ecom-app-product/feature-splitpip-multiguided,20231005124306,87,,success,1144314
eCommerce-Ishbel/ecom-app-product/heroimage-override-fix,20230919110953,1,,success,1731224
eCommerce-Ishbel/ecom-app-product/heroimage-override-fix,20230921103214,2,,failure,919442
eCommerce-Ishbel/ecom-app-product/ISH-2414,20231004150606,1,,failure,816231
eCommerce-Ishbel/ecom-app-product/ISH-2414,20231005073159,2,,success,1089517
eCommerce-Ishbel/ecom-app-product/ISH-2414,20231005081224,3,,success,1159813
eCommerce-Ishbel/ecom-app-product/ISH-2414,20231005135429,4,,success,1228402
eCommerce-Ishbel/ecom-app-product/ISH-2436-1,20231003161027,1,,success,1253171
eCommerce-Ishbel/ecom-app-product/ISH-2436-3,20231006032022,1,,success,1375509
eCommerce-Ishbel/ecom-app-product/ISH-2436-3,20231006080239,2,,failure,1021598
eCommerce-Ishbel/ecom-app-product/ISH-2436-3,20231006105640,3,,success,1107092
eCommerce-Ishbel/ecom-app-product/ISH-2447-1,20230911120527,1,,success,1742927
eCommerce-Ishbel/ecom-app-product/ISH-2447,20230911063143,1,,success,1534328
eCommerce-Ishbel/ecom-app-product/ISH-2456,20230918093601,1,,failure,361874
eCommerce-Ishbel/ecom-app-product/ISH-2456,20230918093823,2,,failure,370394
eCommerce-Ishbel/ecom-app-product/ISH-2456,20230918141500,3,,success,1206304
eCommerce-Ishbel/ecom-app-product/ISH-2456,20230919075524,4,,failure,661540
eCommerce-Ishbel/ecom-app-product/ISH-2456,20230919075819,5,,success,1498142
eCommerce-Ishbel/ecom-app-product/ISh-2456-disable-review,20230918141048,1,,failure,79392
eCommerce-Ishbel/ecom-app-product/ISH-2467,20230919173703,1,,failure,386789
eCommerce-Ishbel/ecom-app-product/ISH-2467,20230919174717,2,,failure,358354
eCommerce-Ishbel/ecom-app-product/ISH-2467,20230919180130,3,,success,1743698
eCommerce-Ishbel/ecom-app-product/ISH-2467,20230920064446,4,,failure,659068
eCommerce-Ishbel/ecom-app-product/ISH-2467_feature-bv,20230920124144,1,,success,2161192
eCommerce-Ishbel/ecom-app-product/ISH-2470,20231005071725,1,,success,1165548
eCommerce-Ishbel/ecom-app-product/ISH-2470,20231005072045,2,,success,1127331
eCommerce-Ishbel/ecom-app-product/ISH-2476_env-qa36,20230919183605,1,,failure,331297
eCommerce-Ishbel/ecom-app-product/ISH-2476_env-qa36,20230920062757,2,,failure,113044
eCommerce-Ishbel/ecom-app-product/ISH-2476_env-qa36,20230920064252,3,,failure,393981
eCommerce-Ishbel/ecom-app-product/ISH-2476_env-qa36,20230920065610,4,,failure,428301
eCommerce-Ishbel/ecom-app-product/ISH-2476_env-qa36,20230920070924,5,,failure,423097
eCommerce-Ishbel/ecom-app-product/ISH-2476_env-qa36,20230920072054,6,,failure,747377
eCommerce-Ishbel/ecom-app-product/ISH-2476_env-qa36,20230920073653,7,,success,2133467
eCommerce-Ishbel/ecom-app-product/PM-18224,20231005123734,1,,success,1323199
eCommerce-Ishbel/ecom-app-product/regenerate_package-lock,20231006131829,1,,success,1152121
eCommerce-Ishbel/ecom-app-product/regenerate_package-lock,20231006132059,2,,success,2071663
eCommerce-Ishbel/ecom-app-product/release-2317-carousel-placeholder-width-and-height,20230926135704,1,,aborted,18681
eCommerce-Ishbel/ecom-app-product/release-2317-carousel-placeholder-width-and-height,20230926135932,2,,aborted,7570
eCommerce-Ishbel/ecom-app-product/release-2317-revert-3149,20230926140137,1,,aborted,15840
eCommerce-Ishbel/ecom-app-product/release_belowbuybox-cleanup,20230911083039,1,,success,1237181
eCommerce-Ishbel/ecom-app-product/release_belowbuybox-cleanup,20230911094311,2,,success,1285305
eCommerce-Ishbel/ecom-app-product/release_Delay-loaded-component-names,20230921130131,1,,success,1345487
eCommerce-Ishbel/ecom-app-product/release_PM18207,20231005114719,1,,failure,928920
eCommerce-Ishbel/ecom-app-product/release_PM18207,20231005122718,2,,failure,810948
eCommerce-Ishbel/ecom-app-product/release_PM18207,20231006055322,3,,success,927372
eCommerce-Ishbel/ecom-app-product/release_PM18207,20231006071353,4,,success,1115367
eCommerce-Ishbel/ecom-app-product/release_PM-18232,20231006120618,1,,success,1215458
eCommerce-Ishbel/ecom-app-product/RM-37839-16.26,20230915130312,1,,success,1892826
eCommerce-Ishbel/ecom-app-product/RM-37890,20230925044624,1,,unstable,2181448
eCommerce-Ishbel/ecom-app-product/RM-37890,20230925044754,2,,success,1614071
eCommerce-Ishbel/ecom-app-product/RM-37890,20230926081320,3,,failure,968085
eCommerce-Ishbel/ecom-app-product/RM-37890,20230926082058,4,,failure,1295051
eCommerce-Ishbel/ecom-app-product/RM-37890,20230927084242,5,,success,1161561
eCommerce-Ishbel/ecom-app-product/RM-37890,20230927165247,6,,success,1003439
eCommerce-Ishbel/ecom-app-product/RM-37890-rls-16.35.x,20230926081600,1,,success,1880532
eCommerce-Ishbel/ecom-app-product/RM-37890-rls-16.35.x,20230926081914,2,,failure,1239766
eCommerce-Ishbel/ecom-app-product/RM-37890-rls-16.35.x,20230926082013,3,,success,1775100
eCommerce-Ishbel/ecom-app-product/RM-37890-rls-16.35.x,20230927131817,4,,success,1198100
eCommerce-Ishbel/ecom-app-product/RM-37890-rls-16.35.x,20230927132036,5,,failure,779445
eCommerce-Ishbel/ecom-app-product/RM-37890-rls-16.35.x,20230927165116,6,,success,974647
eCommerce-Ishbel/ecom-app-product/RM-37933-release,20230926102312,1,,failure,1062358
eCommerce-Ishbel/ecom-app-product/RM-37956,20230929112645,1,,success,1209585
eCommerce-Ishbel/ecom-app-product/splitPip_feature,20230912101852,1,,success,1380272
eCommerce-Ishbel/ecom-app-product/splitPip_feature,20230912131120,2,,failure,679861
eCommerce-Ishbel/ecom-app-shop/RM-37866-rls,20230922081633,1,,failure,166212
eCommerce-Ishbel/ecom-app-shop/RM-37866-rls,20230922081705,2,,success,2638738
eCommerce-Ishbel/ecom-app-shop/RM-37866-rls,20230922091333,3,,success,3364529
eCommerce-Ishbel/ecom-app-shop/RM-37866-rls,20230922091415,4,,success,2701641
eCommerce-Ishbel/ecom-app-shop/RM-37866-rls,20230925121431,5,,success,1250975
eCommerce-Ishbel/ecom-app-shop/RM-37866-rls,20230925125111,6,,success,2976606
eCommerce-Ishbel/ecom-app-shop/RM-37866-rls,20230925131847,7,,success,1604499
eCommerce-Ishbel/ecom-app-shop/RM-37866-rls,20230925141009,8,,success,1613355
eCommerce-Ishbel/vue-component-ecom-curalate/release,20230920091521,1,,aborted,6508
eCommerce-Ishbel/vue-component-ecom-curalate/RM-37866-rls,20230922082237,1,,failure,429808
eCommerce-Ishbel/vue-component-ecom-curalate/RM-37866-rls,20230922091935,2,,failure,232718
eCommerce-Ishbel/vue-component-ecom-curalate/RM-37866-rls,20230922102124,3,,success,420248
eCommerce-Ishbel/vue-component-ecom-curalate/RM-37866-rls,20230922112420,4,,failure,26606
eCommerce-Ishbel/vue-component-ecom-modal/RM-38082,20231005114047,1,,success,328688
eCommerce-Ishbel/vue-component-ecom-modal/RM-38082,20231005134430,2,,success,394580
eCommerce-Ishbel/vue-component-ecom-modal/RM-38082,20231005141702,3,,success,415397
eCommerce-Ishbel/vue-component-ecom-modal/RM-38082,20231005144540,4,,failure,14473
eCommerce-Ishbel/vue-component-ecom-modal/RM-38082,20231005144642,5,,success,415020
eCommerce-Ishbel/vue-component-ecom-modal/RM-38082,20231006061117,6,,success,439067
eCommerce-Ishbel/vue-component-ecom-quick-add/feature-quickadd,20230908060837,11,,success,412011
eCommerce-Ishbel/vue-component-ecom-quick-add/feature-quickadd,20230908103653,12,,success,394402
eCommerce-Ishbel/vue-component-ecom-quick-add/feature-quickadd,20230908103715,13,,success,384962
eCommerce-Ishbel/vue-component-ecom-quick-add/feature-quickadd,20230908104218,14,,success,325877
eCommerce-Ishbel/vue-component-ecom-quick-add/feature-quickadd,20230908131146,15,,success,299896
eCommerce-Ishbel/vue-component-ecom-quick-add/feature-quickadd,20230908131955,16,,success,302363
eCommerce-Ishbel/vue-component-ecom-quick-add/feature-quickadd,20230911081752,17,,success,315964
eCommerce-Ishbel/vue-component-ecom-quick-add/feature-quickadd,20230913084411,18,,success,413890
eCommerce-Ishbel/vue-component-ecom-quick-add/feature-quickadd,20230926071132,19,,unstable,373982
eCommerce-Ishbel/vue-component-ecom-quick-add/feature-quickadd,20230928134754,20,,unstable,516123
eCommerce-Ishbel/vue-component-ecom-quick-add/feature-quickadd,20231003090846,21,,unstable,627981
eCommerce-Ishbel/vue-component-ecom-quick-add/feature-quickadd,20231004100339,22,,unstable,382007
eCommerce-Ishbel/vue-component-ecom-quick-add/feature-quickadd,20231005065321,23,,unstable,398965
eCommerce-Ishbel/vue-component-ecom-quick-add/feature-quickadd,20231006074517,24,,unstable,457470
eCommerce-Ishbel/vue-component-ecom-quick-add/ISH-2414,20231002170927,1,,failure,293089
eCommerce-Ishbel/vue-component-ecom-quick-add/ISH-2414_events-fix,20230928131603,1,,success,403483
eCommerce-Ishbel/vue-component-ecom-quick-add/ISH-2433-add-to-cart,20230908085700,11,,success,292760
eCommerce-Ishbel/vue-component-ecom-quick-add/ISH-2433-add-to-cart,20230908103542,12,,success,279323
eCommerce-Ishbel/vue-component-ecom-quick-add/ISH-2433-atc,20230908065339,1,,failure,326396
eCommerce-Ishbel/vue-component-ecom-quick-add/ISH-2433-atc,20230908070209,2,,success,457990
eCommerce-Ishbel/vue-component-ecom-quick-add/ISH-2433-migrate-services,20230908111827,1,,success,435818
eCommerce-Ishbel/vue-component-ecom-quick-add/ISH-2434,20230911142215,1,,success,364280
eCommerce-Ishbel/vue-component-ecom-quick-add/ISH-2434,20230911142643,2,,success,268704
eCommerce-Ishbel/vue-component-ecom-quick-add/ISH-2434,20230912091755,3,,failure,154344
eCommerce-Ishbel/vue-component-ecom-quick-add/ISH-2434,20230912091906,4,,failure,369494
eCommerce-Ishbel/vue-component-ecom-quick-add/ISH-2434,20230912095921,5,,failure,127470
eCommerce-Ishbel/vue-component-ecom-quick-add/ISH-2434,20230912100555,6,,success,359737
eCommerce-Ishbel/vue-component-ecom-quick-add/ISH-2434,20230912102631,7,,success,336484
eCommerce-Ishbel/vue-component-ecom-quick-add/ISH-2434,20230912110403,8,,success,404769
eCommerce-Ishbel/vue-component-ecom-quick-add/ISH-2434,20230912110953,9,,success,355670
eCommerce-Ishbel/vue-component-ecom-quick-add/ISH-2434,20230912120732,10,,success,342496
eCommerce-Ishbel/vue-component-ecom-quick-add/ISH-2434,20230913063425,11,,success,308514
eCommerce-Ishbel/vue-component-ecom-quick-add/ISH-2435,20230913094315,3,,success,316637
eCommerce-Ishbel/vue-component-ecom-quick-add/ISH-2435,20230914110859,5,,failure,236225
eCommerce-Ishbel/vue-component-ecom-quick-add/ISH-2435,20230914111543,6,,unstable,311142
eCommerce-Ishbel/vue-component-ecom-quick-add/ISH-2435,20230914142442,7,,unstable,499711
eCommerce-Ishbel/vue-component-ecom-quick-add/ISH-2435,20230915075129,8,,unstable,363563
eCommerce-Ishbel/vue-component-ecom-quick-add/ISH-2435,20230915082941,9,,unstable,345693
eCommerce-Ishbel/vue-component-ecom-quick-add/ISH-2435,20230915095825,10,,unstable,344240
eCommerce-Ishbel/vue-component-ecom-quick-add/ISH-2435,20230915101828,11,,unstable,657685
eCommerce-Ishbel/vue-component-ecom-quick-add/ISH-2435,20230915104247,12,,unstable,372089
eCommerce-Ishbel/vue-component-ecom-quick-add/ISH-2435,20230915111103,13,,unstable,385766
eCommerce-Ishbel/vue-component-ecom-quick-add/ISH-2435,20230915184747,14,,failure,258363
eCommerce-Ishbel/vue-component-ecom-quick-add/ISH-2435,20230918062222,15,,failure,40941
eCommerce-Ishbel/vue-component-ecom-quick-add/ISH-2435,20230918062342,16,,failure,38096
eCommerce-Ishbel/vue-component-ecom-quick-add/ISH-2435,20230918063308,17,,failure,183309
eCommerce-Ishbel/vue-component-ecom-quick-add/ISH-2435,20230918081315,18,,failure,40083
eCommerce-Ishbel/vue-component-ecom-quick-add/ISH-2435,20230918081329,19,,failure,37663
eCommerce-Ishbel/vue-component-ecom-quick-add/ISH-2435,20230918081553,20,,success,539616
eCommerce-Ishbel/vue-component-ecom-quick-add/ISH-2435,20230918114714,21,,failure,16530
eCommerce-Ishbel/vue-component-ecom-quick-add/ISH-2435,20230918115038,22,,failure,187706
eCommerce-Ishbel/vue-component-ecom-quick-add/ISH-2435,20230921104000,23,,success,539446
eCommerce-Ishbel/vue-component-ecom-quick-add/ISH-2435,20230921120215,24,,failure,192325
eCommerce-Ishbel/vue-component-ecom-quick-add/ISH-2435,20230921120730,25,,failure,86131
eCommerce-Ishbel/vue-component-ecom-quick-add/ISH-2435,20230921120938,26,,failure,36251
eCommerce-Ishbel/vue-component-ecom-quick-add/ISH-2435,20230921122119,27,,success,577055
eCommerce-Ishbel/vue-component-ecom-quick-add/ISH-2436,20231003082914,1,,success,450124
eCommerce-Ishbel/vue-component-ecom-quick-add/ISH-2436,20231003084045,2,,success,423800
eCommerce-Ishbel/vue-component-ecom-quick-add/ISH-2444,20230908110403,1,,failure,114982
eCommerce-Ishbel/vue-component-ecom-quick-add/ISH-2444,20230908111141,2,,failure,108257
eCommerce-Ishbel/vue-component-ecom-quick-add/ISH-2444,20230908115528,3,,failure,294916
eCommerce-Ishbel/vue-component-ecom-quick-add/ISH-2444,20230908120721,4,,failure,163480
eCommerce-Ishbel/vue-component-ecom-quick-add/ISH-2444,20230908120737,5,,success,313598
eCommerce-Ishbel/vue-component-ecom-quick-add/ISH-2445,20230908075147,1,,failure,243478
eCommerce-Ishbel/vue-component-ecom-quick-add/ISH-2445,20230908075306,2,,failure,220060
eCommerce-Ishbel/vue-component-ecom-quick-add/ISH-2445,20230908075443,3,,failure,189627
eCommerce-Ishbel/vue-component-ecom-quick-add/ISH-2445,20230908075641,4,,aborted,105701
eCommerce-Ishbel/vue-component-ecom-quick-add/ISH-2445,20230908075728,5,,aborted,75779
eCommerce-Ishbel/vue-component-ecom-quick-add/ISH-2445,20230908075848,6,,success,436144
eCommerce-Ishbel/vue-component-ecom-quick-add/ISH-2446,20230908082952,1,,success,331617
eCommerce-Ishbel/vue-component-ecom-quick-add/ISH-2470,20231005055053,1,,success,536113
eCommerce-Ishbel/vue-component-ecom-quick-add/ISH-2470,20231005060622,2,,success,551724
eCommerce-Ishbel/vue-component-ecom-quick-add/lint-fix,20230908140013,1,,success,679521
eCommerce-Ishbel/vue-component-ecom-quick-add/lint-fix,20230908141556,2,,success,488122
