eCommerce-Tunchu/edam-common-config/feature-add-deserial-config-update,20231005092648,1,,success,136309
eCommerce-Tunchu/edam-common-config/feature-add-deserial-config-update,20231005093321,2,,success,31170
eCommerce-Tunchu/edam-common-config/feature-add-edam-pack-deserial,20230922131225,1,,success,148879
eCommerce-Tunchu/edam-common-config/feature-add-edam-pack-deserial,20230922131522,2,,success,118368
eCommerce-Tunchu/edam-common-config/feature-fix-edam-filter-free-text-search,20230915073648,1,,success,34166
eCommerce-Tunchu/edam-common-config/feature-fix-edam-filter-free-text-search,20230915075357,2,,success,34695
eCommerce-Tunchu/edam-common-config/release,20230915073017,16,,aborted,5715
eCommerce-Tunchu/edam-common-config/release,20230922131146,17,,aborted,8358
eCommerce-Tunchu/edam-common-config/release,20231005092459,18,,aborted,7978
eCommerce-Tunchu/edam-end-to-end-tests/bkup-28sep-23,20230928000406,1,,failure,183788
eCommerce-Tunchu/edam-end-to-end-tests/bvt-integration,20230920075610,31,,success,819741
eCommerce-Tunchu/edam-end-to-end-tests/bvt-integration,20230923060925,32,,success,1412500
eCommerce-Tunchu/edam-end-to-end-tests/bvt-integration,20230923074212,33,,success,962750
eCommerce-Tunchu/edam-end-to-end-tests/bvt-integration,20230927021658,43,,success,668382
eCommerce-Tunchu/edam-end-to-end-tests/bvt-integration,20230927072426,44,,success,413467
eCommerce-Tunchu/edam-end-to-end-tests/bvt-integration,20230928000515,45,,failure,138449
eCommerce-Tunchu/edam-end-to-end-tests/bvt-integration,20230928025950,46,,failure,637224
eCommerce-Tunchu/edam-end-to-end-tests/bvt-integration,20230928030756,47,,failure,864902
eCommerce-Tunchu/edam-end-to-end-tests/bvt-integration,20230928041443,48,,failure,28680
eCommerce-Tunchu/edam-end-to-end-tests/bvt-integration,20230928063435,49,,failure,64622
eCommerce-Tunchu/edam-end-to-end-tests/bvt-integration,20230928071220,50,,failure,29540
eCommerce-Tunchu/edam-end-to-end-tests/bvt-integration,20230928085109,51,,failure,83915
eCommerce-Tunchu/edam-end-to-end-tests/bvt-integration,20230928085505,52,,success,801909
eCommerce-Tunchu/edam-end-to-end-tests/create-dummy-users,20230926224815,1,,success,391604
eCommerce-Tunchu/edam-prd-config/feature-add-wcm-edam-delta-integration-configs,20230922112818,1,,success,302099
eCommerce-Tunchu/edam-prd-config/feature-add-wcm-edam-delta-integration-configs,20230922125940,2,,success,208264
eCommerce-Tunchu/edam-prd-config/feature-add-wcm-edam-delta-integration-configs,20230927082858,3,,success,136820
eCommerce-Tunchu/edam-prd-config/feature-add-wcm-edam-delta-integration-configs,20230929075251,4,,success,84093
eCommerce-Tunchu/edam-prd-config/release,20230922112654,13,,aborted,6670
eCommerce-Tunchu/enterprise-dam/feature-fix-psd-thumbnail-issue,20230908114237,1,,success,266628
eCommerce-Tunchu/enterprise-dam/feature-fix-psd-thumbnail-issue,20230908121007,2,,failure,93115
eCommerce-Tunchu/enterprise-dam/local-deployment-bedrock-branch,20230921232319,1,,success,296304
eCommerce-Tunchu/enterprise-dam/local-deployment-bedrock-branch,20230921232435,2,,success,321462
eCommerce-Tunchu/enterprise-dam/TUN-1415,20230907214730,6,,failure,122806
eCommerce-Tunchu/enterprise-dam/TUN-1415,20230908063317,7,,failure,83555
eCommerce-Tunchu/enterprise-dam/TUN-1415,20230908063454,8,,failure,47180
eCommerce-Tunchu/enterprise-dam/TUN-1415,20230908064545,9,,failure,66644
eCommerce-Tunchu/enterprise-dam/TUN-1415,20230908143114,10,,unstable,271432
eCommerce-Tunchu/enterprise-dam/TUN-1415,20230911091447,11,,unstable,295565
eCommerce-Tunchu/enterprise-dam/TUN-1415,20230911091657,12,,unstable,333903
eCommerce-Tunchu/enterprise-dam/TUN-1415,20230912132409,13,,unstable,222649
eCommerce-Tunchu/enterprise-dam/TUN-1415,20230912143319,14,,unstable,218893
eCommerce-Tunchu/enterprise-dam/TUN-1415,20230913041814,15,,unstable,352547
eCommerce-Tunchu/enterprise-dam/TUN-1415,20230913084258,16,,unstable,322233
eCommerce-Tunchu/enterprise-dam/TUN-1415,20230913095015,17,,unstable,298233
eCommerce-Tunchu/enterprise-dam/TUN-1415,20230913221125,18,,unstable,337692
eCommerce-Tunchu/enterprise-dam/TUN-1415,20230914015037,19,,unstable,518938
eCommerce-Tunchu/enterprise-dam/TUN-1415,20230914104357,20,,unstable,307423
eCommerce-Tunchu/enterprise-dam/TUN-1415,20230914172735,21,,failure,104732
eCommerce-Tunchu/enterprise-dam/TUN-1415,20230915034229,22,,failure,94212
eCommerce-Tunchu/enterprise-dam/TUN-1415,20230918074105,23,,failure,163189
eCommerce-Tunchu/enterprise-dam/TUN-1415,20230918074526,24,,unstable,262005
eCommerce-Tunchu/enterprise-dam/TUN-1415,20230918093345,25,,failure,56704
eCommerce-Tunchu/enterprise-dam/TUN-1415,20230926011621,26,,failure,618982
eCommerce-Tunchu/enterprise-dam/TUN-1415,20230926110430,27,,failure,209109
eCommerce-Tunchu/enterprise-dam/TUN-1448,20230909042932,3,,success,210315
eCommerce-Tunchu/enterprise-dam/TUN-1448,20230911090916,4,,success,302930
