eCommerce-Shasta/credit-card-orchestration-service/release,20230925122206,7,,aborted,5558
eCommerce-Shasta/credit-card-orchestration-service/uat,20230914084623,1,,success,498065
eCommerce-Shasta/dp-baselogic/develop,20231004231430,17,,success,3150624
eCommerce-Shasta/dp-baselogic/develop,20231005013230,18,,success,3252715
eCommerce-Shasta/dp-baselogic/develop-bkp-5Oct23,20231004220933,1,,success,2872022
eCommerce-Shasta/dp-baselogic/PM-12920,20231004092951,1,,success,3046080
eCommerce-Shasta/dp-baselogic/PM-12920,20231004223959,2,,success,2698835
eCommerce-Shasta/dp-baselogic/PM-12920,20231005005557,3,,success,3201178
eCommerce-Shasta/dp-baselogic/PM-12920,20231005032652,4,,success,2728456
eCommerce-Shasta/dp-baselogic/PM-12920,20231005032736,5,,unstable,2648284
eCommerce-Shasta/dp-baselogic/PM-12920,20231005190711,6,,success,2755312
eCommerce-Shasta/dp-baselogic/PM-12920-2318,20231005013456,1,,success,2859618
eCommerce-Shasta/dp-baselogic/PM-12920-bkp,20231005032042,1,,success,2774204
eCommerce-Shasta/dp-baselogic/PM-17686,20230920115814,1,,success,3611503
eCommerce-Shasta/dp-baselogic/PM-18044,20230925111622,1,,failure,2883461
eCommerce-Shasta/dp-baselogic/pm-18060,20231002155844,1,,failure,1560994
eCommerce-Shasta/dp-baselogic/pm-18060,20231002160242,2,,failure,1671207
eCommerce-Shasta/dp-baselogic/pm-18060,20231002162452,3,,success,2847328
eCommerce-Shasta/dp-baselogic/pm-18060,20231002164034,4,,success,2802499
eCommerce-Shasta/dp-baselogic/pm-18060,20231003082816,5,,success,3424792
eCommerce-Shasta/dp-baselogic/pm-18060,20231003082836,6,,success,2485995
eCommerce-Shasta/dp-baselogic/PM-18060-23.18,20231003083047,1,,failure,2408780
eCommerce-Shasta/dp-baselogic/PM-18060-23.18,20231003083120,2,,failure,2378856
eCommerce-Shasta/dp-baselogic/RM-37750,20230912172249,1,,success,3566248
eCommerce-Shasta/dp-baselogic/RM-37750-br,20230913083451,1,,success,2808483
eCommerce-Shasta/dp-baselogic/RM-37750-br,20230913104357,2,,success,2835355
eCommerce-Shasta/dp-baselogic/RM-37750-br,20230913143943,3,,success,2720354
eCommerce-Shasta/dp-baselogic/RM-37810,20230913175043,1,,success,2623325
eCommerce-Shasta/dp-sites/SHASTA-develop,20231005013045,61,,aborted,758617
eCommerce-Shasta/dp-sites/SHASTA-develop,20231005023332,62,,success,3411337
eCommerce-Shasta/ecom-app-content/PM-18104,20230927201347,1,,success,496948
eCommerce-Shasta/ecom-app-customer/develop,20230912011338,4,,unstable,660364
eCommerce-Shasta/ecom-app-customer/develop,20230912022956,5,,success,769879
eCommerce-Shasta/ecom-app-customer/develop,20231003085715,6,,success,481558
eCommerce-Shasta/ecom-app-customer/develop,20231003091337,7,,success,458541
eCommerce-Shasta/ecom-app-customer/develop,20231005044409,8,,success,474007
eCommerce-Shasta/ecom-app-customer/develop,20231005064648,9,,success,533661
eCommerce-Shasta/ecom-app-customer/develop,20231005091723,10,,success,484205
eCommerce-Shasta/ecom-app-customer/develop,20231005095857,11,,success,530552
eCommerce-Shasta/ecom-app-customer/develop,20231005175043,12,,success,1238193
eCommerce-Shasta/ecom-app-customer/develop_bkp_12Sept23,20230912011321,1,,failure,630764
eCommerce-Shasta/ecom-app-customer/PM-18104,20230927200453,1,,success,751049
eCommerce-Shasta/ecom-app-customer/PM-18104,20230927201016,2,,failure,454136
eCommerce-Shasta/ecom-app-customer/PM-18104,20230927214500,3,,success,937274
eCommerce-Shasta/ecom-app-customer/RM-37743,20230912021653,1,,success,644186
eCommerce-Shasta/ecom-app-customer/RM-37743,20230912034102,2,,success,562131
eCommerce-Shasta/ecom-app-customer/SHSTA-8948-8947,20231006074056,1,,success,479210
eCommerce-Shasta/ecom-app-global/develop,20231003152305,7,,success,1809347
eCommerce-Shasta/ecom-app-global/develop,20231003152428,8,,success,1189418
eCommerce-Shasta/ecom-app-global/develop,20231005123007,9,,success,681198
eCommerce-Shasta/ecom-app-global/SHSTA-8949,20231003151329,1,,success,951308
eCommerce-Shasta/ecom-app-global/SHSTA-8949,20231003152214,2,,success,757463
eCommerce-Shasta/ecom-app-global/SHSTA-8949,20231003161246,3,,success,628332
eCommerce-Shasta/ecom-app-global/SHSTA-8949,20231003161312,4,,success,806866
eCommerce-Shasta/ecom-app-global/SHSTA-8949,20231004135847,5,,unstable,676463
eCommerce-Shasta/ecom-app-global/SHSTA-8949,20231004141919,6,,success,637388
eCommerce-Shasta/ecom-app-global/SHSTA-8949,20231005045707,7,,success,855168
eCommerce-Shasta/ecom-app-global/SHSTA-8949,20231005113849,8,,success,886404
eCommerce-Shasta/ecom-app-order-servicing/develop,20230928072229,19,,success,654063
eCommerce-Shasta/ecom-app-order-servicing/develop,20230928083033,20,,success,833994
eCommerce-Shasta/ecom-app-order-servicing/PM-18104,20230927201905,1,,failure,344959
eCommerce-Shasta/ecom-app-order-servicing/PM-18104,20230928065133,2,,success,477395
eCommerce-Shasta/ecom-app-phygital/PM-18104,20230927213421,1,,success,568996
eCommerce-Shasta/ecom-app-product/PM-18104,20230926113752,1,,success,1030370
eCommerce-Shasta/ecom-app-product/PM-18104,20230927134535,2,,success,1468367
eCommerce-Shasta/ecom-app-product/PM-18104,20230927151010,3,,success,1391706
eCommerce-Shasta/ecom-app-product/PM-18104,20230927160629,4,,success,1096466
eCommerce-Shasta/ecom-app-product/PM-18104,20230927183459,5,,success,1136084
eCommerce-Shasta/ecom-app-product/PM-18104,20230927195855,6,,success,1439693
eCommerce-Shasta/ecom-app-registry/PM-18104,20230927202807,1,,success,585049
eCommerce-Shasta/ecom-app-shop/PM-18104,20230927204223,1,,success,1558812
eCommerce-Shasta/ecom-svc-catalog/HLFD-1701-PC,20230907232057,6,,unstable,614820
eCommerce-Shasta/ecom-svc-catalog/HLFD-1701-PC,20230907234008,7,,unstable,515251
eCommerce-Shasta/ecom-svc-catalog/HLFD-1701-PC,20230918033126,8,,success,543242
eCommerce-Shasta/ecom-svc-catalog/PM-18044,20230924224629,1,,failure,272607
eCommerce-Shasta/ecom-svc-catalog/PM-18044,20230925003304,2,,success,732782
eCommerce-Shasta/ecom-svc-catalog/release,20230908102035,8,,aborted,9812
eCommerce-Shasta/ecom-svc-catalog-webapp/develop,20230907235239,1,,failure,680506
eCommerce-Shasta/ecom-svc-catalog-webapp/develop,20230915061842,2,,failure,1020911
eCommerce-Shasta/ecom-svc-catalog-webapp/develop,20230915061923,3,,failure,1161001
eCommerce-Shasta/ecom-svc-catalog-webapp/develop,20230918140154,4,,failure,634349
eCommerce-Shasta/ecom-svc-catalog-webapp/develop,20230918213027,5,,failure,761857
eCommerce-Shasta/ecom-svc-catalog-webapp/develop,20230920030635,6,,failure,900886
eCommerce-Shasta/ecom-svc-catalog-webapp/develop,20230920043503,7,,failure,956454
eCommerce-Shasta/ecom-svc-catalog-webapp/develop,20230920051640,8,,failure,1597279
eCommerce-Shasta/ecom-svc-catalog-webapp/develop,20230920102928,9,,aborted,926081
eCommerce-Shasta/ecom-svc-catalog-webapp/develop,20230920104448,10,,failure,685088
eCommerce-Shasta/ecom-svc-catalog-webapp/develop,20230920105955,11,,failure,547142
eCommerce-Shasta/ecom-svc-catalog-webapp/develop,20230920232308,12,,failure,1484564
eCommerce-Shasta/ecom-svc-catalog-webapp/develop,20230920232941,13,,failure,1696345
eCommerce-Shasta/ecom-svc-catalog-webapp/develop,20230921000830,14,,failure,1437941
eCommerce-Shasta/ecom-svc-catalog-webapp/develop_bkp_15Sep23,20230915061827,1,,success,1213953
eCommerce-Shasta/ecom-svc-catalog-webapp/develop_bkp_15Sep23,20230920064631,2,,failure,689811
eCommerce-Shasta/ecom-svc-catalog-webapp/develop_bkp_15Sep23,20230920101050,3,,success,944015
eCommerce-Shasta/ecom-svc-catalog-webapp/develop_bkp_15Sep23,20230920234828,4,,success,819905
eCommerce-Shasta/ecom-svc-catalog-webapp/develop_bkp_15Sep23,20230921122225,5,,failure,891392
eCommerce-Shasta/ecom-svc-catalog-webapp/HLFD-1701-PC,20230907234545,12,,failure,112360
eCommerce-Shasta/ecom-svc-catalog-webapp/HLFD-1701-PC,20230908004112,13,,failure,82430
eCommerce-Shasta/ecom-svc-catalog-webapp/HLFD-1701-PC,20230918035717,14,,failure,172642
eCommerce-Shasta/ecom-svc-catalog-webapp/HLFD-1701-PC,20230918041317,15,,failure,106888
eCommerce-Shasta/ecom-svc-catalog-webapp/HLFD-1701-PC,20230921060753,16,,failure,519949
eCommerce-Shasta/ecom-svc-catalog-webapp/HLFD-1701-PC,20231004073428,17,,failure,94912
eCommerce-Shasta/ecom-svc-catalog-webapp/HLFD-1701-PC,20231004074512,18,,failure,91756
eCommerce-Shasta/ecom-svc-catalog-webapp/HLFD-1701-PC,20231004223013,19,,failure,87304
eCommerce-Shasta/ecom-svc-catalog-webapp/HLFD-1701-PC-Bkup-5-Oct,20231004225045,1,,failure,67161
eCommerce-Shasta/ecom-svc-catalog-webapp/HLFD-1701-PC-Bkup-5-Oct,20231004225600,2,,failure,73418
eCommerce-Shasta/ecom-svc-catalog-webapp/HLFD-1701-PC-Bkup-5-Oct,20231005000844,3,,failure,3537250
eCommerce-Shasta/ecom-svc-catalog-webapp/HLFD-1701-PC-Bkup-5-Oct,20231005010247,4,,failure,3700812
eCommerce-Shasta/ecom-svc-catalog-webapp/HLFD-1701-PC-Bkup-5-Oct,20231005225616,5,,failure,3692790
eCommerce-Shasta/ecom-svc-catalog-webapp/HLFD-1701-PC-Bkup-5-Oct,20231005233313,6,,failure,3648513
eCommerce-Shasta/ecom-svc-catalog-webapp/HLFD-1701-PC-Bkup-5-Oct,20231006032527,7,,failure,66055
eCommerce-Shasta/ecom-svc-catalog-webapp/HLFD-1701-PC-Bkup-5-Oct,20231006032805,8,,failure,92239
eCommerce-Shasta/ecom-svc-catalog-webapp/HLFD-1701-PC-Bkup-5-Oct,20231006033211,9,,failure,97747
eCommerce-Shasta/ecom-svc-catalog-webapp/HLFD-1701-PC-Bkup-5-Oct,20231006034057,10,,failure,81319
eCommerce-Shasta/ecom-svc-catalog-webapp/HLFD-1701-PC-Bkup-5-Oct,20231006050018,11,,failure,3714465
eCommerce-Shasta/ecom-svc-catalog-webapp/HLFD-1701-PC-Bkup-5-Oct,20231006051045,12,,failure,668630
eCommerce-Shasta/ecom-svc-catalog-webapp/master,20231004044811,1,,success,943743
eCommerce-Shasta/ecom-svc-catalog-webapp/PM-17814,20230922102006,1,,failure,2204739
eCommerce-Shasta/ecom-svc-catalog-webapp/PM-18044,20230925050051,1,,failure,103551
eCommerce-Shasta/ecom-svc-catalog-webapp/releaase-bkp-20Sept23,20230920050335,1,,failure,1036364
eCommerce-Shasta/ecom-svc-catalog-webapp/release,20230907235206,4,,aborted,6654
eCommerce-Shasta/ecom-svc-catalog-webapp/release,20230908102425,5,,aborted,6413
eCommerce-Shasta/ecom-svc-catalog-webapp/release,20230920050355,6,,aborted,10954
eCommerce-Shasta/ecom-svc-catalog-webapp/release,20231004044751,7,,aborted,7782
eCommerce-Shasta/ecom-svc-delivery-estimate/bopis-atp-calls,20230915042346,1,,success,310648
eCommerce-Shasta/ecom-svc-delivery-estimate/bopis-atp-calls,20230915062208,2,,success,311223
eCommerce-Shasta/ecom-svc-delivery-estimate/bopis-atp-calls,20230915075027,3,,success,157945
eCommerce-Shasta/ecom-svc-delivery-estimate/develop,20230915042143,1,,success,383022
eCommerce-Shasta/ecom-svc-delivery-estimate/PM-18044,20230925032906,1,,failure,334108
eCommerce-Shasta/ecom-svc-phygital/PM-18022,20230919093755,1,,success,221771
eCommerce-Shasta/ecom-svc-phygital/PM-18022,20230919143023,2,,success,320469
eCommerce-Shasta/ecom-svc-phygital/PM-18022,20230919144213,3,,success,427188
eCommerce-Shasta/ecom-svc-phygital/PM-18022,20230919153725,4,,success,231192
eCommerce-Shasta/ecom-svc-phygital/PM-18022,20230919164856,5,,success,298285
eCommerce-Shasta/inventory/develop,20230920074928,15,,failure,1932016
eCommerce-Shasta/inventory/develop_bkp_20Sept23,20230920074913,1,,success,1392289
eCommerce-Shasta/inventory/HLFD-1701-PC,20230907213120,50,,failure,1168507
eCommerce-Shasta/inventory/HLFD-1701-PC,20230907225629,51,,success,1232885
eCommerce-Shasta/inventory/HLFD-1701-PC,20230914052202,52,,success,1675437
eCommerce-Shasta/inventory/HLFD-1701-PC,20230914201536,53,,failure,134327
eCommerce-Shasta/inventory/HLFD-1701-PC,20230914202414,54,,failure,102146
eCommerce-Shasta/inventory/HLFD-1701-PC,20230914202812,55,,failure,179991
eCommerce-Shasta/inventory/HLFD-1701-PC,20230914203406,56,,failure,381855
eCommerce-Shasta/inventory/HLFD-1701-PC,20230914211754,57,,failure,1034483
eCommerce-Shasta/inventory/HLFD-1701-PC,20230914213034,58,,success,1421807
eCommerce-Shasta/inventory/HLFD-1701-PC,20230917215121,59,,success,1459160
eCommerce-Shasta/inventory/HLFD-1701-PC,20230917220455,60,,failure,147426
eCommerce-Shasta/inventory/HLFD-1701-PC,20230917221712,61,,failure,1122356
eCommerce-Shasta/inventory/HLFD-1701-PC,20230917231809,62,,failure,1028982
eCommerce-Shasta/inventory/HLFD-1701-PC,20230918042745,63,,unstable,1709804
eCommerce-Shasta/inventory/HLFD-1701-PC,20230920014709,64,,failure,169050
eCommerce-Shasta/inventory/HLFD-1701-PC,20230920015125,65,,success,1392344
eCommerce-Shasta/inventory/HLFD-1701-PC,20230920030945,66,,failure,1495076
eCommerce-Shasta/inventory/HLFD-1701-PC,20230920215822,67,,failure,147321
eCommerce-Shasta/inventory/HLFD-1701-PC,20230920220432,68,,failure,1825607
eCommerce-Shasta/inventory/HLFD-1701-PC,20230921000904,69,,unstable,2289143
eCommerce-Shasta/inventory/HLFD-1701-PC,20230921050008,70,,unstable,2032941
eCommerce-Shasta/inventory/HLFD-1701-PC,20230921062734,71,,unstable,3079177
eCommerce-Shasta/inventory/HLFD-1701-PC,20230922043338,72,,unstable,1842024
eCommerce-Shasta/inventory/HLFD-1701-PC-bkup-18-Sep,20230917215049,1,,success,1514036
eCommerce-Shasta/inventory/PM-18044,20230920074955,1,,failure,195870
eCommerce-Shasta/inventory/PM-18044,20230920083916,2,,success,1382865
eCommerce-Shasta/inventory/PM-18044,20230920105932,3,,failure,906736
eCommerce-Shasta/inventory/PM-18044,20230920231148,4,,failure,1229861
eCommerce-Shasta/inventory/PM-18044,20230921123855,5,,success,1262272
eCommerce-Shasta/inventory/PM-18044,20230921202408,6,,success,1154924
eCommerce-Shasta/inventory/PM-18044,20230924230851,7,,failure,1212842
eCommerce-Shasta/vue-component-ecom-account/SHSTA-8948,20231005111752,1,,success,649508
eCommerce-Shasta/vue-component-ecom-account/SHSTA-8948,20231005113425,2,,success,567128
eCommerce-Shasta/vue-component-ecom-account/SHSTA-8948-review,20231003073819,1,,failure,26888
eCommerce-Shasta/vue-component-ecom-account/SHSTA-8948-review,20231003074646,2,,failure,191996
eCommerce-Shasta/vue-component-ecom-account/SHSTA-8948-review,20231003075331,3,,success,645200
eCommerce-Shasta/vue-component-ecom-account/SHSTA-8948-review,20231003081607,4,,success,553784
eCommerce-Shasta/vue-component-ecom-account/SHSTA-8948-review,20231004141548,5,,success,384925
eCommerce-Shasta/vue-component-ecom-account/SHSTA-8948-review,20231005062829,6,,success,544113
eCommerce-Shasta/vue-component-ecom-account/SHSTA-8948-review,20231005080143,7,,failure,303412
eCommerce-Shasta/vue-component-ecom-account/SHSTA-8948-review,20231005090214,8,,success,517432
eCommerce-Shasta/vue-component-ecom-account/SHSTA-8948-review,20231005094611,9,,success,510833
eCommerce-Shasta/vue-component-ecom-design-chat/PM-18104,20230926104854,1,,failure,216523
eCommerce-Shasta/vue-component-ecom-design-chat/PM-18104,20230926110212,2,,success,286704
eCommerce-Shasta/vue-component-ecom-design-chat/PM-18104-2.3.x,20230927175033,1,,failure,83246
eCommerce-Shasta/vue-component-ecom-design-chat/PM-18104-2.3.x,20230927175210,2,,failure,72028
eCommerce-Shasta/vue-component-ecom-design-chat/PM-18104-2.3.x,20230927181621,3,,success,210277
eCommerce-Shasta/wsi-b2b/allow_percent_in_email,20230922152248,1,,failure,2182732
eCommerce-Shasta/wsi-b2b/allow_percent_in_email,20230922152537,2,,failure,2512462
eCommerce-Shasta/wsi-b2b/allow_percent_in_email,20230922152639,3,,failure,3116075
eCommerce-Shasta/wsi-b2b/allow_percent_in_email,20231004131829,4,,success,455635
eCommerce-Shasta/wsi-b2b/allow_percent_in_email,20231004132838,5,,success,459719
eCommerce-Shasta/wsi-b2b/develop,20230924222139,2,,success,548976
eCommerce-Shasta/wsi-b2b/develop,20230926215413,3,,failure,335498
eCommerce-Shasta/wsi-b2b/develop,20230926220525,4,,failure,401613
eCommerce-Shasta/wsi-b2b/develop,20230927021751,5,,success,1022116
eCommerce-Shasta/wsi-b2b/develop,20230927024528,6,,success,549634
eCommerce-Shasta/wsi-b2b/develop,20230928232116,7,,success,472292
eCommerce-Shasta/wsi-b2b/develop,20230929024251,8,,failure,295452
eCommerce-Shasta/wsi-b2b/develop,20230929024944,9,,success,407987
eCommerce-Shasta/wsi-b2b/develop,20230929060851,10,,success,667819
eCommerce-Shasta/wsi-b2b/develop,20230929215032,11,,success,631765
eCommerce-Shasta/wsi-b2b/develop,20230930000816,12,,success,601668
eCommerce-Shasta/wsi-b2b/develop,20230930003616,13,,success,670092
eCommerce-Shasta/wsi-b2b/develop,20230930021635,14,,success,503811
eCommerce-Shasta/wsi-b2b/develop,20230930021712,15,,success,476305
eCommerce-Shasta/wsi-b2b/develop,20230930022841,16,,success,435932
eCommerce-Shasta/wsi-b2b/develop,20231002211914,17,,success,461237
eCommerce-Shasta/wsi-b2b/develop,20231003105151,18,,success,707682
eCommerce-Shasta/wsi-b2b/log_fix,20231005154711,1,,success,462974
eCommerce-Shasta/wsi-b2b/log_fix,20231005155613,2,,success,414806
eCommerce-Shasta/wsi-b2b/log_fix,20231005161009,3,,success,435522
eCommerce-Shasta/wsi-b2b/percent_fix,20231005152756,1,,success,418162
eCommerce-Shasta/wsi-b2b/percent_fix,20231005154629,2,,success,881885
eCommerce-Shasta/wsi-b2b/PM-17969,20230930013351,1,,success,611092
eCommerce-Shasta/wsi-b2b/PM-17969,20230930013915,2,,success,506777
eCommerce-Shasta/wsi-b2b/PM-17969,20231002205731,3,,success,467121
eCommerce-Shasta/wsi-b2b/PM-17973,20230920144607,1,,failure,392612
eCommerce-Shasta/wsi-b2b/PM-17973,20230920145408,2,,failure,301897
eCommerce-Shasta/wsi-b2b/PM-17973,20230920150031,3,,failure,544668
eCommerce-Shasta/wsi-b2b/PM-17973,20230920151308,4,,failure,787904
eCommerce-Shasta/wsi-b2b/PM-17973,20230922083512,5,,failure,398560
eCommerce-Shasta/wsi-b2b/PM-17973,20230922120034,6,,failure,856170
eCommerce-Shasta/wsi-b2b/PM-17973,20230922121058,7,,failure,776080
eCommerce-Shasta/wsi-b2b/PM-17973,20231004160858,8,,success,1033382
eCommerce-Shasta/wsi-b2b/PM-17973,20231004172818,9,,success,979188
eCommerce-Shasta/wsi-b2b/PM-17973,20231005115147,10,,success,1308752
eCommerce-Shasta/wsi-b2b/PM-17973,20231005134717,11,,unstable,1560183
eCommerce-Shasta/wsi-b2b/PM-17973,20231005135033,12,,success,937675
eCommerce-Shasta/wsi-b2b/PM-17973,20231005135358,13,,success,949238
eCommerce-Shasta/wsi-b2b/PM-17973,20231005135619,14,,success,947091
eCommerce-Shasta/wsi-b2b/PM-17973,20231005141556,15,,failure,2828721
eCommerce-Shasta/wsi-b2b/release,20230924221927,5,,aborted,13548
