eCommerce-Cazadero/ecom-app-product/assortment,20231005113203,1,,failure,539279
eCommerce-Cazadero/ecom-app-product/assortment,20231005132258,2,,success,674513
eCommerce-Cazadero/ecom-app-product/assortment,20231006004409,3,,unstable,689371
eCommerce-Cazadero/ecom-svc-catalog/env-qa5,20230918124119,39,,success,781357
eCommerce-Cazadero/ecom-svc-catalog/env-qa5,20230919144358,40,,success,2231662
eCommerce-Cazadero/ecom-svc-catalog/env-qa5,20230919144621,41,,unstable,656196
eCommerce-Cazadero/ecom-svc-catalog/env-qa5,20230922091716,42,,success,739379
eCommerce-Cazadero/ecom-svc-catalog/env-qa5,20230922091752,43,,failure,1377201
eCommerce-Cazadero/ecom-svc-catalog/env-qa5,20231004090020,44,,success,558085
eCommerce-Cazadero/ecom-svc-catalog/env-qa5-backup-100423,20231004085941,1,,success,584625
eCommerce-Cazadero/ecom-svc-catalog/env-qa5-backup-230922,20230922090035,1,,success,1116393
eCommerce-Cazadero/ecom-svc-catalog/fix-flag-service-issues,20230911111630,1,,failure,238125
eCommerce-Cazadero/ecom-svc-catalog/fix-flag-service-issues,20230911121757,2,,failure,364871
eCommerce-Cazadero/ecom-svc-catalog/fix-flag-service-issues,20230911121828,3,,failure,219571
eCommerce-Cazadero/ecom-svc-catalog/fix-flag-service-issues,20230911130127,4,,success,516888
eCommerce-Cazadero/ecom-svc-catalog/fix-flag-service-issues,20230911132807,5,,success,488141
eCommerce-Cazadero/ecom-svc-catalog/fix-flag-service-issues,20230912144752,6,,unstable,785824
eCommerce-Cazadero/ecom-svc-catalog/fix-flag-service-issues,20230918123535,7,,unstable,683591
eCommerce-Cazadero/ecom-svc-catalog/fix-flag-service-issues,20230918130244,8,,unstable,546049
eCommerce-Cazadero/ecom-svc-catalog/fix-flag-service-issues,20230920233854,9,,unstable,677909
eCommerce-Cazadero/ecom-svc-catalog/fix-flag-service-issues,20230925120110,10,,success,625893
eCommerce-Cazadero/ecom-svc-catalog/fix-flag-service-issues-backup-230925,20230925020437,1,,success,1261788
eCommerce-Cazadero/ecom-svc-catalog/flag-service-v2,20231005011527,1,,success,593792
eCommerce-Cazadero/ecom-svc-catalog/flag-service-v2,20231005120558,2,,failure,351333
eCommerce-Cazadero/ecom-svc-catalog/flag-service-v2,20231005120843,3,,failure,223625
eCommerce-Cazadero/ecom-svc-catalog/flag-service-v2,20231005122153,4,,success,591921
eCommerce-Cazadero/ecom-svc-catalog/flag-service-v2,20231006022608,5,,success,516159
eCommerce-Cazadero/ecom-svc-catalog/flag-service-v2,20231006110435,6,,failure,274667
eCommerce-Cazadero/ecom-svc-catalog/flag-service-v2,20231006111814,7,,success,519165
eCommerce-Cazadero/ecom-svc-catalog/flag-service-v2,20231006122636,8,,unstable,552976
eCommerce-Cazadero/ecom-svc-catalog/flag-service-v2,20231006125307,9,,unstable,576251
eCommerce-Cazadero/ecom-svc-catalog-webapp/env-qa5-100223,20231002114641,1,,failure,732116
eCommerce-Cazadero/ecom-svc-catalog-webapp/env-qa5,20230908053409,348,,unstable,968398
eCommerce-Cazadero/ecom-svc-catalog-webapp/env-qa5,20230910233047,349,,failure,747886
eCommerce-Cazadero/ecom-svc-catalog-webapp/env-qa5,20230910234343,350,,failure,630914
eCommerce-Cazadero/ecom-svc-catalog-webapp/env-qa5,20230910235621,351,,failure,716270
eCommerce-Cazadero/ecom-svc-catalog-webapp/env-qa5,20230911135314,352,,aborted,206726
eCommerce-Cazadero/ecom-svc-catalog-webapp/env-qa5,20230911222056,353,,failure,1019177
eCommerce-Cazadero/ecom-svc-catalog-webapp/env-qa5,20230911223818,354,,unstable,812468
eCommerce-Cazadero/ecom-svc-catalog-webapp/env-qa5,20230912152901,355,,failure,675129
eCommerce-Cazadero/ecom-svc-catalog-webapp/env-qa5,20230912154243,356,,unstable,944124
eCommerce-Cazadero/ecom-svc-catalog-webapp/env-qa5,20230920040906,357,,failure,1230074
eCommerce-Cazadero/ecom-svc-catalog-webapp/env-qa5,20230920060755,358,,aborted,697289
eCommerce-Cazadero/ecom-svc-catalog-webapp/env-qa5,20230920060859,359,,aborted,659191
eCommerce-Cazadero/ecom-svc-catalog-webapp/env-qa5,20230920061811,360,,failure,816331
eCommerce-Cazadero/ecom-svc-catalog-webapp/env-qa5,20230920063234,361,,failure,1018948
eCommerce-Cazadero/ecom-svc-catalog-webapp/env-qa5,20230920064959,362,,success,957878
eCommerce-Cazadero/ecom-svc-catalog-webapp/env-qa5,20230922092822,363,,success,1428292
eCommerce-Cazadero/ecom-svc-catalog-webapp/env-qa5,20230925122957,364,,success,1064455
eCommerce-Cazadero/ecom-svc-catalog-webapp/env-qa5,20230926071742,365,,success,1011799
eCommerce-Cazadero/ecom-svc-catalog-webapp/env-qa5,20231002114750,366,,failure,782165
eCommerce-Cazadero/ecom-svc-catalog-webapp/env-qa5,20231002135845,367,,failure,818651
eCommerce-Cazadero/ecom-svc-catalog-webapp/env-qa5,20231004091324,368,,success,952284
eCommerce-Cazadero/ecom-svc-catalog-webapp/env-qa5-backup-230920,20230920060406,1,,failure,344881
eCommerce-Cazadero/ecom-svc-catalog-webapp/env-qa5-backup-230922,20230922092530,1,,success,503893859
eCommerce-Cazadero/ecom-svc-catalog-webapp/gen-pinning-feature,20230911225404,1,,success,792791
eCommerce-Cazadero/ecom-svc-catalog-webapp/gen-pinning-feature,20230920234409,2,,failure,1055775
eCommerce-Cazadero/ecom-svc-catalog-webapp/gen-pinning-feature,20230920234502,3,,failure,1061570
eCommerce-Cazadero/ecom-svc-catalog-webapp/holiday-messaging,20231002082355,1,,failure,711043
eCommerce-Cazadero/ecom-svc-catalog-webapp/holiday-messaging,20231002083911,2,,failure,725324
